ISO-10303-21;
HEADER;
FILE_DESCRIPTION (( 'STEP AP214' ),
    '1' );
FILE_NAME ('PTCF-V-T-R.STEP',
    '2026-03-31T15:39:24',
    ( '' ),
    ( '' ),
    'SwSTEP 2.0',
    'SolidWorks 2021',
    '' );
FILE_SCHEMA (( 'AUTOMOTIVE_DESIGN' ));
ENDSEC;

DATA;
#1 = ORIENTED_EDGE ( 'NONE', *, *, #6030, .T. ) ;
#2 = DIRECTION ( 'NONE',  ( -1.000000000000000000, -7.228014483236692611E-16, -0.000000000000000000 ) ) ;
#3 =( NAMED_UNIT ( * ) PLANE_ANGLE_UNIT ( ) SI_UNIT ( $, .RADIAN. ) );
#4 = EDGE_CURVE ( 'NONE', #2973, #4295, #1620, .T. ) ;
#5 = VERTEX_POINT ( 'NONE', #4027 ) ;
#6 = FACE_OUTER_BOUND ( 'NONE', #3442, .T. ) ;
#7 = AXIS2_PLACEMENT_3D ( 'NONE', #4104, #166, #101 ) ;
#8 = CARTESIAN_POINT ( 'NONE',  ( 2.350000000000000533, -0.5954946213070567707, 0.2000000000000000111 ) ) ;
#9 = EDGE_CURVE ( 'NONE', #2256, #1542, #5996, .T. ) ;
#10 = CIRCLE ( 'NONE', #2627, 0.1743116558491779877 ) ;
#11 = MECHANICAL_DESIGN_GEOMETRIC_PRESENTATION_REPRESENTATION (  '', ( #3841 ), #334 ) ;
#12 = AXIS2_PLACEMENT_3D ( 'NONE', #545, #127, #6122 ) ;
#13 = SURFACE_STYLE_USAGE ( .BOTH. , #2878 ) ;
#14 = EDGE_CURVE ( 'NONE', #5179, #2768, #5456, .T. ) ;
#15 = DIRECTION ( 'NONE',  ( -7.442719519967450478E-15, -1.000000000000000000, 0.000000000000000000 ) ) ;
#16 = VERTEX_POINT ( 'NONE', #3502 ) ;
#17 = CYLINDRICAL_SURFACE ( 'NONE', #2479, 0.1895074269560790003 ) ;
#18 = DIRECTION ( 'NONE',  ( 0.000000000000000000, 0.000000000000000000, -1.000000000000000000 ) ) ;
#19 = FILL_AREA_STYLE ('',( #6119 ) ) ;
#20 = VERTEX_POINT ( 'NONE', #6029 ) ;
#21 = PRESENTATION_STYLE_ASSIGNMENT (( #2874 ) ) ;
#22 = CIRCLE ( 'NONE', #3755, 0.1000000000000000472 ) ;
#23 = ORIENTED_EDGE ( 'NONE', *, *, #851, .T. ) ;
#24 = CARTESIAN_POINT ( 'NONE',  ( 2.166808320000790378, -1.388146906716230200, 1.670000000000000151 ) ) ;
#25 =( LENGTH_UNIT ( ) NAMED_UNIT ( * ) SI_UNIT ( .MILLI., .METRE. ) );
#26 = DIRECTION ( 'NONE',  ( 1.000000000000000000, 0.000000000000000000, 0.000000000000000000 ) ) ;
#27 = ORIENTED_EDGE ( 'NONE', *, *, #1664, .F. ) ;
#28 = ORIENTED_EDGE ( 'NONE', *, *, #5452, .T. ) ;
#29 = AXIS2_PLACEMENT_3D ( 'NONE', #3267, #5812, #5882 ) ;
#30 = EDGE_CURVE ( 'NONE', #1340, #3878, #447, .T. ) ;
#31 = FILL_AREA_STYLE_COLOUR ( '', #5547 ) ;
#32 = CARTESIAN_POINT ( 'NONE',  ( 2.214855333278670013, 1.473734927972049968, 0.9360832168907079476 ) ) ;
#33 = LINE ( 'NONE', #6390, #377 ) ;
#34 = SURFACE_STYLE_FILL_AREA ( #519 ) ;
#35 = PRESENTATION_LAYER_ASSIGNMENT (  '', '', ( #1726 ) ) ;
#36 = PRESENTATION_STYLE_ASSIGNMENT (( #4502 ) ) ;
#37 = ORIENTED_EDGE ( 'NONE', *, *, #1384, .F. ) ;
#38 = VERTEX_POINT ( 'NONE', #2065 ) ;
#39 = CARTESIAN_POINT ( 'NONE',  ( -2.166808320000790378, 1.551945271034630203, 1.670000000000000151 ) ) ;
#40 = PLANE ( 'NONE',  #5742 ) ;
#41 = DIRECTION ( 'NONE',  ( 1.000000000000000000, 0.000000000000000000, 0.000000000000000000 ) ) ;
#42 = ORIENTED_EDGE ( 'NONE', *, *, #4379, .F. ) ;
#43 = LINE ( 'NONE', #5472, #2532 ) ;
#44 = CARTESIAN_POINT ( 'NONE',  ( -2.950000000000000178, 1.104505378692939743, 0.000000000000000000 ) ) ;
#45 = CARTESIAN_POINT ( 'NONE',  ( 1.198636379818660114, 1.750000000000000000, 0.9912762577585830792 ) ) ;
#46 = EDGE_CURVE ( 'NONE', #1188, #809, #1011, .T. ) ;
#47 = EDGE_CURVE ( 'NONE', #3878, #1693, #2441, .T. ) ;
#48 = DIRECTION ( 'NONE',  ( 0.000000000000000000, 1.000000000000000000, 0.000000000000000000 ) ) ;
#49 = CARTESIAN_POINT ( 'NONE',  ( 0.6550263814446110056, -0.5225374338180610589, 1.670000000000000151 ) ) ;
#50 = ORIENTED_EDGE ( 'NONE', *, *, #1200, .F. ) ;
#51 = DIRECTION ( 'NONE',  ( 0.000000000000000000, 0.000000000000000000, -1.000000000000000000 ) ) ;
#52 = DIRECTION ( 'NONE',  ( 1.000000000000000000, 0.000000000000000000, 0.000000000000000000 ) ) ;
#53 =( LENGTH_UNIT ( ) NAMED_UNIT ( * ) SI_UNIT ( .MILLI., .METRE. ) );
#54 = DIRECTION ( 'NONE',  ( 0.000000000000000000, -1.000000000000000000, 0.000000000000000000 ) ) ;
#55 = ORIENTED_EDGE ( 'NONE', *, *, #1940, .T. ) ;
#56 = DIRECTION ( 'NONE',  ( 0.000000000000000000, 0.000000000000000000, 1.000000000000000000 ) ) ;
#57 = EDGE_CURVE ( 'NONE', #2786, #238, #3436, .T. ) ;
#58 = DIRECTION ( 'NONE',  ( -1.000000000000000000, 0.000000000000000000, 0.000000000000000000 ) ) ;
#59 = CARTESIAN_POINT ( 'NONE',  ( -1.135441809735770136, 1.657498726640149966, 1.594999999999999973 ) ) ;
#60 = ORIENTED_EDGE ( 'NONE', *, *, #4111, .T. ) ;
#61 = ORIENTED_EDGE ( 'NONE', *, *, #689, .F. ) ;
#62 = PLANE ( 'NONE',  #6235 ) ;
#63 = CYLINDRICAL_SURFACE ( 'NONE', #4182, 0.1000000000000000472 ) ;
#64 = SURFACE_SIDE_STYLE ('',( #589 ) ) ;
#65 = FILL_AREA_STYLE_COLOUR ( '', #5631 ) ;
#66 = FACE_OUTER_BOUND ( 'NONE', #5071, .T. ) ;
#67 = ORIENTED_EDGE ( 'NONE', *, *, #2830, .T. ) ;
#68 = ORIENTED_EDGE ( 'NONE', *, *, #2063, .T. ) ;
#69 = VECTOR ( 'NONE', #5400, 1000.000000000000000 ) ;
#70 =( NAMED_UNIT ( * ) PLANE_ANGLE_UNIT ( ) SI_UNIT ( $, .RADIAN. ) );
#71 = LINE ( 'NONE', #1566, #3386 ) ;
#72 = ORIENTED_EDGE ( 'NONE', *, *, #2395, .T. ) ;
#73 = CARTESIAN_POINT ( 'NONE',  ( 1.236292871271931437, -1.674746045407894623, 1.661862313340323638 ) ) ;
#74 = DIRECTION ( 'NONE',  ( 0.000000000000000000, -1.000000000000000000, 0.000000000000000000 ) ) ;
#75 = VECTOR ( 'NONE', #2412, 1000.000000000000000 ) ;
#76 = UNCERTAINTY_MEASURE_WITH_UNIT (LENGTH_MEASURE( 1.000000000000000082E-05 ), #3794, 'distance_accuracy_value', 'NONE');
#77 = VECTOR ( 'NONE', #3138, 1000.000000000000000 ) ;
#78 = CARTESIAN_POINT ( 'NONE',  ( -2.350000000000000089, 0.6045053786929398543, 0.2000000000000000111 ) ) ;
#79 = ORIENTED_EDGE ( 'NONE', *, *, #2279, .T. ) ;
#80 = VERTEX_POINT ( 'NONE', #4421 ) ;
#81 = LINE ( 'NONE', #680, #5712 ) ;
#82 = CARTESIAN_POINT ( 'NONE',  ( 1.279333081627950008, 1.732498726640149922, 0.5142042554948410560 ) ) ;
#83 = ADVANCED_FACE ( 'NONE', ( #6407 ), #4450, .T. ) ;
#84 =( NAMED_UNIT ( * ) PLANE_ANGLE_UNIT ( ) SI_UNIT ( $, .RADIAN. ) );
#85 = CARTESIAN_POINT ( 'NONE',  ( -1.742310449531560002, -1.732498726640149922, 1.524958015046800064 ) ) ;
#86 = ORIENTED_EDGE ( 'NONE', *, *, #5808, .F. ) ;
#87 = DIRECTION ( 'NONE',  ( 0.000000000000000000, 1.000000000000000000, 0.000000000000000000 ) ) ;
#88 = EDGE_CURVE ( 'NONE', #5845, #5, #186, .T. ) ;
#89 =( GEOMETRIC_REPRESENTATION_CONTEXT ( 3 ) GLOBAL_UNCERTAINTY_ASSIGNED_CONTEXT ( ( #1277 ) ) GLOBAL_UNIT_ASSIGNED_CONTEXT ( ( #1818, #1403, #828 ) ) REPRESENTATION_CONTEXT ( 'NONE', 'WORKASPACE' ) );
#90 =( NAMED_UNIT ( * ) PLANE_ANGLE_UNIT ( ) SI_UNIT ( $, .RADIAN. ) );
#91 = CARTESIAN_POINT ( 'NONE',  ( 1.194532035297049877, 1.732498726640149922, 1.670000000000000151 ) ) ;
#92 = SURFACE_STYLE_FILL_AREA ( #4594 ) ;
#93 = ADVANCED_FACE ( 'NONE', ( #1120 ), #3108, .T. ) ;
#94 = VECTOR ( 'NONE', #6002, 1000.000000000000000 ) ;
#95 = ORIENTED_EDGE ( 'NONE', *, *, #474, .T. ) ;
#96 = ORIENTED_EDGE ( 'NONE', *, *, #258, .T. ) ;
#97 = DIRECTION ( 'NONE',  ( -4.806657061659141619E-05, 0.9999999988448023958, 0.000000000000000000 ) ) ;
#98 = FACE_OUTER_BOUND ( 'NONE', #3569, .T. ) ;
#99 = VECTOR ( 'NONE', #3077, 1000.000000000000000 ) ;
#100 = AXIS2_PLACEMENT_3D ( 'NONE', #5309, #856, #3823 ) ;
#101 = DIRECTION ( 'NONE',  ( 0.000000000000000000, 0.000000000000000000, -1.000000000000000000 ) ) ;
#102 = DIRECTION ( 'NONE',  ( 0.000000000000000000, -1.000000000000000000, 0.000000000000000000 ) ) ;
#103 = LINE ( 'NONE', #622, #830 ) ;
#104 = ORIENTED_EDGE ( 'NONE', *, *, #3488, .T. ) ;
#105 = MECHANICAL_DESIGN_GEOMETRIC_PRESENTATION_REPRESENTATION (  '', ( #2097 ), #3418 ) ;
#106 = CIRCLE ( 'NONE', #520, 0.1768228204653010394 ) ;
#107 = FILL_AREA_STYLE_COLOUR ( '', #3143 ) ;
#108 = FILL_AREA_STYLE_COLOUR ( '', #5947 ) ;
#109 = FACE_OUTER_BOUND ( 'NONE', #5794, .T. ) ;
#110 = ORIENTED_EDGE ( 'NONE', *, *, #370, .T. ) ;
#111 = SURFACE_SIDE_STYLE ('',( #6175 ) ) ;
#112 = VECTOR ( 'NONE', #2914, 1000.000000000000000 ) ;
#113 = DIRECTION ( 'NONE',  ( -0.7081028174462850044, -0.7061093399216817890, 0.000000000000000000 ) ) ;
#114 =( GEOMETRIC_REPRESENTATION_CONTEXT ( 3 ) GLOBAL_UNCERTAINTY_ASSIGNED_CONTEXT ( ( #6310 ) ) GLOBAL_UNIT_ASSIGNED_CONTEXT ( ( #3733, #725, #4782 ) ) REPRESENTATION_CONTEXT ( 'NONE', 'WORKASPACE' ) );
#115 = MECHANICAL_DESIGN_GEOMETRIC_PRESENTATION_REPRESENTATION (  '', ( #2904 ), #5210 ) ;
#116 = FILL_AREA_STYLE_COLOUR ( '', #3653 ) ;
#117 = ORIENTED_EDGE ( 'NONE', *, *, #2177, .T. ) ;
#118 = ORIENTED_EDGE ( 'NONE', *, *, #2651, .T. ) ;
#119 = DIRECTION ( 'NONE',  ( 3.124171273918740215E-16, -1.000000000000000000, 0.000000000000000000 ) ) ;
#120 = PLANE ( 'NONE',  #990 ) ;
#121 = CARTESIAN_POINT ( 'NONE',  ( 1.922816040256440040, -1.551945271034630203, 1.670000000000000151 ) ) ;
#122 = SURFACE_STYLE_USAGE ( .BOTH. , #4587 ) ;
#123 = ORIENTED_EDGE ( 'NONE', *, *, #5722, .T. ) ;
#124 =( GEOMETRIC_REPRESENTATION_CONTEXT ( 3 ) GLOBAL_UNCERTAINTY_ASSIGNED_CONTEXT ( ( #4752 ) ) GLOBAL_UNIT_ASSIGNED_CONTEXT ( ( #5339, #3867, #3447 ) ) REPRESENTATION_CONTEXT ( 'NONE', 'WORKASPACE' ) );
#125 = VECTOR ( 'NONE', #1526, 1000.000000000000000 ) ;
#126 = EDGE_CURVE ( 'NONE', #4705, #6208, #747, .T. ) ;
#127 = DIRECTION ( 'NONE',  ( -0.000000000000000000, 0.000000000000000000, 1.000000000000000000 ) ) ;
#128 = PRESENTATION_LAYER_ASSIGNMENT (  '', '', ( #429 ) ) ;
#129 = DIRECTION ( 'NONE',  ( 6.123031769111888756E-17, 1.000000000000000000, 1.957775783960479877E-16 ) ) ;
#130 = ORIENTED_EDGE ( 'NONE', *, *, #656, .T. ) ;
#131 = ORIENTED_EDGE ( 'NONE', *, *, #3981, .T. ) ;
#132 = CARTESIAN_POINT ( 'NONE',  ( 2.166808320000790378, 1.388146906716230200, 1.670000000000000151 ) ) ;
#133 = ORIENTED_EDGE ( 'NONE', *, *, #2508, .T. ) ;
#134 = DIRECTION ( 'NONE',  ( 1.000000000000000000, -7.228014483236692611E-16, 0.000000000000000000 ) ) ;
#135 = EDGE_CURVE ( 'NONE', #754, #773, #260, .T. ) ;
#136 = DIRECTION ( 'NONE',  ( -0.000000000000000000, -0.000000000000000000, -1.000000000000000000 ) ) ;
#137 = AXIS2_PLACEMENT_3D ( 'NONE', #1137, #2681, #6046 ) ;
#138 = CARTESIAN_POINT ( 'NONE',  ( -0.6550263814446110056, -0.5225374338180610589, 1.670000000000000151 ) ) ;
#139 = FACE_OUTER_BOUND ( 'NONE', #2564, .T. ) ;
#140 = ORIENTED_EDGE ( 'NONE', *, *, #1470, .T. ) ;
#141 = VECTOR ( 'NONE', #1762, 1000.000000000000000 ) ;
#142 = EDGE_CURVE ( 'NONE', #2794, #1761, #5533, .T. ) ;
#143 = VECTOR ( 'NONE', #4209, 1000.000000000000000 ) ;
#144 = LINE ( 'NONE', #4572, #2860 ) ;
#145 = ORIENTED_EDGE ( 'NONE', *, *, #5097, .T. ) ;
#146 = PLANE ( 'NONE',  #1070 ) ;
#147 = UNCERTAINTY_MEASURE_WITH_UNIT (LENGTH_MEASURE( 1.000000000000000082E-05 ), #1378, 'distance_accuracy_value', 'NONE');
#148 = CARTESIAN_POINT ( 'NONE',  ( 1.244353609985937359, -1.558513006320854988, 0.9499004956727240545 ) ) ;
#149 = ORIENTED_EDGE ( 'NONE', *, *, #5041, .T. ) ;
#150 = DIRECTION ( 'NONE',  ( 1.000000000000000000, 0.000000000000000000, 0.000000000000000000 ) ) ;
#151 = ORIENTED_EDGE ( 'NONE', *, *, #569, .T. ) ;
#152 = EDGE_LOOP ( 'NONE', ( #3727, #1946, #4799, #3514, #5954 ) ) ;
#153 = FACE_OUTER_BOUND ( 'NONE', #1216, .T. ) ;
#154 = CARTESIAN_POINT ( 'NONE',  ( 0.000000000000000000, 0.000000000000000000, 0.000000000000000000 ) ) ;
#155 = DIRECTION ( 'NONE',  ( 0.000000000000000000, 0.000000000000000000, -1.000000000000000000 ) ) ;
#156 = ORIENTED_EDGE ( 'NONE', *, *, #2216, .T. ) ;
#157 = EDGE_CURVE ( 'NONE', #373, #2368, #4628, .T. ) ;
#158 = DIRECTION ( 'NONE',  ( -1.000000000000000000, -0.000000000000000000, -0.000000000000000000 ) ) ;
#159 = DIRECTION ( 'NONE',  ( 0.000000000000000000, 0.000000000000000000, 1.000000000000000000 ) ) ;
#160 = ORIENTED_EDGE ( 'NONE', *, *, #4966, .T. ) ;
#161 = VERTEX_POINT ( 'NONE', #1648 ) ;
#162 = CARTESIAN_POINT ( 'NONE',  ( 0.4651759520920960012, -0.6968490896672400181, 1.524958015046800064 ) ) ;
#163 = ORIENTED_EDGE ( 'NONE', *, *, #299, .T. ) ;
#164 = CARTESIAN_POINT ( 'NONE',  ( 1.922816040256440040, 1.551945271034630203, 1.670000000000000151 ) ) ;
#165 = EDGE_CURVE ( 'NONE', #3598, #3053, #2732, .T. ) ;
#166 = DIRECTION ( 'NONE',  ( 0.000000000000000000, -1.000000000000000000, 0.000000000000000000 ) ) ;
#167 = CARTESIAN_POINT ( 'NONE',  ( -0.6550263814446110056, 0.7115629572946600145, 1.670000000000000151 ) ) ;
#168 =( NAMED_UNIT ( * ) PLANE_ANGLE_UNIT ( ) SI_UNIT ( $, .RADIAN. ) );
#169 = ADVANCED_FACE ( 'NONE', ( #2192 ), #683, .T. ) ;
#170 = ORIENTED_EDGE ( 'NONE', *, *, #3107, .T. ) ;
#171 = EDGE_CURVE ( 'NONE', #1674, #2370, #3555, .T. ) ;
#172 = DIRECTION ( 'NONE',  ( -0.0002296219586499429594, -1.103713987149930812E-08, -0.9999999736368777592 ) ) ;
#173 = EDGE_LOOP ( 'NONE', ( #3315, #4744, #4260, #6148 ) ) ;
#174 = SURFACE_STYLE_FILL_AREA ( #3060 ) ;
#175 = AXIS2_PLACEMENT_3D ( 'NONE', #4539, #2519, #2428 ) ;
#176 = SURFACE_STYLE_FILL_AREA ( #4119 ) ;
#177 = CARTESIAN_POINT ( 'NONE',  ( 1.399999999999999911, -2.753959618851870239, 1.670000000000000151 ) ) ;
#178 = EDGE_LOOP ( 'NONE', ( #5171, #23, #5734, #3113, #1408, #5866, #3066, #5471, #4559, #3522, #5424, #2967, #3470, #3026 ) ) ;
#179 = CARTESIAN_POINT ( 'NONE',  ( -2.291979555982049721, -1.558682985728889969, 0.5872380108679859934 ) ) ;
#180 = ORIENTED_EDGE ( 'NONE', *, *, #2177, .F. ) ;
#181 = DIRECTION ( 'NONE',  ( 0.000000000000000000, 1.000000000000000000, 0.000000000000000000 ) ) ;
#182 = STYLED_ITEM ( 'NONE', ( #4792 ), #1540 ) ;
#183 = DIRECTION ( 'NONE',  ( 0.000000000000000000, 0.000000000000000000, -1.000000000000000000 ) ) ;
#184 = ORIENTED_EDGE ( 'NONE', *, *, #2717, .T. ) ;
#185 = VECTOR ( 'NONE', #1480, 1000.000000000000000 ) ;
#186 = LINE ( 'NONE', #5633, #755 ) ;
#187 = CARTESIAN_POINT ( 'NONE',  ( -1.244408477699840088, -1.732498726640149922, 1.670000000000000151 ) ) ;
#188 = ORIENTED_EDGE ( 'NONE', *, *, #2081, .F. ) ;
#189 = ORIENTED_EDGE ( 'NONE', *, *, #1508, .F. ) ;
#190 = LINE ( 'NONE', #5039, #4573 ) ;
#191 = ORIENTED_EDGE ( 'NONE', *, *, #3661, .T. ) ;
#192 =( LENGTH_UNIT ( ) NAMED_UNIT ( * ) SI_UNIT ( .MILLI., .METRE. ) );
#193 = COLOUR_RGB ( '',0.6980392156862744724, 0.6980392156862744724, 0.6980392156862744724 ) ;
#194 = DIRECTION ( 'NONE',  ( 0.000000000000000000, 0.000000000000000000, -1.000000000000000000 ) ) ;
#195 = FACE_OUTER_BOUND ( 'NONE', #5623, .T. ) ;
#196 = CARTESIAN_POINT ( 'NONE',  ( -2.166808320000790378, 1.551945271034630203, 1.524958015046800064 ) ) ;
#197 = CARTESIAN_POINT ( 'NONE',  ( 1.244408477699840088, -1.731509940961710070, 1.524958015046800064 ) ) ;
#198 = PLANE ( 'NONE',  #6251 ) ;
#199 = ORIENTED_EDGE ( 'NONE', *, *, #3302, .T. ) ;
#200 = EDGE_CURVE ( 'NONE', #5449, #5905, #4201, .T. ) ;
#201 =( LENGTH_UNIT ( ) NAMED_UNIT ( * ) SI_UNIT ( .MILLI., .METRE. ) );
#202 = EDGE_LOOP ( 'NONE', ( #5049, #1125, #1677, #246, #1461, #2114, #5193, #1838, #395, #2999, #2539, #1600 ) ) ;
#203 = SURFACE_STYLE_USAGE ( .BOTH. , #5654 ) ;
#204 = VECTOR ( 'NONE', #5276, 1000.000000000000000 ) ;
#205 = EDGE_CURVE ( 'NONE', #667, #4149, #3174, .T. ) ;
#206 = ADVANCED_FACE ( 'NONE', ( #3144 ), #2666, .T. ) ;
#207 = DIRECTION ( 'NONE',  ( 0.000000000000000000, 0.000000000000000000, -1.000000000000000000 ) ) ;
#208 = AXIS2_PLACEMENT_3D ( 'NONE', #6178, #2245, #676 ) ;
#209 = ORIENTED_EDGE ( 'NONE', *, *, #6113, .F. ) ;
#210 = CARTESIAN_POINT ( 'NONE',  ( -2.950000000000000178, -1.095494621307057770, 0.2000000000000000111 ) ) ;
#211 = ORIENTED_EDGE ( 'NONE', *, *, #3588, .F. ) ;
#212 = ADVANCED_FACE ( 'NONE', ( #5851 ), #281, .F. ) ;
#213 = FILL_AREA_STYLE ('',( #4159 ) ) ;
#214 = SHAPE_DEFINITION_REPRESENTATION ( #5630, #3161 ) ;
#215 = CARTESIAN_POINT ( 'NONE',  ( 2.214855333278670013, 1.732498726640149922, 0.9360832168907079476 ) ) ;
#216 = DIRECTION ( 'NONE',  ( 0.000000000000000000, 0.000000000000000000, -1.000000000000000000 ) ) ;
#217 = AXIS2_PLACEMENT_3D ( 'NONE', #1116, #5029, #5098 ) ;
#218 = VERTEX_POINT ( 'NONE', #3330 ) ;
#219 = STYLED_ITEM ( 'NONE', ( #4106 ), #4183 ) ;
#220 = MECHANICAL_DESIGN_GEOMETRIC_PRESENTATION_REPRESENTATION (  '', ( #5757 ), #2117 ) ;
#221 = ADVANCED_FACE ( 'NONE', ( #1829 ), #1319, .T. ) ;
#222 = LINE ( 'NONE', #2254, #1767 ) ;
#223 = CIRCLE ( 'NONE', #4068, 0.1895074269560790003 ) ;
#224 = ORIENTED_EDGE ( 'NONE', *, *, #5373, .T. ) ;
#225 = DIRECTION ( 'NONE',  ( -1.000000000000000000, 0.000000000000000000, 0.000000000000000000 ) ) ;
#226 = AXIS2_PLACEMENT_3D ( 'NONE', #5007, #4001, #588 ) ;
#227 = ORIENTED_EDGE ( 'NONE', *, *, #3701, .F. ) ;
#228 = VECTOR ( 'NONE', #5530, 1000.000000000000000 ) ;
#229 = PLANE ( 'NONE',  #1687 ) ;
#230 = VECTOR ( 'NONE', #607, 1000.000000000000000 ) ;
#231 = AXIS2_PLACEMENT_3D ( 'NONE', #972, #5477, #1004 ) ;
#232 = VECTOR ( 'NONE', #3571, 1000.000000000000000 ) ;
#233 =( NAMED_UNIT ( * ) SI_UNIT ( $, .STERADIAN. ) SOLID_ANGLE_UNIT ( ) );
#234 = LINE ( 'NONE', #5349, #2014 ) ;
#235 = LINE ( 'NONE', #3306, #5803 ) ;
#236 = CARTESIAN_POINT ( 'NONE',  ( 8.266092888301050437E-17, 1.350000000000000089, 0.000000000000000000 ) ) ;
#237 = ORIENTED_EDGE ( 'NONE', *, *, #3608, .F. ) ;
#238 = VERTEX_POINT ( 'NONE', #6245 ) ;
#239 = PLANE ( 'NONE',  #4868 ) ;
#240 = VECTOR ( 'NONE', #1370, 1000.000000000000000 ) ;
#241 = COLOUR_RGB ( '',0.2000000000000000111, 0.2000000000000000111, 0.2000000000000000111 ) ;
#242 = EDGE_CURVE ( 'NONE', #639, #2087, #5789, .T. ) ;
#243 = ORIENTED_EDGE ( 'NONE', *, *, #2021, .T. ) ;
#244 = CARTESIAN_POINT ( 'NONE',  ( -1.774318189909330101, -1.466061860831830099, 0.9929113569124999872 ) ) ;
#245 = CARTESIAN_POINT ( 'NONE',  ( -1.135441809735770136, 1.657498726640149966, 1.670000000000000151 ) ) ;
#246 = ORIENTED_EDGE ( 'NONE', *, *, #3376, .T. ) ;
#247 = DIRECTION ( 'NONE',  ( 0.000000000000000000, 0.000000000000000000, -1.000000000000000000 ) ) ;
#248 = MECHANICAL_DESIGN_GEOMETRIC_PRESENTATION_REPRESENTATION (  '', ( #3029 ), #1307 ) ;
#249 = EDGE_CURVE ( 'NONE', #5714, #2197, #1797, .T. ) ;
#250 = COLOUR_RGB ( '',0.2000000000000000111, 0.2000000000000000111, 0.2000000000000000111 ) ;
#251 = PRESENTATION_STYLE_ASSIGNMENT (( #1759 ) ) ;
#252 = VERTEX_POINT ( 'NONE', #2307 ) ;
#253 = CARTESIAN_POINT ( 'NONE',  ( 1.135441809735770136, 1.732498726640149922, 1.524958015046800064 ) ) ;
#254 = LINE ( 'NONE', #5728, #3964 ) ;
#255 = DIRECTION ( 'NONE',  ( 0.000000000000000000, 0.000000000000000000, 1.000000000000000000 ) ) ;
#256 = PLANE ( 'NONE',  #3840 ) ;
#257 = PRESENTATION_LAYER_ASSIGNMENT (  '', '', ( #5666 ) ) ;
#258 = EDGE_CURVE ( 'NONE', #1446, #1092, #4293, .T. ) ;
#259 = EDGE_CURVE ( 'NONE', #551, #6412, #5291, .T. ) ;
#260 = LINE ( 'NONE', #5698, #2730 ) ;
#261 = DIRECTION ( 'NONE',  ( -1.000000000000000000, 0.000000000000000000, 0.000000000000000000 ) ) ;
#262 = ORIENTED_EDGE ( 'NONE', *, *, #6081, .F. ) ;
#263 = ORIENTED_EDGE ( 'NONE', *, *, #3661, .F. ) ;
#264 = CARTESIAN_POINT ( 'NONE',  ( -0.4807147255954329901, -0.6968490896672400181, 1.524958015046800064 ) ) ;
#265 = EDGE_CURVE ( 'NONE', #1113, #667, #6302, .T. ) ;
#266 = ORIENTED_EDGE ( 'NONE', *, *, #5737, .F. ) ;
#267 = FACE_OUTER_BOUND ( 'NONE', #6067, .T. ) ;
#268 = DIRECTION ( 'NONE',  ( 0.000000000000000000, 0.000000000000000000, 1.000000000000000000 ) ) ;
#269 = ORIENTED_EDGE ( 'NONE', *, *, #4543, .T. ) ;
#270 = SURFACE_STYLE_USAGE ( .BOTH. , #4734 ) ;
#271 = CARTESIAN_POINT ( 'NONE',  ( -1.922816040256440040, -1.551945271034630203, 1.670000000000000151 ) ) ;
#272 = CARTESIAN_POINT ( 'NONE',  ( 0.8454977628303629311, -1.554687120496410113, 1.670000000000000151 ) ) ;
#273 = FACE_OUTER_BOUND ( 'NONE', #3802, .T. ) ;
#274 = UNCERTAINTY_MEASURE_WITH_UNIT (LENGTH_MEASURE( 1.000000000000000082E-05 ), #2887, 'distance_accuracy_value', 'NONE');
#275 =( NAMED_UNIT ( * ) PLANE_ANGLE_UNIT ( ) SI_UNIT ( $, .RADIAN. ) );
#276 = SURFACE_STYLE_USAGE ( .BOTH. , #2862 ) ;
#277 = EDGE_LOOP ( 'NONE', ( #4161, #3515, #4007, #4810, #5327 ) ) ;
#278 = DIRECTION ( 'NONE',  ( 0.000000000000000000, 0.000000000000000000, -1.000000000000000000 ) ) ;
#279 = CARTESIAN_POINT ( 'NONE',  ( 0.2756685251360169731, 0.7015834068728459272, 1.670000000000000151 ) ) ;
#280 =( NAMED_UNIT ( * ) SI_UNIT ( $, .STERADIAN. ) SOLID_ANGLE_UNIT ( ) );
#281 = PLANE ( 'NONE',  #2229 ) ;
#282 = ADVANCED_FACE ( 'NONE', ( #5092 ), #5559, .F. ) ;
#283 = VECTOR ( 'NONE', #920, 1000.000000000000000 ) ;
#284 = LINE ( 'NONE', #4688, #2183 ) ;
#285 = ORIENTED_EDGE ( 'NONE', *, *, #2934, .F. ) ;
#286 = VERTEX_POINT ( 'NONE', #5344 ) ;
#287 = CARTESIAN_POINT ( 'NONE',  ( -1.774318189909330101, -1.466061860831830099, 1.524958015046800064 ) ) ;
#288 = ADVANCED_FACE ( 'NONE', ( #771 ), #1847, .T. ) ;
#289 = VERTEX_POINT ( 'NONE', #868 ) ;
#290 = DIRECTION ( 'NONE',  ( 0.000000000000000000, 0.000000000000000000, -1.000000000000000000 ) ) ;
#291 = AXIS2_PLACEMENT_3D ( 'NONE', #4061, #3572, #2602 ) ;
#292 = ADVANCED_FACE ( 'NONE', ( #2804 ), #2357, .T. ) ;
#293 = PRESENTATION_STYLE_ASSIGNMENT (( #6255 ) ) ;
#294 = COLOUR_RGB ( '',0.2000000000000000111, 0.2000000000000000111, 0.2000000000000000111 ) ;
#295 =( NAMED_UNIT ( * ) SI_UNIT ( $, .STERADIAN. ) SOLID_ANGLE_UNIT ( ) );
#296 = VERTEX_POINT ( 'NONE', #4341 ) ;
#297 = EDGE_LOOP ( 'NONE', ( #3067, #844, #1226, #4974 ) ) ;
#298 =( NAMED_UNIT ( * ) PLANE_ANGLE_UNIT ( ) SI_UNIT ( $, .RADIAN. ) );
#299 = EDGE_CURVE ( 'NONE', #289, #6307, #4739, .T. ) ;
#300 = CARTESIAN_POINT ( 'NONE',  ( 1.774318189909330101, -1.750000000000000000, 0.9929113569124999872 ) ) ;
#301 = VECTOR ( 'NONE', #3970, 1000.000000000000000 ) ;
#302 = UNCERTAINTY_MEASURE_WITH_UNIT (LENGTH_MEASURE( 1.000000000000000082E-05 ), #1883, 'distance_accuracy_value', 'NONE');
#303 =( NAMED_UNIT ( * ) PLANE_ANGLE_UNIT ( ) SI_UNIT ( $, .RADIAN. ) );
#304 = FACE_OUTER_BOUND ( 'NONE', #3246, .T. ) ;
#305 = DIRECTION ( 'NONE',  ( 0.000000000000000000, 0.000000000000000000, -1.000000000000000000 ) ) ;
#306 = COLOUR_RGB ( '',0.2000000000000000111, 0.2000000000000000111, 0.2000000000000000111 ) ;
#307 = AXIS2_PLACEMENT_3D ( 'NONE', #2670, #2165, #4660 ) ;
#308 = VERTEX_POINT ( 'NONE', #6237 ) ;
#309 = CARTESIAN_POINT ( 'NONE',  ( -2.350000000000000089, -1.750000000000000000, 1.524958015046800064 ) ) ;
#310 = DIRECTION ( 'NONE',  ( 0.000000000000000000, -1.000000000000000000, 0.000000000000000000 ) ) ;
#311 = LINE ( 'NONE', #3781, #3831 ) ;
#312 = CARTESIAN_POINT ( 'NONE',  ( 2.330606684319190158, -1.388146906716230200, 1.670000000000000151 ) ) ;
#313 = COLOUR_RGB ( '',0.6980392156862744724, 0.6980392156862744724, 0.6980392156862744724 ) ;
#314 = COLOUR_RGB ( '',0.2000000000000000111, 0.2000000000000000111, 0.2000000000000000111 ) ;
#315 = PLANE ( 'NONE',  #1562 ) ;
#316 = ORIENTED_EDGE ( 'NONE', *, *, #4591, .F. ) ;
#317 = ORIENTED_EDGE ( 'NONE', *, *, #6018, .F. ) ;
#318 = LINE ( 'NONE', #5705, #3939 ) ;
#319 = VECTOR ( 'NONE', #556, 1000.000000000000000 ) ;
#320 = UNCERTAINTY_MEASURE_WITH_UNIT (LENGTH_MEASURE( 1.000000000000000082E-05 ), #2174, 'distance_accuracy_value', 'NONE');
#321 = SURFACE_SIDE_STYLE ('',( #587 ) ) ;
#322 = VECTOR ( 'NONE', #528, 1000.000000000000000 ) ;
#323 = CARTESIAN_POINT ( 'NONE',  ( 2.350000000000000533, -0.5954946213070567707, 0.2000000000000000111 ) ) ;
#324 = ORIENTED_EDGE ( 'NONE', *, *, #2461, .T. ) ;
#325 = LINE ( 'NONE', #1810, #1776 ) ;
#326 = VECTOR ( 'NONE', #5871, 1000.000000000000000 ) ;
#327 = VECTOR ( 'NONE', #2400, 1000.000000000000000 ) ;
#328 = MECHANICAL_DESIGN_GEOMETRIC_PRESENTATION_REPRESENTATION (  '', ( #2413 ), #1294 ) ;
#329 = EDGE_CURVE ( 'NONE', #5186, #3938, #4281, .T. ) ;
#330 = CARTESIAN_POINT ( 'NONE',  ( 2.350000000000000533, -1.095494621307057770, 0.2000000000000000111 ) ) ;
#331 = CARTESIAN_POINT ( 'NONE',  ( -0.3018065944804311229, -1.350000000000000089, -0.5159459123212694065 ) ) ;
#332 = DIRECTION ( 'NONE',  ( -0.000000000000000000, 1.000000000000000000, 0.000000000000000000 ) ) ;
#333 = DIRECTION ( 'NONE',  ( 0.000000000000000000, 1.000000000000000000, 0.000000000000000000 ) ) ;
#334 =( GEOMETRIC_REPRESENTATION_CONTEXT ( 3 ) GLOBAL_UNCERTAINTY_ASSIGNED_CONTEXT ( ( #3063 ) ) GLOBAL_UNIT_ASSIGNED_CONTEXT ( ( #3731, #2744, #6164 ) ) REPRESENTATION_CONTEXT ( 'NONE', 'WORKASPACE' ) );
#335 = VECTOR ( 'NONE', #3273, 1000.000000000000000 ) ;
#336 = ADVANCED_FACE ( 'NONE', ( #5255 ), #1339, .T. ) ;
#337 = UNCERTAINTY_MEASURE_WITH_UNIT (LENGTH_MEASURE( 1.000000000000000082E-05 ), #691, 'distance_accuracy_value', 'NONE');
#338 = FACE_OUTER_BOUND ( 'NONE', #5568, .T. ) ;
#339 = ORIENTED_EDGE ( 'NONE', *, *, #1618, .T. ) ;
#340 = DIRECTION ( 'NONE',  ( 4.806657061659142297E-05, -0.9999999988448025068, 0.000000000000000000 ) ) ;
#341 = FILL_AREA_STYLE_COLOUR ( '', #4495 ) ;
#342 = VECTOR ( 'NONE', #5184, 1000.000000000000000 ) ;
#343 = FILL_AREA_STYLE_COLOUR ( '', #5732 ) ;
#344 = CARTESIAN_POINT ( 'NONE',  ( -1.187565630244470150, 0.000000000000000000, 0.000000000000000000 ) ) ;
#345 = VECTOR ( 'NONE', #4679, 1000.000000000000000 ) ;
#346 = UNCERTAINTY_MEASURE_WITH_UNIT (LENGTH_MEASURE( 1.000000000000000082E-05 ), #6254, 'distance_accuracy_value', 'NONE');
#347 = ORIENTED_EDGE ( 'NONE', *, *, #3557, .T. ) ;
#348 = LINE ( 'NONE', #3296, #2877 ) ;
#349 = STYLED_ITEM ( 'NONE', ( #2626 ), #6152 ) ;
#350 = VERTEX_POINT ( 'NONE', #2390 ) ;
#351 = CARTESIAN_POINT ( 'NONE',  ( 1.198636379818660114, -1.639330840868030048, 1.524958015046800064 ) ) ;
#352 = ORIENTED_EDGE ( 'NONE', *, *, #813, .T. ) ;
#353 = DIRECTION ( 'NONE',  ( 4.075590574283130365E-16, 0.000000000000000000, -1.000000000000000000 ) ) ;
#354 = CARTESIAN_POINT ( 'NONE',  ( 2.350000000000000089, 1.104505378692939743, 0.000000000000000000 ) ) ;
#355 =( NAMED_UNIT ( * ) SI_UNIT ( $, .STERADIAN. ) SOLID_ANGLE_UNIT ( ) );
#356 = SURFACE_STYLE_USAGE ( .BOTH. , #4732 ) ;
#357 = ORIENTED_EDGE ( 'NONE', *, *, #5498, .F. ) ;
#358 = DIRECTION ( 'NONE',  ( -1.000000000000000000, -2.197191866536040014E-32, 1.004436343290279943E-16 ) ) ;
#359 = CARTESIAN_POINT ( 'NONE',  ( -1.198636379818660114, 1.750000000000000000, 0.000000000000000000 ) ) ;
#360 = STYLED_ITEM ( 'NONE', ( #1298 ), #5671 ) ;
#361 = SURFACE_STYLE_USAGE ( .BOTH. , #3192 ) ;
#362 = EDGE_CURVE ( 'NONE', #4424, #5592, #1919, .T. ) ;
#363 =( NAMED_UNIT ( * ) PLANE_ANGLE_UNIT ( ) SI_UNIT ( $, .RADIAN. ) );
#364 = LINE ( 'NONE', #1844, #1982 ) ;
#365 = EDGE_CURVE ( 'NONE', #3697, #1064, #1463, .T. ) ;
#366 = LINE ( 'NONE', #1407, #6213 ) ;
#367 = ORIENTED_EDGE ( 'NONE', *, *, #3862, .T. ) ;
#368 = CARTESIAN_POINT ( 'NONE',  ( -1.198636379818660114, 1.475072618217709852, 0.000000000000000000 ) ) ;
#369 =( NAMED_UNIT ( * ) PLANE_ANGLE_UNIT ( ) SI_UNIT ( $, .RADIAN. ) );
#370 = EDGE_CURVE ( 'NONE', #2702, #2314, #5444, .T. ) ;
#371 = DIRECTION ( 'NONE',  ( 0.000000000000000000, 1.000000000000000000, 0.000000000000000000 ) ) ;
#372 = ORIENTED_EDGE ( 'NONE', *, *, #1934, .T. ) ;
#373 = VERTEX_POINT ( 'NONE', #5879 ) ;
#374 =( NAMED_UNIT ( * ) PLANE_ANGLE_UNIT ( ) SI_UNIT ( $, .RADIAN. ) );
#375 =( LENGTH_UNIT ( ) NAMED_UNIT ( * ) SI_UNIT ( .MILLI., .METRE. ) );
#376 = VERTEX_POINT ( 'NONE', #999 ) ;
#377 = VECTOR ( 'NONE', #3969, 1000.000000000000000 ) ;
#378 = UNCERTAINTY_MEASURE_WITH_UNIT (LENGTH_MEASURE( 1.000000000000000082E-05 ), #4432, 'distance_accuracy_value', 'NONE');
#379 = LINE ( 'NONE', #5864, #1819 ) ;
#380 = CARTESIAN_POINT ( 'NONE',  ( 2.291999606393563038, -1.558462649570529157, 0.5872380108679859934 ) ) ;
#381 = VERTEX_POINT ( 'NONE', #1066 ) ;
#382 = VERTEX_POINT ( 'NONE', #2927 ) ;
#383 = VECTOR ( 'NONE', #5326, 1000.000000000000000 ) ;
#384 = CARTESIAN_POINT ( 'NONE',  ( -2.214855333278670013, 1.475072618217709852, 0.08104293853427260719 ) ) ;
#385 = ORIENTED_EDGE ( 'NONE', *, *, #5986, .F. ) ;
#386 =( LENGTH_UNIT ( ) NAMED_UNIT ( * ) SI_UNIT ( .MILLI., .METRE. ) );
#387 = CARTESIAN_POINT ( 'NONE',  ( 1.742310449531560002, -1.732474794199829971, 0.9499004956727240545 ) ) ;
#388 = MECHANICAL_DESIGN_GEOMETRIC_PRESENTATION_REPRESENTATION (  '', ( #4250 ), #5380 ) ;
#389 = EDGE_CURVE ( 'NONE', #1966, #471, #4507, .T. ) ;
#390 =( GEOMETRIC_REPRESENTATION_CONTEXT ( 3 ) GLOBAL_UNCERTAINTY_ASSIGNED_CONTEXT ( ( #807 ) ) GLOBAL_UNIT_ASSIGNED_CONTEXT ( ( #3857, #2443, #5457 ) ) REPRESENTATION_CONTEXT ( 'NONE', 'WORKASPACE' ) );
#391 = LINE ( 'NONE', #4008, #5962 ) ;
#392 = EDGE_CURVE ( 'NONE', #4568, #4924, #927, .T. ) ;
#393 =( LENGTH_UNIT ( ) NAMED_UNIT ( * ) SI_UNIT ( .MILLI., .METRE. ) );
#394 =( GEOMETRIC_REPRESENTATION_CONTEXT ( 3 ) GLOBAL_UNCERTAINTY_ASSIGNED_CONTEXT ( ( #2119 ) ) GLOBAL_UNIT_ASSIGNED_CONTEXT ( ( #3348, #5832, #1391 ) ) REPRESENTATION_CONTEXT ( 'NONE', 'WORKASPACE' ) );
#395 = ORIENTED_EDGE ( 'NONE', *, *, #1426, .F. ) ;
#396 = CARTESIAN_POINT ( 'NONE',  ( -2.350000000000000089, -1.095494621307057326, 0.000000000000000000 ) ) ;
#397 = DIRECTION ( 'NONE',  ( -0.7061093399216813449, -0.7081028174462854485, 0.000000000000000000 ) ) ;
#398 = CARTESIAN_POINT ( 'NONE',  ( -0.2756685251360169731, -0.5073416627111608790, 1.670000000000000151 ) ) ;
#399 = EDGE_CURVE ( 'NONE', #376, #1059, #6396, .T. ) ;
#400 = CIRCLE ( 'NONE', #1471, 0.1768228204653010394 ) ;
#401 =( NAMED_UNIT ( * ) SI_UNIT ( $, .STERADIAN. ) SOLID_ANGLE_UNIT ( ) );
#402 = EDGE_CURVE ( 'NONE', #1567, #2301, #1502, .T. ) ;
#403 = VERTEX_POINT ( 'NONE', #5980 ) ;
#404 = ORIENTED_EDGE ( 'NONE', *, *, #3687, .F. ) ;
#405 = PLANE ( 'NONE',  #5176 ) ;
#406 = DIRECTION ( 'NONE',  ( 0.000000000000000000, -1.000000000000000000, 0.000000000000000000 ) ) ;
#407 = STYLED_ITEM ( 'NONE', ( #2351 ), #4788 ) ;
#408 = ORIENTED_EDGE ( 'NONE', *, *, #4472, .F. ) ;
#409 = LINE ( 'NONE', #2406, #1171 ) ;
#410 = ADVANCED_FACE ( 'NONE', ( #4980 ), #40, .T. ) ;
#411 =( GEOMETRIC_REPRESENTATION_CONTEXT ( 3 ) GLOBAL_UNCERTAINTY_ASSIGNED_CONTEXT ( ( #6252 ) ) GLOBAL_UNIT_ASSIGNED_CONTEXT ( ( #192, #5537, #3672 ) ) REPRESENTATION_CONTEXT ( 'NONE', 'WORKASPACE' ) );
#412 = LINE ( 'NONE', #1933, #5034 ) ;
#413 = DIRECTION ( 'NONE',  ( 0.000000000000000000, 0.000000000000000000, -1.000000000000000000 ) ) ;
#414 = ORIENTED_EDGE ( 'NONE', *, *, #1276, .T. ) ;
#415 = VERTEX_POINT ( 'NONE', #5907 ) ;
#416 = VECTOR ( 'NONE', #3381, 1000.000000000000000 ) ;
#417 = VECTOR ( 'NONE', #2694, 1000.000000000000000 ) ;
#418 = MECHANICAL_DESIGN_GEOMETRIC_PRESENTATION_REPRESENTATION (  '', ( #3745 ), #3435 ) ;
#419 = CARTESIAN_POINT ( 'NONE',  ( 1.135441809735770136, 1.473734927972049968, 1.524958015046800064 ) ) ;
#420 = CARTESIAN_POINT ( 'NONE',  ( -0.1966118409089785135, -1.350000000000000089, -0.6035212073282351097 ) ) ;
#421 = DIRECTION ( 'NONE',  ( -1.000000000000000000, 2.197191866536040014E-32, -1.004436343290279943E-16 ) ) ;
#422 = SURFACE_STYLE_USAGE ( .BOTH. , #1528 ) ;
#423 = ORIENTED_EDGE ( 'NONE', *, *, #6037, .F. ) ;
#424 = AXIS2_PLACEMENT_3D ( 'NONE', #613, #1321, #843 ) ;
#425 = VECTOR ( 'NONE', #5912, 1000.000000000000000 ) ;
#426 = VECTOR ( 'NONE', #953, 1000.000000000000000 ) ;
#427 = CLOSED_SHELL ( 'NONE', ( #442, #93, #2472, #2609, #1540, #336 ) ) ;
#428 = EDGE_CURVE ( 'NONE', #1390, #6105, #1532, .T. ) ;
#429 = STYLED_ITEM ( 'NONE', ( #449 ), #5708 ) ;
#430 =( GEOMETRIC_REPRESENTATION_CONTEXT ( 3 ) GLOBAL_UNCERTAINTY_ASSIGNED_CONTEXT ( ( #5690 ) ) GLOBAL_UNIT_ASSIGNED_CONTEXT ( ( #2462, #4545, #498 ) ) REPRESENTATION_CONTEXT ( 'NONE', 'WORKASPACE' ) );
#431 = CARTESIAN_POINT ( 'NONE',  ( -2.950000000000000178, -0.5954946213070567707, 0.000000000000000000 ) ) ;
#432 = DIRECTION ( 'NONE',  ( 0.000000000000000000, 0.000000000000000000, -1.000000000000000000 ) ) ;
#433 = ORIENTED_EDGE ( 'NONE', *, *, #3426, .T. ) ;
#434 = LINE ( 'NONE', #5019, #6374 ) ;
#435 = CARTESIAN_POINT ( 'NONE',  ( -1.244408477699840088, -1.732498726640149922, 0.9499004956727240545 ) ) ;
#436 = AXIS2_PLACEMENT_3D ( 'NONE', #244, #6233, #3258 ) ;
#437 = VECTOR ( 'NONE', #3570, 1000.000000000000000 ) ;
#438 = FACE_BOUND ( 'NONE', #4518, .T. ) ;
#439 = VERTEX_POINT ( 'NONE', #2050 ) ;
#440 = LINE ( 'NONE', #1474, #4034 ) ;
#441 = DIRECTION ( 'NONE',  ( 0.000000000000000000, 0.000000000000000000, -1.000000000000000000 ) ) ;
#442 = ADVANCED_FACE ( 'NONE', ( #4439 ), #6014, .T. ) ;
#443 = VECTOR ( 'NONE', #4510, 1000.000000000000000 ) ;
#444 = ORIENTED_EDGE ( 'NONE', *, *, #5065, .T. ) ;
#445 = DIRECTION ( 'NONE',  ( -1.000000000000000000, 0.000000000000000000, 0.000000000000000000 ) ) ;
#446 = EDGE_CURVE ( 'NONE', #3657, #6307, #3584, .T. ) ;
#447 = LINE ( 'NONE', #5570, #1804 ) ;
#448 = AXIS2_PLACEMENT_3D ( 'NONE', #5385, #441, #3849 ) ;
#449 = PRESENTATION_STYLE_ASSIGNMENT (( #2906 ) ) ;
#450 = VERTEX_POINT ( 'NONE', #1138 ) ;
#451 = VERTEX_POINT ( 'NONE', #3089 ) ;
#452 = CARTESIAN_POINT ( 'NONE',  ( 1.198636379818660114, 1.475072618217709852, 0.4956381288792919837 ) ) ;
#453 = CARTESIAN_POINT ( 'NONE',  ( 1.922816040256440040, -1.732450861759520011, 1.524958015046800064 ) ) ;
#454 = AXIS2_PLACEMENT_3D ( 'NONE', #5451, #6025, #2961 ) ;
#455 = DIRECTION ( 'NONE',  ( -1.000000000000000000, 0.000000000000000000, 0.000000000000000000 ) ) ;
#456 = CARTESIAN_POINT ( 'NONE',  ( -0.7025842957044551307, -1.614001858628919983, 1.670000000000000151 ) ) ;
#457 = CARTESIAN_POINT ( 'NONE',  ( 0.6550263814446110056, 0.7115629572946600145, 1.670000000000000151 ) ) ;
#458 = PRESENTATION_STYLE_ASSIGNMENT (( #5542 ) ) ;
#459 = VERTEX_POINT ( 'NONE', #2175 ) ;
#460 = EDGE_LOOP ( 'NONE', ( #6303, #385, #1610, #2490 ) ) ;
#461 = LINE ( 'NONE', #5469, #1088 ) ;
#462 = DIRECTION ( 'NONE',  ( 0.000000000000000000, -1.000000000000000000, 0.000000000000000000 ) ) ;
#463 = LINE ( 'NONE', #5652, #5270 ) ;
#464 = ORIENTED_EDGE ( 'NONE', *, *, #3461, .T. ) ;
#465 = CARTESIAN_POINT ( 'NONE',  ( 1.198636379818660114, 1.475072618217709852, 0.4956381288792919837 ) ) ;
#466 = CARTESIAN_POINT ( 'NONE',  ( -1.198636379818660114, -1.466061860831830099, 0.000000000000000000 ) ) ;
#467 = CARTESIAN_POINT ( 'NONE',  ( -2.950000000000000178, -0.5954946213070567707, 0.2000000000000000111 ) ) ;
#468 = ORIENTED_EDGE ( 'NONE', *, *, #3895, .T. ) ;
#469 = FILL_AREA_STYLE ('',( #3848 ) ) ;
#470 = CARTESIAN_POINT ( 'NONE',  ( 1.244408477699840088, -1.558656565019939988, 0.9499004956727240545 ) ) ;
#471 = VERTEX_POINT ( 'NONE', #3647 ) ;
#472 = CARTESIAN_POINT ( 'NONE',  ( 1.198636379818660114, -1.750000000000000000, 1.524958015046800064 ) ) ;
#473 = EDGE_CURVE ( 'NONE', #5534, #5650, #6047, .T. ) ;
#474 = EDGE_CURVE ( 'NONE', #4440, #2031, #1636, .T. ) ;
#475 = LINE ( 'NONE', #4869, #600 ) ;
#476 = ORIENTED_EDGE ( 'NONE', *, *, #3261, .T. ) ;
#477 = ORIENTED_EDGE ( 'NONE', *, *, #734, .T. ) ;
#478 = PLANE ( 'NONE',  #733 ) ;
#479 = CONICAL_SURFACE ( 'NONE', #2962, 0.2021725488640350454, 0.8765463347917594739 ) ;
#480 = ADVANCED_FACE ( 'NONE', ( #5085 ), #4538, .T. ) ;
#481 = CARTESIAN_POINT ( 'NONE',  ( 8.266092888301050437E-17, 1.350000000000000089, -0.5159459123212694065 ) ) ;
#482 = LINE ( 'NONE', #3897, #125 ) ;
#483 = EDGE_CURVE ( 'NONE', #3075, #1816, #1725, .T. ) ;
#484 = LINE ( 'NONE', #3511, #2071 ) ;
#485 = AXIS2_PLACEMENT_3D ( 'NONE', #3585, #5687, #2683 ) ;
#486 = CARTESIAN_POINT ( 'NONE',  ( -1.244241921405110141, -1.732618347530439973, 0.5872380108679859934 ) ) ;
#487 = FILL_AREA_STYLE_COLOUR ( '', #193 ) ;
#488 = SURFACE_STYLE_FILL_AREA ( #3513 ) ;
#489 = ORIENTED_EDGE ( 'NONE', *, *, #5995, .T. ) ;
#490 = MECHANICAL_DESIGN_GEOMETRIC_PRESENTATION_REPRESENTATION (  '', ( #3708 ), #5476 ) ;
#491 = CARTESIAN_POINT ( 'NONE',  ( 0.000000000000000000, -1.732498726640149922, 1.524958015046800064 ) ) ;
#492 = DIRECTION ( 'NONE',  ( 0.7685337799280628213, 0.000000000000000000, 0.6398092130545509626 ) ) ;
#493 = ORIENTED_EDGE ( 'NONE', *, *, #4781, .T. ) ;
#494 = DIRECTION ( 'NONE',  ( -1.000000000000000000, 0.000000000000000000, 0.000000000000000000 ) ) ;
#495 = PRESENTATION_LAYER_ASSIGNMENT (  '', '', ( #4671 ) ) ;
#496 = DIRECTION ( 'NONE',  ( 0.000000000000000000, 0.000000000000000000, -1.000000000000000000 ) ) ;
#497 = MECHANICAL_DESIGN_GEOMETRIC_PRESENTATION_REPRESENTATION (  '', ( #5285 ), #1580 ) ;
#498 =( NAMED_UNIT ( * ) SI_UNIT ( $, .STERADIAN. ) SOLID_ANGLE_UNIT ( ) );
#499 = DIRECTION ( 'NONE',  ( 0.000000000000000000, 1.000000000000000000, 0.000000000000000000 ) ) ;
#500 = CARTESIAN_POINT ( 'NONE',  ( 2.214855333278670013, 1.473734927972049968, 0.08104293853427260719 ) ) ;
#501 = ORIENTED_EDGE ( 'NONE', *, *, #5303, .T. ) ;
#502 = SURFACE_STYLE_USAGE ( .BOTH. , #4446 ) ;
#503 = ORIENTED_EDGE ( 'NONE', *, *, #3844, .T. ) ;
#504 = CARTESIAN_POINT ( 'NONE',  ( 0.2756685251360169731, 0.7015834068728459272, 1.670000000000000151 ) ) ;
#505 = ADVANCED_FACE ( 'NONE', ( #5686 ), #3559, .T. ) ;
#506 = DIRECTION ( 'NONE',  ( -0.000000000000000000, 1.000000000000000000, -0.000000000000000000 ) ) ;
#507 = CARTESIAN_POINT ( 'NONE',  ( -1.187565630244470150, -2.286241185967940126, 0.9499004956727240545 ) ) ;
#508 = FILL_AREA_STYLE_COLOUR ( '', #3568 ) ;
#509 = VERTEX_POINT ( 'NONE', #1107 ) ;
#510 = VERTEX_POINT ( 'NONE', #3057 ) ;
#511 = DIRECTION ( 'NONE',  ( -1.000000000000000000, 0.000000000000000000, 0.000000000000000000 ) ) ;
#512 = VECTOR ( 'NONE', #6068, 1000.000000000000000 ) ;
#513 = VECTOR ( 'NONE', #706, 1000.000000000000000 ) ;
#514 = CARTESIAN_POINT ( 'NONE',  ( 1.198636379818660114, 1.475072618217709852, 1.524958015046800064 ) ) ;
#515 = PRESENTATION_STYLE_ASSIGNMENT (( #3352 ) ) ;
#516 = CARTESIAN_POINT ( 'NONE',  ( 0.000000000000000000, 0.7015834068728459272, 1.670000000000000151 ) ) ;
#517 = LINE ( 'NONE', #3380, #5169 ) ;
#518 = CARTESIAN_POINT ( 'NONE',  ( 1.198636379818660114, -1.639330840868030048, 1.524958015046800064 ) ) ;
#519 = FILL_AREA_STYLE ('',( #1024 ) ) ;
#520 = AXIS2_PLACEMENT_3D ( 'NONE', #6211, #255, #2250 ) ;
#521 = EDGE_CURVE ( 'NONE', #296, #1709, #1486, .T. ) ;
#522 = CARTESIAN_POINT ( 'NONE',  ( -1.399999999999999911, -2.753959618851870239, 1.670000000000000151 ) ) ;
#523 = ORIENTED_EDGE ( 'NONE', *, *, #4750, .F. ) ;
#524 = AXIS2_PLACEMENT_3D ( 'NONE', #5830, #3254, #5459 ) ;
#525 = EDGE_CURVE ( 'NONE', #3703, #935, #1915, .T. ) ;
#526 = ORIENTED_EDGE ( 'NONE', *, *, #5737, .T. ) ;
#527 = FACE_OUTER_BOUND ( 'NONE', #973, .T. ) ;
#528 = DIRECTION ( 'NONE',  ( 0.000000000000000000, 1.000000000000000000, 0.000000000000000000 ) ) ;
#529 = VECTOR ( 'NONE', #6404, 1000.000000000000000 ) ;
#530 = EDGE_LOOP ( 'NONE', ( #3576, #3389, #5241, #5562 ) ) ;
#531 = LINE ( 'NONE', #2053, #4190 ) ;
#532 = PRESENTATION_LAYER_ASSIGNMENT (  '', '', ( #6156 ) ) ;
#533 = AXIS2_PLACEMENT_3D ( 'NONE', #3770, #4760, #3313 ) ;
#534 = ADVANCED_FACE ( 'NONE', ( #3284 ), #4703, .F. ) ;
#535 = LINE ( 'NONE', #3979, #2514 ) ;
#536 = PRESENTATION_LAYER_ASSIGNMENT (  '', '', ( #2413 ) ) ;
#537 = DIRECTION ( 'NONE',  ( -0.9999999988448025068, -4.806657061641742885E-05, 0.000000000000000000 ) ) ;
#538 = VERTEX_POINT ( 'NONE', #1814 ) ;
#539 = CARTESIAN_POINT ( 'NONE',  ( -1.576343125971101822, -1.558648587539857244, 0.9499004956727240545 ) ) ;
#540 = LINE ( 'NONE', #2636, #1394 ) ;
#541 = VECTOR ( 'NONE', #3391, 1000.000000000000000 ) ;
#542 = ORIENTED_EDGE ( 'NONE', *, *, #3882, .T. ) ;
#543 = COLOUR_RGB ( '',0.2000000000000000111, 0.2000000000000000111, 0.2000000000000000111 ) ;
#544 = CARTESIAN_POINT ( 'NONE',  ( -1.198636379818660114, -1.750000000000000000, 0.000000000000000000 ) ) ;
#545 = CARTESIAN_POINT ( 'NONE',  ( 0.000000000000000000, 0.000000000000000000, 0.2000000000000000111 ) ) ;
#546 = CARTESIAN_POINT ( 'NONE',  ( 0.2756685251360169731, -0.5073416627111608790, 1.670000000000000151 ) ) ;
#547 = DIRECTION ( 'NONE',  ( 1.000000000000000000, 0.000000000000000000, 0.000000000000000000 ) ) ;
#548 = VECTOR ( 'NONE', #2486, 1000.000000000000000 ) ;
#549 = DIRECTION ( 'NONE',  ( 1.000000000000000000, 0.000000000000000000, 0.000000000000000000 ) ) ;
#550 = ORIENTED_EDGE ( 'NONE', *, *, #5104, .F. ) ;
#551 = VERTEX_POINT ( 'NONE', #2241 ) ;
#552 = FACE_OUTER_BOUND ( 'NONE', #5405, .T. ) ;
#553 =( GEOMETRIC_REPRESENTATION_CONTEXT ( 3 ) GLOBAL_UNCERTAINTY_ASSIGNED_CONTEXT ( ( #3723 ) ) GLOBAL_UNIT_ASSIGNED_CONTEXT ( ( #4078, #303, #2352 ) ) REPRESENTATION_CONTEXT ( 'NONE', 'WORKASPACE' ) );
#554 = VECTOR ( 'NONE', #581, 1000.000000000000000 ) ;
#555 = CARTESIAN_POINT ( 'NONE',  ( -0.2756685251360169731, -0.5073416627111608790, 1.524958015046800064 ) ) ;
#556 = DIRECTION ( 'NONE',  ( 1.000000000000000000, 0.000000000000000000, 0.000000000000000000 ) ) ;
#557 = CARTESIAN_POINT ( 'NONE',  ( 1.067585657234540131, -1.554687120496410113, 1.670000000000000151 ) ) ;
#558 = SURFACE_SIDE_STYLE ('',( #1493 ) ) ;
#559 = CIRCLE ( 'NONE', #4208, 0.1637983643183980875 ) ;
#560 = ORIENTED_EDGE ( 'NONE', *, *, #6250, .F. ) ;
#561 = ADVANCED_FACE ( 'NONE', ( #2327 ), #5779, .F. ) ;
#562 = FACE_OUTER_BOUND ( 'NONE', #2469, .T. ) ;
#563 = SURFACE_STYLE_USAGE ( .BOTH. , #5155 ) ;
#564 = ORIENTED_EDGE ( 'NONE', *, *, #2096, .T. ) ;
#565 = DIRECTION ( 'NONE',  ( -1.000000000000000000, -7.228014483236692611E-16, -0.000000000000000000 ) ) ;
#566 = ADVANCED_FACE ( 'NONE', ( #304 ), #2296, .T. ) ;
#567 = CARTESIAN_POINT ( 'NONE',  ( -1.198636379818660114, -1.466061860831830099, 1.524958015046800064 ) ) ;
#568 =( GEOMETRIC_REPRESENTATION_CONTEXT ( 3 ) GLOBAL_UNCERTAINTY_ASSIGNED_CONTEXT ( ( #346 ) ) GLOBAL_UNIT_ASSIGNED_CONTEXT ( ( #6254, #1863, #4331 ) ) REPRESENTATION_CONTEXT ( 'NONE', 'WORKASPACE' ) );
#569 = EDGE_CURVE ( 'NONE', #2057, #5294, #5279, .T. ) ;
#570 = LINE ( 'NONE', #1536, #4803 ) ;
#571 = VERTEX_POINT ( 'NONE', #331 ) ;
#572 = EDGE_CURVE ( 'NONE', #286, #1368, #1869, .T. ) ;
#573 = VERTEX_POINT ( 'NONE', #6389 ) ;
#574 = DIRECTION ( 'NONE',  ( -0.9999999988448025068, -4.806657061663191792E-05, 0.000000000000000000 ) ) ;
#575 = DIRECTION ( 'NONE',  ( 0.000000000000000000, 0.000000000000000000, -1.000000000000000000 ) ) ;
#576 = DIRECTION ( 'NONE',  ( 0.000000000000000000, 0.000000000000000000, 1.000000000000000000 ) ) ;
#577 = VERTEX_POINT ( 'NONE', #420 ) ;
#578 = CARTESIAN_POINT ( 'NONE',  ( -1.135441809735770136, 1.732498726640149922, 0.9360832168907079476 ) ) ;
#579 = PRESENTATION_STYLE_ASSIGNMENT (( #5033 ) ) ;
#580 = DIRECTION ( 'NONE',  ( 0.000000000000000000, 0.000000000000000000, -1.000000000000000000 ) ) ;
#581 = DIRECTION ( 'NONE',  ( 0.000000000000000000, 0.000000000000000000, -1.000000000000000000 ) ) ;
#582 = EDGE_LOOP ( 'NONE', ( #357, #3523, #526, #3905 ) ) ;
#583 = APPLICATION_CONTEXT ( 'automotive_design' ) ;
#584 = VERTEX_POINT ( 'NONE', #5873 ) ;
#585 = DIRECTION ( 'NONE',  ( 0.000000000000000000, 0.000000000000000000, -1.000000000000000000 ) ) ;
#586 = PLANE ( 'NONE',  #6244 ) ;
#587 = SURFACE_STYLE_FILL_AREA ( #5042 ) ;
#588 = DIRECTION ( 'NONE',  ( 1.000000000000000000, 0.000000000000000000, 0.000000000000000000 ) ) ;
#589 = SURFACE_STYLE_FILL_AREA ( #1202 ) ;
#590 = FILL_AREA_STYLE ('',( #65 ) ) ;
#591 = CARTESIAN_POINT ( 'NONE',  ( -2.350000000000000089, -1.750000000000000000, 1.524958015046800064 ) ) ;
#592 = ORIENTED_EDGE ( 'NONE', *, *, #932, .F. ) ;
#593 = VECTOR ( 'NONE', #4010, 1000.000000000000000 ) ;
#594 = ORIENTED_EDGE ( 'NONE', *, *, #4896, .T. ) ;
#595 = DIRECTION ( 'NONE',  ( 0.000000000000000000, 0.000000000000000000, 1.000000000000000000 ) ) ;
#596 = CARTESIAN_POINT ( 'NONE',  ( -8.266092888301050437E-17, -1.350000000000000089, -0.6035212073282351097 ) ) ;
#597 = ORIENTED_EDGE ( 'NONE', *, *, #1128, .T. ) ;
#598 = SURFACE_STYLE_USAGE ( .BOTH. , #5054 ) ;
#599 = FACE_BOUND ( 'NONE', #5660, .T. ) ;
#600 = VECTOR ( 'NONE', #413, 1000.000000000000000 ) ;
#601 = UNCERTAINTY_MEASURE_WITH_UNIT (LENGTH_MEASURE( 1.000000000000000082E-05 ), #5419, 'distance_accuracy_value', 'NONE');
#602 =( GEOMETRIC_REPRESENTATION_CONTEXT ( 3 ) GLOBAL_UNCERTAINTY_ASSIGNED_CONTEXT ( ( #735 ) ) GLOBAL_UNIT_ASSIGNED_CONTEXT ( ( #808, #780, #3784 ) ) REPRESENTATION_CONTEXT ( 'NONE', 'WORKASPACE' ) );
#603 = ORIENTED_EDGE ( 'NONE', *, *, #4315, .T. ) ;
#604 = DIRECTION ( 'NONE',  ( 0.000000000000000000, 0.000000000000000000, 1.000000000000000000 ) ) ;
#605 = CARTESIAN_POINT ( 'NONE',  ( -1.742310449531560002, 1.732498726640149922, 1.524958015046800064 ) ) ;
#606 =( NAMED_UNIT ( * ) SI_UNIT ( $, .STERADIAN. ) SOLID_ANGLE_UNIT ( ) );
#607 = DIRECTION ( 'NONE',  ( 6.123031769111888756E-17, 1.000000000000000000, 0.000000000000000000 ) ) ;
#608 = VERTEX_POINT ( 'NONE', #1430 ) ;
#609 = MECHANICAL_DESIGN_GEOMETRIC_PRESENTATION_REPRESENTATION (  '', ( #1156 ), #824 ) ;
#610 = EDGE_CURVE ( 'NONE', #5163, #3236, #2916, .T. ) ;
#611 = SURFACE_SIDE_STYLE ('',( #4593 ) ) ;
#612 = EDGE_LOOP ( 'NONE', ( #2207, #1678, #170, #4094 ) ) ;
#613 = CARTESIAN_POINT ( 'NONE',  ( -8.266092888301050437E-17, -1.350000000000000089, -0.5988918829267962929 ) ) ;
#614 = VERTEX_POINT ( 'NONE', #2856 ) ;
#615 = ADVANCED_FACE ( 'NONE', ( #5836 ), #4498, .T. ) ;
#616 = COLOUR_RGB ( '',0.6980392156862744724, 0.6980392156862744724, 0.6980392156862744724 ) ;
#617 = AXIS2_PLACEMENT_3D ( 'NONE', #271, #823, #2828 ) ;
#618 = PLANE ( 'NONE',  #226 ) ;
#619 = DIRECTION ( 'NONE',  ( 1.000000000000000000, 0.000000000000000000, -0.000000000000000000 ) ) ;
#620 =( LENGTH_UNIT ( ) NAMED_UNIT ( * ) SI_UNIT ( .MILLI., .METRE. ) );
#621 = DIRECTION ( 'NONE',  ( 0.000000000000000000, -1.000000000000000000, 0.000000000000000000 ) ) ;
#622 = CARTESIAN_POINT ( 'NONE',  ( 2.350000000000000089, -1.750000000000000000, 1.524958015046800064 ) ) ;
#623 = ORIENTED_EDGE ( 'NONE', *, *, #3064, .T. ) ;
#624 = AXIS2_PLACEMENT_3D ( 'NONE', #4355, #445, #3370 ) ;
#625 = MECHANICAL_DESIGN_GEOMETRIC_PRESENTATION_REPRESENTATION (  '', ( #4060 ), #1478 ) ;
#626 = CARTESIAN_POINT ( 'NONE',  ( 0.000000000000000000, 1.732498726640149922, 1.670000000000000151 ) ) ;
#627 = LINE ( 'NONE', #5122, #5366 ) ;
#628 = ORIENTED_EDGE ( 'NONE', *, *, #4299, .F. ) ;
#629 = EDGE_CURVE ( 'NONE', #3091, #2702, #482, .T. ) ;
#630 = AXIS2_PLACEMENT_3D ( 'NONE', #4712, #207, #1760 ) ;
#631 = CARTESIAN_POINT ( 'NONE',  ( -0.7025842957044551307, -1.614001858628919983, 1.524958015046800064 ) ) ;
#632 = AXIS2_PLACEMENT_3D ( 'NONE', #1596, #1979, #2337 ) ;
#633 =( GEOMETRIC_REPRESENTATION_CONTEXT ( 3 ) GLOBAL_UNCERTAINTY_ASSIGNED_CONTEXT ( ( #5329 ) ) GLOBAL_UNIT_ASSIGNED_CONTEXT ( ( #620, #3049, #6166 ) ) REPRESENTATION_CONTEXT ( 'NONE', 'WORKASPACE' ) );
#634 = CIRCLE ( 'NONE', #6153, 0.1745482830529370144 ) ;
#635 = VECTOR ( 'NONE', #5941, 1000.000000000000000 ) ;
#636 = FILL_AREA_STYLE_COLOUR ( '', #241 ) ;
#637 = ORIENTED_EDGE ( 'NONE', *, *, #1552, .T. ) ;
#638 = CARTESIAN_POINT ( 'NONE',  ( -2.950000000000000178, -0.5954946213070567707, 0.000000000000000000 ) ) ;
#639 = VERTEX_POINT ( 'NONE', #2475 ) ;
#640 = ORIENTED_EDGE ( 'NONE', *, *, #2515, .F. ) ;
#641 = CARTESIAN_POINT ( 'NONE',  ( 0.000000000000000000, 1.732498726640149922, 1.524958015046800064 ) ) ;
#642 = CARTESIAN_POINT ( 'NONE',  ( 7.491525033727990091E-05, -1.558572814530669870, 0.000000000000000000 ) ) ;
#643 = PRESENTATION_STYLE_ASSIGNMENT (( #5989 ) ) ;
#644 = CARTESIAN_POINT ( 'NONE',  ( 1.198636379818660114, 1.475072618217709852, 0.000000000000000000 ) ) ;
#645 = ORIENTED_EDGE ( 'NONE', *, *, #1547, .F. ) ;
#646 = VECTOR ( 'NONE', #1606, 1000.000000000000000 ) ;
#647 = DIRECTION ( 'NONE',  ( 0.000000000000000000, 0.000000000000000000, -1.000000000000000000 ) ) ;
#648 = EDGE_CURVE ( 'NONE', #2643, #5300, #5971, .T. ) ;
#649 = CIRCLE ( 'NONE', #3554, 0.1966118409089784302 ) ;
#650 = PLANE ( 'NONE',  #6021 ) ;
#651 = AXIS2_PLACEMENT_3D ( 'NONE', #5136, #4163, #1223 ) ;
#652 = CARTESIAN_POINT ( 'NONE',  ( 1.198636379818660114, -1.750000000000000000, 0.9929113569124999872 ) ) ;
#653 = ORIENTED_EDGE ( 'NONE', *, *, #6414, .F. ) ;
#654 = ORIENTED_EDGE ( 'NONE', *, *, #3189, .F. ) ;
#655 = DIRECTION ( 'NONE',  ( 1.000000000000000000, 0.000000000000000000, 0.000000000000000000 ) ) ;
#656 = EDGE_CURVE ( 'NONE', #1679, #5163, #4939, .T. ) ;
#657 = ORIENTED_EDGE ( 'NONE', *, *, #6018, .T. ) ;
#658 = EDGE_CURVE ( 'NONE', #382, #3697, #3353, .T. ) ;
#659 = CARTESIAN_POINT ( 'NONE',  ( 2.166808320000790378, 1.388146906716230200, 1.524958015046800064 ) ) ;
#660 = LINE ( 'NONE', #2573, #3544 ) ;
#661 = PLANE ( 'NONE',  #1557 ) ;
#662 = MECHANICAL_DESIGN_GEOMETRIC_PRESENTATION_REPRESENTATION (  '', ( #6176 ), #2746 ) ;
#663 = DIRECTION ( 'NONE',  ( 1.000000000000000000, 0.000000000000000000, 0.000000000000000000 ) ) ;
#664 = CARTESIAN_POINT ( 'NONE',  ( -1.194532035297049877, 1.517608363321570009, 1.670000000000000151 ) ) ;
#665 = ADVANCED_FACE ( 'NONE', ( #4459 ), #992, .T. ) ;
#666 = CARTESIAN_POINT ( 'NONE',  ( -2.350000000000000089, -1.466061860831830099, 0.000000000000000000 ) ) ;
#667 = VERTEX_POINT ( 'NONE', #384 ) ;
#668 = VECTOR ( 'NONE', #4287, 1000.000000000000000 ) ;
#669 = AXIS2_PLACEMENT_3D ( 'NONE', #2743, #3183, #5304 ) ;
#670 = ORIENTED_EDGE ( 'NONE', *, *, #2131, .T. ) ;
#671 = CARTESIAN_POINT ( 'NONE',  ( 2.950000000000000622, 1.104505378692939743, 0.2000000000000000111 ) ) ;
#672 = CARTESIAN_POINT ( 'NONE',  ( 0.000000000000000000, 1.732498726640149922, 1.670000000000000151 ) ) ;
#673 = PRESENTATION_LAYER_ASSIGNMENT (  '', '', ( #1210 ) ) ;
#674 = LINE ( 'NONE', #700, #5595 ) ;
#675 = VERTEX_POINT ( 'NONE', #4970 ) ;
#676 = DIRECTION ( 'NONE',  ( 1.000000000000000000, 0.000000000000000000, 0.000000000000000000 ) ) ;
#677 = ORIENTED_EDGE ( 'NONE', *, *, #1744, .T. ) ;
#678 = FACE_OUTER_BOUND ( 'NONE', #986, .T. ) ;
#679 = VERTEX_POINT ( 'NONE', #919 ) ;
#680 = CARTESIAN_POINT ( 'NONE',  ( 1.922816040256440040, -1.632498726640150055, 1.670000000000000151 ) ) ;
#681 = CARTESIAN_POINT ( 'NONE',  ( 1.922816040256440040, 1.657498726640149966, 1.670000000000000151 ) ) ;
#682 = ORIENTED_EDGE ( 'NONE', *, *, #1434, .F. ) ;
#683 = PLANE ( 'NONE',  #6361 ) ;
#684 = CARTESIAN_POINT ( 'NONE',  ( 2.350000000000000089, -1.750000000000000000, 0.9929113569124999872 ) ) ;
#685 = VERTEX_POINT ( 'NONE', #1975 ) ;
#686 = ORIENTED_EDGE ( 'NONE', *, *, #3385, .F. ) ;
#687 = ORIENTED_EDGE ( 'NONE', *, *, #2679, .F. ) ;
#688 = CARTESIAN_POINT ( 'NONE',  ( 2.350000000000000533, -0.5954946213070567707, 0.2000000000000000111 ) ) ;
#689 = EDGE_CURVE ( 'NONE', #679, #1959, #5931, .T. ) ;
#690 = DIRECTION ( 'NONE',  ( 1.000000000000000000, 0.000000000000000000, 0.000000000000000000 ) ) ;
#691 =( LENGTH_UNIT ( ) NAMED_UNIT ( * ) SI_UNIT ( .MILLI., .METRE. ) );
#692 = FACE_OUTER_BOUND ( 'NONE', #2589, .T. ) ;
#693 = LINE ( 'NONE', #3678, #1544 ) ;
#694 = PRESENTATION_STYLE_ASSIGNMENT (( #2238 ) ) ;
#695 = ORIENTED_EDGE ( 'NONE', *, *, #1310, .T. ) ;
#696 = EDGE_CURVE ( 'NONE', #3493, #308, #1490, .T. ) ;
#697 = EDGE_CURVE ( 'NONE', #161, #3593, #3868, .T. ) ;
#698 = LINE ( 'NONE', #3646, #3253 ) ;
#699 = PRESENTATION_STYLE_ASSIGNMENT (( #563 ) ) ;
#700 = CARTESIAN_POINT ( 'NONE',  ( 1.279333081627950008, 1.732498726640149922, 0.08104293853427260719 ) ) ;
#701 = AXIS2_PLACEMENT_3D ( 'NONE', #2332, #3832, #4826 ) ;
#702 = ORIENTED_EDGE ( 'NONE', *, *, #1788, .T. ) ;
#703 = CARTESIAN_POINT ( 'NONE',  ( -2.166808320000790378, -1.551945271034630203, 1.670000000000000151 ) ) ;
#704 = EDGE_CURVE ( 'NONE', #3917, #510, #3379, .T. ) ;
#705 = VECTOR ( 'NONE', #2544, 1000.000000000000000 ) ;
#706 = DIRECTION ( 'NONE',  ( -1.000000000000000000, 0.000000000000000000, 0.000000000000000000 ) ) ;
#707 = ORIENTED_EDGE ( 'NONE', *, *, #4272, .F. ) ;
#708 = DIRECTION ( 'NONE',  ( 0.000000000000000000, -1.000000000000000000, 0.000000000000000000 ) ) ;
#709 = ORIENTED_EDGE ( 'NONE', *, *, #4576, .T. ) ;
#710 = DIRECTION ( 'NONE',  ( -1.000000000000000000, 0.000000000000000000, 0.000000000000000000 ) ) ;
#711 = AXIS2_PLACEMENT_3D ( 'NONE', #3676, #1630, #5646 ) ;
#712 = LINE ( 'NONE', #3662, #4885 ) ;
#713 = CARTESIAN_POINT ( 'NONE',  ( 1.194532035297049877, 1.517608363321570009, 1.892038733626690172 ) ) ;
#714 = VERTEX_POINT ( 'NONE', #1629 ) ;
#715 = CIRCLE ( 'NONE', #4667, 0.1966118409089784302 ) ;
#716 = CARTESIAN_POINT ( 'NONE',  ( -1.244408477699840088, -1.732498726640149922, 1.670000000000000151 ) ) ;
#717 = CARTESIAN_POINT ( 'NONE',  ( -1.198636379818660114, 1.475072618217709852, 0.9912762577585830792 ) ) ;
#718 =( NAMED_UNIT ( * ) SI_UNIT ( $, .STERADIAN. ) SOLID_ANGLE_UNIT ( ) );
#719 = VERTEX_POINT ( 'NONE', #4665 ) ;
#720 = CARTESIAN_POINT ( 'NONE',  ( -1.067585657234540131, -1.554687120496410113, 1.524958015046800064 ) ) ;
#721 = ADVANCED_FACE ( 'NONE', ( #1054 ), #618, .F. ) ;
#722 = COLOUR_RGB ( '',0.6980392156862744724, 0.6980392156862744724, 0.6980392156862744724 ) ;
#723 = CARTESIAN_POINT ( 'NONE',  ( -2.291971193085020175, -1.732668708283519932, 0.5872380108679859934 ) ) ;
#724 = SURFACE_STYLE_USAGE ( .BOTH. , #64 ) ;
#725 =( NAMED_UNIT ( * ) PLANE_ANGLE_UNIT ( ) SI_UNIT ( $, .RADIAN. ) );
#726 = ORIENTED_EDGE ( 'NONE', *, *, #1618, .F. ) ;
#727 = CARTESIAN_POINT ( 'NONE',  ( 1.279333081627950008, 1.473734927972049968, 0.08104293853427260719 ) ) ;
#728 = MECHANICAL_DESIGN_GEOMETRIC_PRESENTATION_REPRESENTATION (  '', ( #3207 ), #394 ) ;
#729 =( NAMED_UNIT ( * ) SI_UNIT ( $, .STERADIAN. ) SOLID_ANGLE_UNIT ( ) );
#730 = LINE ( 'NONE', #3058, #2966 ) ;
#731 = EDGE_CURVE ( 'NONE', #4943, #1272, #5211, .T. ) ;
#732 = ORIENTED_EDGE ( 'NONE', *, *, #2837, .T. ) ;
#733 = AXIS2_PLACEMENT_3D ( 'NONE', #4401, #2471, #4494 ) ;
#734 = EDGE_CURVE ( 'NONE', #1301, #4088, #4531, .T. ) ;
#735 = UNCERTAINTY_MEASURE_WITH_UNIT (LENGTH_MEASURE( 1.000000000000000082E-05 ), #808, 'distance_accuracy_value', 'NONE');
#736 = AXIS2_PLACEMENT_3D ( 'NONE', #164, #4136, #3577 ) ;
#737 =( LENGTH_UNIT ( ) NAMED_UNIT ( * ) SI_UNIT ( .MILLI., .METRE. ) );
#738 = ADVANCED_FACE ( 'NONE', ( #1654 ), #63, .T. ) ;
#739 = VECTOR ( 'NONE', #5397, 1000.000000000000000 ) ;
#740 = EDGE_LOOP ( 'NONE', ( #3400, #4963, #3406, #6297, #5924, #2742, #3137, #3787 ) ) ;
#741 = CARTESIAN_POINT ( 'NONE',  ( -2.350000000000000089, 1.750000000000000000, 0.9912762577585830792 ) ) ;
#742 =( NAMED_UNIT ( * ) PLANE_ANGLE_UNIT ( ) SI_UNIT ( $, .RADIAN. ) );
#743 = PRODUCT_CONTEXT ( 'NONE', #6043, 'mechanical' ) ;
#744 = DIRECTION ( 'NONE',  ( 0.000000000000000000, 1.000000000000000000, 0.000000000000000000 ) ) ;
#745 = MECHANICAL_DESIGN_GEOMETRIC_PRESENTATION_REPRESENTATION (  '', ( #4474 ), #1375 ) ;
#746 = MECHANICAL_DESIGN_GEOMETRIC_PRESENTATION_REPRESENTATION (  '', ( #2130 ), #3243 ) ;
#747 = LINE ( 'NONE', #6214, #4897 ) ;
#748 = UNCERTAINTY_MEASURE_WITH_UNIT (LENGTH_MEASURE( 1.000000000000000082E-05 ), #1438, 'distance_accuracy_value', 'NONE');
#749 = CARTESIAN_POINT ( 'NONE',  ( -1.922816040256440040, -1.551945271034630203, 1.670000000000000151 ) ) ;
#750 = AXIS2_PLACEMENT_3D ( 'NONE', #419, #2007, #2419 ) ;
#751 = ORIENTED_EDGE ( 'NONE', *, *, #5308, .F. ) ;
#752 = CARTESIAN_POINT ( 'NONE',  ( -1.774318189909330101, -1.466061860831830099, 1.524958015046800064 ) ) ;
#753 = VECTOR ( 'NONE', #2168, 1000.000000000000000 ) ;
#754 = VERTEX_POINT ( 'NONE', #4037 ) ;
#755 = VECTOR ( 'NONE', #3073, 999.9999999999998863 ) ;
#756 = FACE_OUTER_BOUND ( 'NONE', #3484, .T. ) ;
#757 = CIRCLE ( 'NONE', #1073, 0.1745482830529370144 ) ;
#758 = MECHANICAL_DESIGN_GEOMETRIC_PRESENTATION_REPRESENTATION (  '', ( #859 ), #3335 ) ;
#759 = VECTOR ( 'NONE', #647, 1000.000000000000000 ) ;
#760 = FILL_AREA_STYLE_COLOUR ( '', #5174 ) ;
#761 = VERTEX_POINT ( 'NONE', #6039 ) ;
#762 = CARTESIAN_POINT ( 'NONE',  ( 1.399999999999999911, -2.286241185967940126, 0.9499004956727240545 ) ) ;
#763 = FILL_AREA_STYLE_COLOUR ( '', #6334 ) ;
#764 = VECTOR ( 'NONE', #2430, 1000.000000000000000 ) ;
#765 = VECTOR ( 'NONE', #462, 1000.000000000000000 ) ;
#766 = STYLED_ITEM ( 'NONE', ( #1918 ), #5353 ) ;
#767 =( NAMED_UNIT ( * ) PLANE_ANGLE_UNIT ( ) SI_UNIT ( $, .RADIAN. ) );
#768 = CARTESIAN_POINT ( 'NONE',  ( 0.000000000000000000, 0.000000000000000000, 0.2000000000000000111 ) ) ;
#769 = EDGE_CURVE ( 'NONE', #5548, #5294, #660, .T. ) ;
#770 = AXIS2_PLACEMENT_3D ( 'NONE', #6267, #1872, #1817 ) ;
#771 = FACE_OUTER_BOUND ( 'NONE', #6015, .T. ) ;
#772 = EDGE_CURVE ( 'NONE', #3583, #5735, #5540, .T. ) ;
#773 = VERTEX_POINT ( 'NONE', #5043 ) ;
#774 = LINE ( 'NONE', #2755, #2741 ) ;
#775 = DIRECTION ( 'NONE',  ( 1.000000000000000000, 0.000000000000000000, 0.000000000000000000 ) ) ;
#776 = DIRECTION ( 'NONE',  ( 0.000000000000000000, 0.000000000000000000, -1.000000000000000000 ) ) ;
#777 = SURFACE_STYLE_USAGE ( .BOTH. , #5235 ) ;
#778 = ADVANCED_FACE ( 'NONE', ( #4564 ), #4638, .T. ) ;
#779 =( NAMED_UNIT ( * ) PLANE_ANGLE_UNIT ( ) SI_UNIT ( $, .RADIAN. ) );
#780 =( NAMED_UNIT ( * ) PLANE_ANGLE_UNIT ( ) SI_UNIT ( $, .RADIAN. ) );
#781 = ORIENTED_EDGE ( 'NONE', *, *, #4, .T. ) ;
#782 = CARTESIAN_POINT ( 'NONE',  ( -0.4647840932999509622, 0.9018052454393200579, 1.670000000000000151 ) ) ;
#783 = ORIENTED_EDGE ( 'NONE', *, *, #2131, .F. ) ;
#784 = DIRECTION ( 'NONE',  ( 1.000000000000000000, 0.000000000000000000, 0.000000000000000000 ) ) ;
#785 = CARTESIAN_POINT ( 'NONE',  ( -2.291971193085020175, -1.732668708283519932, 0.5872380108679859934 ) ) ;
#786 = LINE ( 'NONE', #2765, #6263 ) ;
#787 = CARTESIAN_POINT ( 'NONE',  ( -2.350000000000000089, 1.475072618217709852, 0.9912762577585830792 ) ) ;
#788 = DIRECTION ( 'NONE',  ( 1.000000000000000000, 6.977398648951700478E-15, 0.000000000000000000 ) ) ;
#789 = ORIENTED_EDGE ( 'NONE', *, *, #689, .T. ) ;
#790 =( LENGTH_UNIT ( ) NAMED_UNIT ( * ) SI_UNIT ( .MILLI., .METRE. ) );
#791 = DIRECTION ( 'NONE',  ( 1.000000000000000000, 0.000000000000000000, 0.000000000000000000 ) ) ;
#792 = DIRECTION ( 'NONE',  ( 1.000000000000000000, 6.977398648951600293E-15, 0.000000000000000000 ) ) ;
#793 =( NAMED_UNIT ( * ) SI_UNIT ( $, .STERADIAN. ) SOLID_ANGLE_UNIT ( ) );
#794 = DIRECTION ( 'NONE',  ( 0.000000000000000000, 0.000000000000000000, -1.000000000000000000 ) ) ;
#795 = PLANE ( 'NONE',  #5863 ) ;
#796 = UNCERTAINTY_MEASURE_WITH_UNIT (LENGTH_MEASURE( 1.000000000000000082E-05 ), #790, 'distance_accuracy_value', 'NONE');
#797 = DIRECTION ( 'NONE',  ( 1.000000000000000000, 0.000000000000000000, 0.000000000000000000 ) ) ;
#798 = CARTESIAN_POINT ( 'NONE',  ( 1.399999999999999911, -2.286241185967940126, 1.670000000000000151 ) ) ;
#799 = EDGE_LOOP ( 'NONE', ( #4610, #414, #5893, #2662 ) ) ;
#800 = FACE_OUTER_BOUND ( 'NONE', #4620, .T. ) ;
#801 = LINE ( 'NONE', #1410, #5538 ) ;
#802 =( NAMED_UNIT ( * ) SI_UNIT ( $, .STERADIAN. ) SOLID_ANGLE_UNIT ( ) );
#803 = CARTESIAN_POINT ( 'NONE',  ( 1.198636379818660114, -1.750000000000000000, 0.000000000000000000 ) ) ;
#804 = DIRECTION ( 'NONE',  ( -6.123031769111888756E-17, -1.000000000000000000, 0.000000000000000000 ) ) ;
#805 = AXIS2_PLACEMENT_3D ( 'NONE', #4981, #5445, #5981 ) ;
#806 = FILL_AREA_STYLE_COLOUR ( '', #5850 ) ;
#807 = UNCERTAINTY_MEASURE_WITH_UNIT (LENGTH_MEASURE( 1.000000000000000082E-05 ), #3857, 'distance_accuracy_value', 'NONE');
#808 =( LENGTH_UNIT ( ) NAMED_UNIT ( * ) SI_UNIT ( .MILLI., .METRE. ) );
#809 = VERTEX_POINT ( 'NONE', #2105 ) ;
#810 = PLANE ( 'NONE',  #6155 ) ;
#811 = EDGE_LOOP ( 'NONE', ( #5966, #6087, #4102, #2769 ) ) ;
#812 = SURFACE_STYLE_FILL_AREA ( #5824 ) ;
#813 = EDGE_CURVE ( 'NONE', #6314, #3729, #3578, .T. ) ;
#814 =( GEOMETRIC_REPRESENTATION_CONTEXT ( 3 ) GLOBAL_UNCERTAINTY_ASSIGNED_CONTEXT ( ( #337 ) ) GLOBAL_UNIT_ASSIGNED_CONTEXT ( ( #691, #5078, #3548 ) ) REPRESENTATION_CONTEXT ( 'NONE', 'WORKASPACE' ) );
#815 = PLANE ( 'NONE',  #4619 ) ;
#816 = CARTESIAN_POINT ( 'NONE',  ( 2.350000000000000533, -0.5954946213070567707, 0.2000000000000000111 ) ) ;
#817 = EDGE_CURVE ( 'NONE', #5105, #966, #4606, .T. ) ;
#818 = VECTOR ( 'NONE', #3033, 1000.000000000000000 ) ;
#819 = FILL_AREA_STYLE ('',( #2264 ) ) ;
#820 = EDGE_LOOP ( 'NONE', ( #5286, #5563, #1809, #2513 ) ) ;
#821 = ORIENTED_EDGE ( 'NONE', *, *, #265, .T. ) ;
#822 = FACE_OUTER_BOUND ( 'NONE', #6362, .T. ) ;
#823 = DIRECTION ( 'NONE',  ( 0.000000000000000000, -1.000000000000000000, 0.000000000000000000 ) ) ;
#824 =( GEOMETRIC_REPRESENTATION_CONTEXT ( 3 ) GLOBAL_UNCERTAINTY_ASSIGNED_CONTEXT ( ( #274 ) ) GLOBAL_UNIT_ASSIGNED_CONTEXT ( ( #2887, #4408, #2510 ) ) REPRESENTATION_CONTEXT ( 'NONE', 'WORKASPACE' ) );
#825 = UNCERTAINTY_MEASURE_WITH_UNIT (LENGTH_MEASURE( 1.000000000000000082E-05 ), #1373, 'distance_accuracy_value', 'NONE');
#826 = CARTESIAN_POINT ( 'NONE',  ( -0.2021725488640349622, 1.350000000000000089, -0.5988918829267962929 ) ) ;
#827 = CARTESIAN_POINT ( 'NONE',  ( -1.198636379818660114, 1.750000000000000000, 1.524958015046800064 ) ) ;
#828 =( NAMED_UNIT ( * ) SI_UNIT ( $, .STERADIAN. ) SOLID_ANGLE_UNIT ( ) );
#829 = PRESENTATION_LAYER_ASSIGNMENT (  '', '', ( #3207 ) ) ;
#830 = VECTOR ( 'NONE', #5613, 1000.000000000000000 ) ;
#831 = EDGE_CURVE ( 'NONE', #1816, #2992, #1682, .T. ) ;
#832 = ORIENTED_EDGE ( 'NONE', *, *, #205, .F. ) ;
#833 = DIRECTION ( 'NONE',  ( -1.000000000000000000, 0.000000000000000000, 1.004436343290279943E-16 ) ) ;
#834 = DIRECTION ( 'NONE',  ( 0.000000000000000000, 0.000000000000000000, 1.000000000000000000 ) ) ;
#835 = LINE ( 'NONE', #4534, #2300 ) ;
#836 = CARTESIAN_POINT ( 'NONE',  ( -0.4502168081889539875, 0.7272569623863829325, 1.670000000000000151 ) ) ;
#837 = VECTOR ( 'NONE', #5961, 1000.000000000000000 ) ;
#838 = CARTESIAN_POINT ( 'NONE',  ( 2.214855333278670013, 1.732498726640149922, 0.08104293853427260719 ) ) ;
#839 = STYLED_ITEM ( 'NONE', ( #2547 ), #4636 ) ;
#840 = ORIENTED_EDGE ( 'NONE', *, *, #6301, .T. ) ;
#841 = DIRECTION ( 'NONE',  ( -1.000000000000000000, 0.000000000000000000, 0.000000000000000000 ) ) ;
#842 = VERTEX_POINT ( 'NONE', #4385 ) ;
#843 = DIRECTION ( 'NONE',  ( 1.000000000000000000, 0.000000000000000000, 0.000000000000000000 ) ) ;
#844 = ORIENTED_EDGE ( 'NONE', *, *, #3461, .F. ) ;
#845 = CARTESIAN_POINT ( 'NONE',  ( 1.198636379818660114, 1.475072618217709852, 0.9912762577585830792 ) ) ;
#846 = COLOUR_RGB ( '',0.2000000000000000111, 0.2000000000000000111, 0.2000000000000000111 ) ;
#847 = PRESENTATION_LAYER_ASSIGNMENT (  '', '', ( #1591 ) ) ;
#848 = EDGE_CURVE ( 'NONE', #2301, #5186, #234, .T. ) ;
#849 = UNCERTAINTY_MEASURE_WITH_UNIT (LENGTH_MEASURE( 1.000000000000000082E-05 ), #5647, 'distance_accuracy_value', 'NONE');
#850 = AXIS2_PLACEMENT_3D ( 'NONE', #4277, #6265, #1334 ) ;
#851 = EDGE_CURVE ( 'NONE', #5916, #1390, #786, .T. ) ;
#852 = CARTESIAN_POINT ( 'NONE',  ( 1.399999999999999911, -2.753959618851870239, 0.2700000000000000178 ) ) ;
#853 = SURFACE_SIDE_STYLE ('',( #4333 ) ) ;
#854 = EDGE_LOOP ( 'NONE', ( #2012, #2048, #6139, #3465 ) ) ;
#855 = FILL_AREA_STYLE_COLOUR ( '', #4569 ) ;
#856 = DIRECTION ( 'NONE',  ( 0.000000000000000000, 0.000000000000000000, 1.000000000000000000 ) ) ;
#857 = AXIS2_PLACEMENT_3D ( 'NONE', #5524, #54, #183 ) ;
#858 = VECTOR ( 'NONE', #1411, 1000.000000000000000 ) ;
#859 = STYLED_ITEM ( 'NONE', ( #4715 ), #1016 ) ;
#860 = PRESENTATION_LAYER_ASSIGNMENT (  '', '', ( #4491 ) ) ;
#861 = EDGE_CURVE ( 'NONE', #6134, #3707, #3440, .T. ) ;
#862 = FACE_OUTER_BOUND ( 'NONE', #5506, .T. ) ;
#863 = FILL_AREA_STYLE_COLOUR ( '', #4905 ) ;
#864 = DIRECTION ( 'NONE',  ( 0.000000000000000000, 0.000000000000000000, -1.000000000000000000 ) ) ;
#865 = CARTESIAN_POINT ( 'NONE',  ( 1.399999999999999911, -2.286241185967940126, 1.670000000000000151 ) ) ;
#866 = DIRECTION ( 'NONE',  ( 0.000000000000000000, 0.000000000000000000, -1.000000000000000000 ) ) ;
#867 = VECTOR ( 'NONE', #1468, 1000.000000000000000 ) ;
#868 = CARTESIAN_POINT ( 'NONE',  ( -1.742310449531560002, -1.732498726640149922, 1.570000000000000062 ) ) ;
#869 = FILL_AREA_STYLE ('',( #5880 ) ) ;
#870 = ORIENTED_EDGE ( 'NONE', *, *, #2526, .T. ) ;
#871 = LINE ( 'NONE', #3778, #5858 ) ;
#872 = FILL_AREA_STYLE ('',( #5233 ) ) ;
#873 = CARTESIAN_POINT ( 'NONE',  ( 2.292007969290591696, -1.732448372125148683, 0.5872380108679859934 ) ) ;
#874 = AXIS2_PLACEMENT_3D ( 'NONE', #4489, #2247, #3201 ) ;
#875 = DIRECTION ( 'NONE',  ( 0.000000000000000000, 0.000000000000000000, -1.000000000000000000 ) ) ;
#876 = ORIENTED_EDGE ( 'NONE', *, *, #2980, .F. ) ;
#877 = FACE_OUTER_BOUND ( 'NONE', #2138, .T. ) ;
#878 =( GEOMETRIC_REPRESENTATION_CONTEXT ( 3 ) GLOBAL_UNCERTAINTY_ASSIGNED_CONTEXT ( ( #5817 ) ) GLOBAL_UNIT_ASSIGNED_CONTEXT ( ( #1649, #3111, #2569 ) ) REPRESENTATION_CONTEXT ( 'NONE', 'WORKASPACE' ) );
#879 = VERTEX_POINT ( 'NONE', #5382 ) ;
#880 = PLANE ( 'NONE',  #624 ) ;
#881 = DIRECTION ( 'NONE',  ( 1.000000000000000000, 0.000000000000000000, 0.000000000000000000 ) ) ;
#882 = EDGE_LOOP ( 'NONE', ( #5776, #1951, #1025, #978 ) ) ;
#883 = VERTEX_POINT ( 'NONE', #5741 ) ;
#884 =( LENGTH_UNIT ( ) NAMED_UNIT ( * ) SI_UNIT ( .MILLI., .METRE. ) );
#885 = ADVANCED_FACE ( 'NONE', ( #903 ), #5710, .F. ) ;
#886 = FILL_AREA_STYLE ('',( #763 ) ) ;
#887 = ADVANCED_FACE ( 'NONE', ( #4210 ), #4753, .F. ) ;
#888 = DIRECTION ( 'NONE',  ( -1.000000000000000000, 0.000000000000000000, 0.000000000000000000 ) ) ;
#889 = FACE_OUTER_BOUND ( 'NONE', #6011, .T. ) ;
#890 = FILL_AREA_STYLE ('',( #1943 ) ) ;
#891 = LINE ( 'NONE', #3771, #4758 ) ;
#892 = ORIENTED_EDGE ( 'NONE', *, *, #1379, .F. ) ;
#893 = PLANE ( 'NONE',  #4961 ) ;
#894 = EDGE_CURVE ( 'NONE', #6135, #6314, #3329, .T. ) ;
#895 = ADVANCED_FACE ( 'NONE', ( #3846 ), #5853, .T. ) ;
#896 = FILL_AREA_STYLE_COLOUR ( '', #543 ) ;
#897 = DIRECTION ( 'NONE',  ( 0.000000000000000000, 0.000000000000000000, 1.000000000000000000 ) ) ;
#898 = ORIENTED_EDGE ( 'NONE', *, *, #5312, .F. ) ;
#899 = CARTESIAN_POINT ( 'NONE',  ( -1.742310449531554895, -1.731642192079505538, 1.599220783381617661 ) ) ;
#900 = SURFACE_STYLE_USAGE ( .BOTH. , #6327 ) ;
#901 = EDGE_CURVE ( 'NONE', #842, #218, #570, .T. ) ;
#902 = CARTESIAN_POINT ( 'NONE',  ( -1.135441809735770136, 1.473734927972049968, 1.524958015046800064 ) ) ;
#903 = FACE_OUTER_BOUND ( 'NONE', #5460, .T. ) ;
#904 = ORIENTED_EDGE ( 'NONE', *, *, #658, .T. ) ;
#905 = STYLED_ITEM ( 'NONE', ( #3321 ), #1315 ) ;
#906 = VERTEX_POINT ( 'NONE', #6022 ) ;
#907 = LINE ( 'NONE', #2876, #5928 ) ;
#908 = AXIS2_PLACEMENT_3D ( 'NONE', #2674, #1593, #619 ) ;
#909 = DIRECTION ( 'NONE',  ( -1.000000000000000000, 0.000000000000000000, 0.000000000000000000 ) ) ;
#910 = ORIENTED_EDGE ( 'NONE', *, *, #1464, .T. ) ;
#911 = DIRECTION ( 'NONE',  ( 1.034811376647109888E-16, 4.973983416792000732E-21, -1.000000000000000000 ) ) ;
#912 = EDGE_CURVE ( 'NONE', #1772, #1516, #6053, .T. ) ;
#913 = ORIENTED_EDGE ( 'NONE', *, *, #392, .F. ) ;
#914 = ORIENTED_EDGE ( 'NONE', *, *, #2675, .F. ) ;
#915 =( NAMED_UNIT ( * ) PLANE_ANGLE_UNIT ( ) SI_UNIT ( $, .RADIAN. ) );
#916 = VECTOR ( 'NONE', #4228, 1000.000000000000000 ) ;
#917 = CARTESIAN_POINT ( 'NONE',  ( -0.4502168081889539875, 0.9018052454393200579, 1.670000000000000151 ) ) ;
#918 =( LENGTH_UNIT ( ) NAMED_UNIT ( * ) SI_UNIT ( .MILLI., .METRE. ) );
#919 = CARTESIAN_POINT ( 'NONE',  ( -1.399999999999999911, -2.286241185967940126, 0.2700000000000000178 ) ) ;
#920 = DIRECTION ( 'NONE',  ( 0.000000000000000000, 0.000000000000000000, -1.000000000000000000 ) ) ;
#921 = CARTESIAN_POINT ( 'NONE',  ( -2.950000000000000178, -1.095494621307057770, 0.2000000000000000111 ) ) ;
#922 = DIRECTION ( 'NONE',  ( 0.000000000000000000, 0.000000000000000000, 1.000000000000000000 ) ) ;
#923 = EDGE_LOOP ( 'NONE', ( #1047, #4774, #1520, #2864 ) ) ;
#924 = VECTOR ( 'NONE', #5593, 1000.000000000000000 ) ;
#925 = ADVANCED_FACE ( 'NONE', ( #3464, #2958, #438 ), #2056, .F. ) ;
#926 = LINE ( 'NONE', #6427, #1308 ) ;
#927 = LINE ( 'NONE', #5470, #635 ) ;
#928 = VECTOR ( 'NONE', #3641, 1000.000000000000000 ) ;
#929 = ORIENTED_EDGE ( 'NONE', *, *, #30, .F. ) ;
#930 = LINE ( 'NONE', #4890, #548 ) ;
#931 = CARTESIAN_POINT ( 'NONE',  ( -1.742310449531560002, -1.558656565019939988, 0.9499004956727240545 ) ) ;
#932 = EDGE_CURVE ( 'NONE', #754, #1652, #1609, .T. ) ;
#933 = LINE ( 'NONE', #2929, #4283 ) ;
#934 = PRESENTATION_LAYER_ASSIGNMENT (  '', '', ( #5504 ) ) ;
#935 = VERTEX_POINT ( 'NONE', #49 ) ;
#936 = ORIENTED_EDGE ( 'NONE', *, *, #3054, .T. ) ;
#937 = CARTESIAN_POINT ( 'NONE',  ( -2.291979555982049721, -1.558682985728889969, 0.9499004956727240545 ) ) ;
#938 = LINE ( 'NONE', #4417, #529 ) ;
#939 = ORIENTED_EDGE ( 'NONE', *, *, #135, .F. ) ;
#940 = LINE ( 'NONE', #3401, #6141 ) ;
#941 = VECTOR ( 'NONE', #1703, 1000.000000000000000 ) ;
#942 = FACE_OUTER_BOUND ( 'NONE', #6332, .T. ) ;
#943 = CARTESIAN_POINT ( 'NONE',  ( -0.1966118409089783470, 1.350000000000000089, -0.6035212073282351097 ) ) ;
#944 = ORIENTED_EDGE ( 'NONE', *, *, #2103, .T. ) ;
#945 = EDGE_LOOP ( 'NONE', ( #4447, #1134, #4167, #4425 ) ) ;
#946 = CARTESIAN_POINT ( 'NONE',  ( -2.950000000000000178, 0.6045053786929398543, 0.000000000000000000 ) ) ;
#947 = DIRECTION ( 'NONE',  ( 0.000000000000000000, 0.000000000000000000, 1.000000000000000000 ) ) ;
#948 = VECTOR ( 'NONE', #5649, 1000.000000000000000 ) ;
#949 = MECHANICAL_DESIGN_GEOMETRIC_PRESENTATION_REPRESENTATION (  '', ( #3744 ), #4374 ) ;
#950 = VECTOR ( 'NONE', #4225, 1000.000000000000000 ) ;
#951 = LINE ( 'NONE', #3351, #112 ) ;
#952 = CYLINDRICAL_SURFACE ( 'NONE', #1095, 0.1768228204653010394 ) ;
#953 = DIRECTION ( 'NONE',  ( 0.000000000000000000, 1.000000000000000000, 0.000000000000000000 ) ) ;
#954 = CARTESIAN_POINT ( 'NONE',  ( -1.198636379818660114, -1.466061860831830099, 0.000000000000000000 ) ) ;
#955 = FILL_AREA_STYLE ('',( #1057 ) ) ;
#956 = CIRCLE ( 'NONE', #4602, 0.1895074269560790003 ) ;
#957 = CIRCLE ( 'NONE', #5840, 0.1745482830529370144 ) ;
#958 =( GEOMETRIC_REPRESENTATION_CONTEXT ( 3 ) GLOBAL_UNCERTAINTY_ASSIGNED_CONTEXT ( ( #4048 ) ) GLOBAL_UNIT_ASSIGNED_CONTEXT ( ( #3449, #5897, #4848 ) ) REPRESENTATION_CONTEXT ( 'NONE', 'WORKASPACE' ) );
#959 = CLOSED_SHELL ( 'NONE', ( #1983, #1063, #5486, #6142, #3061, #6207 ) ) ;
#960 = ORIENTED_EDGE ( 'NONE', *, *, #2140, .T. ) ;
#961 = AXIS2_PLACEMENT_3D ( 'NONE', #210, #3169, #1735 ) ;
#962 = CARTESIAN_POINT ( 'NONE',  ( 2.350000000000000533, -0.5954946213070567707, 0.000000000000000000 ) ) ;
#963 = CARTESIAN_POINT ( 'NONE',  ( 0.2021725488640349622, -1.350000000000000089, -0.5988918829267962929 ) ) ;
#964 = CARTESIAN_POINT ( 'NONE',  ( 0.2756685251360169731, -0.5073416627111608790, 1.670000000000000151 ) ) ;
#965 = AXIS2_PLACEMENT_3D ( 'NONE', #4256, #875, #5816 ) ;
#966 = VERTEX_POINT ( 'NONE', #2434 ) ;
#967 =( NAMED_UNIT ( * ) SI_UNIT ( $, .STERADIAN. ) SOLID_ANGLE_UNIT ( ) );
#968 = CARTESIAN_POINT ( 'NONE',  ( 1.067585657234540131, -1.554687120496410113, 1.670000000000000151 ) ) ;
#969 = ADVANCED_FACE ( 'NONE', ( #4476 ), #1472, .T. ) ;
#970 = EDGE_CURVE ( 'NONE', #4135, #4440, #1077, .T. ) ;
#971 = AXIS2_PLACEMENT_3D ( 'NONE', #626, #4112, #4537 ) ;
#972 = CARTESIAN_POINT ( 'NONE',  ( 8.266092888301050437E-17, 1.350000000000000089, 0.05835212073282350365 ) ) ;
#973 = EDGE_LOOP ( 'NONE', ( #3902, #324, #2092, #3751 ) ) ;
#974 = DIRECTION ( 'NONE',  ( 0.000000000000000000, 0.000000000000000000, -1.000000000000000000 ) ) ;
#975 = ORIENTED_EDGE ( 'NONE', *, *, #970, .F. ) ;
#976 = CARTESIAN_POINT ( 'NONE',  ( -1.244325199552470007, -1.732558537085290062, 0.9499004956727240545 ) ) ;
#977 = VECTOR ( 'NONE', #2302, 1000.000000000000000 ) ;
#978 = ORIENTED_EDGE ( 'NONE', *, *, #6373, .T. ) ;
#979 = LINE ( 'NONE', #5860, #4874 ) ;
#980 = ADVANCED_FACE ( 'NONE', ( #4050 ), #4414, .F. ) ;
#981 = EDGE_CURVE ( 'NONE', #1078, #5585, #3202, .T. ) ;
#982 = VECTOR ( 'NONE', #2537, 1000.000000000000000 ) ;
#983 = DIRECTION ( 'NONE',  ( 1.000000000000000000, 0.000000000000000000, 0.000000000000000000 ) ) ;
#984 =( LENGTH_UNIT ( ) NAMED_UNIT ( * ) SI_UNIT ( .MILLI., .METRE. ) );
#985 = DIRECTION ( 'NONE',  ( 0.000000000000000000, 0.000000000000000000, -1.000000000000000000 ) ) ;
#986 = EDGE_LOOP ( 'NONE', ( #4477, #3952, #3405, #60 ) ) ;
#987 = ORIENTED_EDGE ( 'NONE', *, *, #3339, .F. ) ;
#988 =( LENGTH_UNIT ( ) NAMED_UNIT ( * ) SI_UNIT ( .MILLI., .METRE. ) );
#989 = LINE ( 'NONE', #5360, #5822 ) ;
#990 = AXIS2_PLACEMENT_3D ( 'NONE', #500, #3069, #2592 ) ;
#991 = DIRECTION ( 'NONE',  ( 0.000000000000000000, -1.000000000000000000, 0.000000000000000000 ) ) ;
#992 = PLANE ( 'NONE',  #4486 ) ;
#993 = CARTESIAN_POINT ( 'NONE',  ( 1.198636379818660114, 1.475072618217709852, 0.9360832168907079476 ) ) ;
#994 = CARTESIAN_POINT ( 'NONE',  ( -2.950000000000000178, 1.104505378692939743, 0.2000000000000000111 ) ) ;
#995 = FACE_OUTER_BOUND ( 'NONE', #5519, .T. ) ;
#996 = LINE ( 'NONE', #4941, #3740 ) ;
#997 = ORIENTED_EDGE ( 'NONE', *, *, #6192, .F. ) ;
#998 = DIRECTION ( 'NONE',  ( -1.000000000000000000, 0.000000000000000000, 0.000000000000000000 ) ) ;
#999 = CARTESIAN_POINT ( 'NONE',  ( -2.950000000000000178, -1.095494621307057770, 0.000000000000000000 ) ) ;
#1000 = ORIENTED_EDGE ( 'NONE', *, *, #362, .T. ) ;
#1001 = DIRECTION ( 'NONE',  ( 0.000000000000000000, 0.000000000000000000, -1.000000000000000000 ) ) ;
#1002 = CARTESIAN_POINT ( 'NONE',  ( -2.166808320000790378, 1.388146906716230200, 1.670000000000000151 ) ) ;
#1003 = CARTESIAN_POINT ( 'NONE',  ( 0.6550263814446110056, 0.7115629572946600145, 1.670000000000000151 ) ) ;
#1004 = DIRECTION ( 'NONE',  ( -1.000000000000000000, 0.000000000000000000, 0.000000000000000000 ) ) ;
#1005 = ORIENTED_EDGE ( 'NONE', *, *, #3743, .F. ) ;
#1006 = EDGE_LOOP ( 'NONE', ( #5977, #4110, #3178, #3726 ) ) ;
#1007 = CYLINDRICAL_SURFACE ( 'NONE', #6128, 0.1805055907248848679 ) ;
#1008 = PLANE ( 'NONE',  #6272 ) ;
#1009 = ORIENTED_EDGE ( 'NONE', *, *, #1460, .T. ) ;
#1010 =( LENGTH_UNIT ( ) NAMED_UNIT ( * ) SI_UNIT ( .MILLI., .METRE. ) );
#1011 = LINE ( 'NONE', #3534, #3337 ) ;
#1012 = EDGE_CURVE ( 'NONE', #289, #2695, #22, .T. ) ;
#1013 =( NAMED_UNIT ( * ) SI_UNIT ( $, .STERADIAN. ) SOLID_ANGLE_UNIT ( ) );
#1014 = ORIENTED_EDGE ( 'NONE', *, *, #1345, .F. ) ;
#1015 = LINE ( 'NONE', #5926, #2287 ) ;
#1016 = ADVANCED_FACE ( 'NONE', ( #678 ), #4680, .T. ) ;
#1017 = CARTESIAN_POINT ( 'NONE',  ( -1.194532035297049877, 1.517608363321570009, 1.892038733626690172 ) ) ;
#1018 = ADVANCED_FACE ( 'NONE', ( #4123 ), #5693, .F. ) ;
#1019 = DIRECTION ( 'NONE',  ( 0.000000000000000000, 0.000000000000000000, -1.000000000000000000 ) ) ;
#1020 = CARTESIAN_POINT ( 'NONE',  ( 0.000000000000000000, 1.732498726640149922, 1.670000000000000151 ) ) ;
#1021 = LINE ( 'NONE', #4878, #705 ) ;
#1022 = MECHANICAL_DESIGN_GEOMETRIC_PRESENTATION_REPRESENTATION (  '', ( #182 ), #1447 ) ;
#1023 = LINE ( 'NONE', #921, #6341 ) ;
#1024 = FILL_AREA_STYLE_COLOUR ( '', #1675 ) ;
#1025 = ORIENTED_EDGE ( 'NONE', *, *, #2260, .T. ) ;
#1026 = EDGE_LOOP ( 'NONE', ( #4698, #5503, #6157, #3457, #5161, #2195, #702, #3996, #3131, #2596, #5295, #5231, #4661, #5430 ) ) ;
#1027 = DIRECTION ( 'NONE',  ( 0.000000000000000000, 0.000000000000000000, -1.000000000000000000 ) ) ;
#1028 =( NAMED_UNIT ( * ) PLANE_ANGLE_UNIT ( ) SI_UNIT ( $, .RADIAN. ) );
#1029 = VECTOR ( 'NONE', #1957, 1000.000000000000000 ) ;
#1030 = LINE ( 'NONE', #4047, #2818 ) ;
#1031 = CIRCLE ( 'NONE', #2788, 0.1805055907248848679 ) ;
#1032 = SURFACE_STYLE_FILL_AREA ( #4444 ) ;
#1033 = ORIENTED_EDGE ( 'NONE', *, *, #6004, .F. ) ;
#1034 = CARTESIAN_POINT ( 'NONE',  ( 0.4807147255954329901, -0.6968490896672390189, 1.524958015046800064 ) ) ;
#1035 = FACE_OUTER_BOUND ( 'NONE', #6283, .T. ) ;
#1036 = CARTESIAN_POINT ( 'NONE',  ( -8.266092888301050437E-17, -1.350000000000000089, -0.6035212073282351097 ) ) ;
#1037 = EDGE_LOOP ( 'NONE', ( #2153, #3688, #5123, #4588, #3487, #1640 ) ) ;
#1038 = SURFACE_STYLE_FILL_AREA ( #4482 ) ;
#1039 = ORIENTED_EDGE ( 'NONE', *, *, #5715, .T. ) ;
#1040 = LINE ( 'NONE', #6028, #1619 ) ;
#1041 = AXIS2_PLACEMENT_3D ( 'NONE', #762, #4362, #6315 ) ;
#1042 =( NAMED_UNIT ( * ) PLANE_ANGLE_UNIT ( ) SI_UNIT ( $, .RADIAN. ) );
#1043 = MECHANICAL_DESIGN_GEOMETRIC_PRESENTATION_REPRESENTATION (  '', ( #2704 ), #3936 ) ;
#1044 = CARTESIAN_POINT ( 'NONE',  ( 0.2756685251360169731, 0.7015834068728459272, 1.524958015046800064 ) ) ;
#1045 = DIRECTION ( 'NONE',  ( 0.000000000000000000, 0.000000000000000000, 1.000000000000000000 ) ) ;
#1046 = ORIENTED_EDGE ( 'NONE', *, *, #1713, .T. ) ;
#1047 = ORIENTED_EDGE ( 'NONE', *, *, #2448, .T. ) ;
#1048 = FILL_AREA_STYLE ('',( #4493 ) ) ;
#1049 =( NAMED_UNIT ( * ) SI_UNIT ( $, .STERADIAN. ) SOLID_ANGLE_UNIT ( ) );
#1050 = EDGE_CURVE ( 'NONE', #5650, #2846, #254, .T. ) ;
#1051 = STYLED_ITEM ( 'NONE', ( #5074 ), #4949 ) ;
#1052 = EDGE_CURVE ( 'NONE', #1816, #2435, #2588, .T. ) ;
#1053 = PLANE ( 'NONE',  #3427 ) ;
#1054 = FACE_OUTER_BOUND ( 'NONE', #2571, .T. ) ;
#1055 = CARTESIAN_POINT ( 'NONE',  ( 0.5844210245061349784, -1.732498726640149922, 1.524958015046800064 ) ) ;
#1056 = DIRECTION ( 'NONE',  ( 0.000000000000000000, 0.000000000000000000, -1.000000000000000000 ) ) ;
#1057 = FILL_AREA_STYLE_COLOUR ( '', #3923 ) ;
#1058 = VECTOR ( 'NONE', #3035, 1000.000000000000000 ) ;
#1059 = VERTEX_POINT ( 'NONE', #638 ) ;
#1060 = MANIFOLD_SOLID_BREP ( 'Boss-Extrude1[4]', #959 ) ;
#1061 = EDGE_CURVE ( 'NONE', #1567, #577, #649, .T. ) ;
#1062 = AXIS2_PLACEMENT_3D ( 'NONE', #236, #1327, #1262 ) ;
#1063 = ADVANCED_FACE ( 'NONE', ( #1851 ), #3779, .T. ) ;
#1064 = VERTEX_POINT ( 'NONE', #5786 ) ;
#1065 = DIRECTION ( 'NONE',  ( 0.000000000000000000, 0.000000000000000000, -1.000000000000000000 ) ) ;
#1066 = CARTESIAN_POINT ( 'NONE',  ( -1.399999999999999911, -2.753959618851870239, 0.2700000000000000178 ) ) ;
#1067 = VECTOR ( 'NONE', #4521, 1000.000000000000000 ) ;
#1068 = ORIENTED_EDGE ( 'NONE', *, *, #5922, .F. ) ;
#1069 = SURFACE_SIDE_STYLE ('',( #5909 ) ) ;
#1070 = AXIS2_PLACEMENT_3D ( 'NONE', #2040, #1019, #4846 ) ;
#1071 = PRESENTATION_LAYER_ASSIGNMENT (  '', '', ( #3841 ) ) ;
#1072 = CARTESIAN_POINT ( 'NONE',  ( 0.7025842957044551307, -1.614001858628919983, 1.524958015046800064 ) ) ;
#1073 = AXIS2_PLACEMENT_3D ( 'NONE', #4192, #6143, #5691 ) ;
#1074 = MANIFOLD_SOLID_BREP ( 'Boss-Extrude1[1]', #3014 ) ;
#1075 =( GEOMETRIC_REPRESENTATION_CONTEXT ( 3 ) GLOBAL_UNCERTAINTY_ASSIGNED_CONTEXT ( ( #5621 ) ) GLOBAL_UNIT_ASSIGNED_CONTEXT ( ( #6364, #2866, #6299 ) ) REPRESENTATION_CONTEXT ( 'NONE', 'WORKASPACE' ) );
#1076 = VECTOR ( 'NONE', #5168, 1000.000000000000000 ) ;
#1077 = LINE ( 'NONE', #467, #4076 ) ;
#1078 = VERTEX_POINT ( 'NONE', #3268 ) ;
#1079 = ORIENTED_EDGE ( 'NONE', *, *, #1901, .F. ) ;
#1080 =( NAMED_UNIT ( * ) SI_UNIT ( $, .STERADIAN. ) SOLID_ANGLE_UNIT ( ) );
#1081 = CARTESIAN_POINT ( 'NONE',  ( 2.330606684319190158, 1.388146906716230200, 1.670000000000000151 ) ) ;
#1082 = LINE ( 'NONE', #1645, #1058 ) ;
#1083 = DIRECTION ( 'NONE',  ( -1.000000000000000000, -0.000000000000000000, -0.000000000000000000 ) ) ;
#1084 = VECTOR ( 'NONE', #3944, 1000.000000000000000 ) ;
#1085 = ORIENTED_EDGE ( 'NONE', *, *, #4860, .F. ) ;
#1086 = VECTOR ( 'NONE', #1346, 1000.000000000000000 ) ;
#1087 = DIRECTION ( 'NONE',  ( 0.000000000000000000, 0.000000000000000000, -1.000000000000000000 ) ) ;
#1088 = VECTOR ( 'NONE', #2456, 999.9999999999998863 ) ;
#1089 = CARTESIAN_POINT ( 'NONE',  ( 1.244408477699840088, -1.558656565019939988, 1.524958015046800064 ) ) ;
#1090 = FACE_OUTER_BOUND ( 'NONE', #2691, .T. ) ;
#1091 = AXIS2_PLACEMENT_3D ( 'NONE', #2218, #6117, #6209 ) ;
#1092 = VERTEX_POINT ( 'NONE', #3753 ) ;
#1093 = ORIENTED_EDGE ( 'NONE', *, *, #3133, .T. ) ;
#1094 = PRESENTATION_STYLE_ASSIGNMENT (( #4033 ) ) ;
#1095 = AXIS2_PLACEMENT_3D ( 'NONE', #2450, #1489, #3251 ) ;
#1096 = AXIS2_PLACEMENT_3D ( 'NONE', #2354, #332, #2774 ) ;
#1097 = CARTESIAN_POINT ( 'NONE',  ( 2.292007969290591696, -1.732448372125148683, 0.5872380108679859934 ) ) ;
#1098 = DIRECTION ( 'NONE',  ( -1.000000000000000000, -3.124171273918740215E-16, 0.000000000000000000 ) ) ;
#1099 = EDGE_CURVE ( 'NONE', #5943, #296, #5288, .T. ) ;
#1100 = CARTESIAN_POINT ( 'NONE',  ( -2.950000000000000178, 1.104505378692939743, 0.2000000000000000111 ) ) ;
#1101 = CARTESIAN_POINT ( 'NONE',  ( 1.742310449531560002, -1.732450861759520011, 1.573093652385120222 ) ) ;
#1102 = CARTESIAN_POINT ( 'NONE',  ( -0.2756685251360169731, -0.5073416627111608790, 1.670000000000000151 ) ) ;
#1103 = CARTESIAN_POINT ( 'NONE',  ( 1.922816040256440040, 1.551945271034630203, 1.524958015046800064 ) ) ;
#1104 = EDGE_CURVE ( 'NONE', #3707, #1693, #5847, .T. ) ;
#1105 = ORIENTED_EDGE ( 'NONE', *, *, #2064, .F. ) ;
#1106 = DIRECTION ( 'NONE',  ( 0.000000000000000000, 0.000000000000000000, -1.000000000000000000 ) ) ;
#1107 = CARTESIAN_POINT ( 'NONE',  ( 1.198636379818660114, -1.466061860831830099, 1.524958015046800064 ) ) ;
#1108 = ORIENTED_EDGE ( 'NONE', *, *, #4641, .F. ) ;
#1109 = PLANE ( 'NONE',  #4093 ) ;
#1110 = CARTESIAN_POINT ( 'NONE',  ( 1.742310449531560002, -1.732498726640149922, 1.670000000000000151 ) ) ;
#1111 = EDGE_CURVE ( 'NONE', #5650, #906, #801, .T. ) ;
#1112 = CARTESIAN_POINT ( 'NONE',  ( 0.4502168081889539875, 0.9018052454393200579, 1.670000000000000151 ) ) ;
#1113 = VERTEX_POINT ( 'NONE', #4769 ) ;
#1114 = LINE ( 'NONE', #2125, #818 ) ;
#1115 = CARTESIAN_POINT ( 'NONE',  ( -0.4807147255954329901, -0.6968490896672400181, 1.670000000000000151 ) ) ;
#1116 = CARTESIAN_POINT ( 'NONE',  ( 1.922816040256440040, 1.732450861759520011, 1.524958015046800064 ) ) ;
#1117 = DIRECTION ( 'NONE',  ( 1.000000000000000000, 0.000000000000000000, 0.000000000000000000 ) ) ;
#1118 = EDGE_LOOP ( 'NONE', ( #2582, #1743, #5151, #4063 ) ) ;
#1119 = CARTESIAN_POINT ( 'NONE',  ( -0.7025842957044551307, -1.614001858628919983, 1.670000000000000151 ) ) ;
#1120 = FACE_OUTER_BOUND ( 'NONE', #4180, .T. ) ;
#1121 = CARTESIAN_POINT ( 'NONE',  ( -1.279333081627950008, 1.732498726640149922, 0.08104293853427260719 ) ) ;
#1122 = ORIENTED_EDGE ( 'NONE', *, *, #4035, .F. ) ;
#1123 = ORIENTED_EDGE ( 'NONE', *, *, #3272, .T. ) ;
#1124 = CARTESIAN_POINT ( 'NONE',  ( 2.350000000000000089, 1.750000000000000000, 1.670000000000000151 ) ) ;
#1125 = ORIENTED_EDGE ( 'NONE', *, *, #5224, .F. ) ;
#1126 = SURFACE_SIDE_STYLE ('',( #3116 ) ) ;
#1127 = B_SPLINE_CURVE_WITH_KNOTS ( 'NONE', 3,
 ( #4252, #1824, #5287, #6363 ),
 .UNSPECIFIED., .F., .F.,
 ( 4, 4 ),
 ( 0.000000000000000000, 1.000000000000000000 ),
 .UNSPECIFIED. ) ;
#1128 = EDGE_CURVE ( 'NONE', #5603, #883, #4377, .T. ) ;
#1129 = CARTESIAN_POINT ( 'NONE',  ( 2.330606684319190158, 1.388146906716230200, 1.670000000000000151 ) ) ;
#1130 = CARTESIAN_POINT ( 'NONE',  ( -1.742310449531560002, -1.558656565019939988, 0.9499004956727240545 ) ) ;
#1131 =( NAMED_UNIT ( * ) SI_UNIT ( $, .STERADIAN. ) SOLID_ANGLE_UNIT ( ) );
#1132 = DIRECTION ( 'NONE',  ( -5.323803996445770195E-32, -8.694718886323800117E-16, -1.000000000000000000 ) ) ;
#1133 = DIRECTION ( 'NONE',  ( -1.000000000000000000, 7.228014483236693597E-16, 0.000000000000000000 ) ) ;
#1134 = ORIENTED_EDGE ( 'NONE', *, *, #4111, .F. ) ;
#1135 = PRODUCT_DEFINITION ( 'UNKNOWN', '', #2841, #5699 ) ;
#1136 = PRESENTATION_LAYER_ASSIGNMENT (  '', '', ( #6216 ) ) ;
#1137 = CARTESIAN_POINT ( 'NONE',  ( 0.000000000000000000, 0.000000000000000000, 0.000000000000000000 ) ) ;
#1138 = CARTESIAN_POINT ( 'NONE',  ( -2.350000000000000089, 1.475072618217709852, 0.000000000000000000 ) ) ;
#1139 = CARTESIAN_POINT ( 'NONE',  ( -1.198636379818660114, 1.475072618217709852, 0.000000000000000000 ) ) ;
#1140 = VERTEX_POINT ( 'NONE', #2303 ) ;
#1141 = LINE ( 'NONE', #3094, #2116 ) ;
#1142 = CIRCLE ( 'NONE', #4759, 0.1768228204653010394 ) ;
#1143 = EDGE_CURVE ( 'NONE', #5735, #3075, #4288, .T. ) ;
#1144 = UNCERTAINTY_MEASURE_WITH_UNIT (LENGTH_MEASURE( 1.000000000000000082E-05 ), #6371, 'distance_accuracy_value', 'NONE');
#1145 = EDGE_CURVE ( 'NONE', #4882, #4943, #4046, .T. ) ;
#1146 =( NAMED_UNIT ( * ) PLANE_ANGLE_UNIT ( ) SI_UNIT ( $, .RADIAN. ) );
#1147 = ORIENTED_EDGE ( 'NONE', *, *, #365, .F. ) ;
#1148 = DIRECTION ( 'NONE',  ( 0.000000000000000000, 0.000000000000000000, -1.000000000000000000 ) ) ;
#1149 = EDGE_LOOP ( 'NONE', ( #3682, #3627, #2570, #3935 ) ) ;
#1150 = ORIENTED_EDGE ( 'NONE', *, *, #525, .F. ) ;
#1151 = SURFACE_STYLE_FILL_AREA ( #6091 ) ;
#1152 = DIRECTION ( 'NONE',  ( 0.000000000000000000, 0.000000000000000000, 1.000000000000000000 ) ) ;
#1153 = CYLINDRICAL_SURFACE ( 'NONE', #3955, 0.1902422881446600156 ) ;
#1154 = ORIENTED_EDGE ( 'NONE', *, *, #3814, .T. ) ;
#1155 = ADVANCED_FACE ( 'NONE', ( #6 ), #5983, .F. ) ;
#1156 = STYLED_ITEM ( 'NONE', ( #458 ), #2783 ) ;
#1157 = DIRECTION ( 'NONE',  ( 0.000000000000000000, 0.000000000000000000, 1.000000000000000000 ) ) ;
#1158 = CARTESIAN_POINT ( 'NONE',  ( 0.000000000000000000, 0.000000000000000000, 1.524958015046800064 ) ) ;
#1159 = STYLED_ITEM ( 'NONE', ( #3374 ), #3019 ) ;
#1160 = EDGE_LOOP ( 'NONE', ( #5053, #67, #1495, #654 ) ) ;
#1161 = VERTEX_POINT ( 'NONE', #4511 ) ;
#1162 =( LENGTH_UNIT ( ) NAMED_UNIT ( * ) SI_UNIT ( .MILLI., .METRE. ) );
#1163 = ORIENTED_EDGE ( 'NONE', *, *, #5379, .T. ) ;
#1164 = SURFACE_STYLE_USAGE ( .BOTH. , #5110 ) ;
#1165 = VECTOR ( 'NONE', #1302, 1000.000000000000000 ) ;
#1166 = DIRECTION ( 'NONE',  ( 0.000000000000000000, -1.000000000000000000, 0.000000000000000000 ) ) ;
#1167 = CARTESIAN_POINT ( 'NONE',  ( -8.266092888301050437E-17, -1.350000000000000089, -0.5988918829267962929 ) ) ;
#1168 = SURFACE_STYLE_USAGE ( .BOTH. , #4213 ) ;
#1169 = FACE_OUTER_BOUND ( 'NONE', #4535, .T. ) ;
#1170 = ORIENTED_EDGE ( 'NONE', *, *, #3618, .F. ) ;
#1171 = VECTOR ( 'NONE', #1931, 1000.000000000000000 ) ;
#1172 = CARTESIAN_POINT ( 'NONE',  ( -2.350000000000000089, -1.095494621307057326, 0.2000000000000000111 ) ) ;
#1173 = CARTESIAN_POINT ( 'NONE',  ( -0.2756685251360169731, 0.7015834068728459272, 1.670000000000000151 ) ) ;
#1174 = CARTESIAN_POINT ( 'NONE',  ( 1.279333081627950008, 1.475072618217709852, 0.9912762577585830792 ) ) ;
#1175 = EDGE_LOOP ( 'NONE', ( #3369, #2936, #4919, #1352, #1998 ) ) ;
#1176 =( NAMED_UNIT ( * ) SI_UNIT ( $, .STERADIAN. ) SOLID_ANGLE_UNIT ( ) );
#1177 = VECTOR ( 'NONE', #3791, 1000.000000000000000 ) ;
#1178 = COLOUR_RGB ( '',0.6980392156862744724, 0.6980392156862744724, 0.6980392156862744724 ) ;
#1179 = AXIS2_PLACEMENT_3D ( 'NONE', #6205, #1279, #3233 ) ;
#1180 = PLANE ( 'NONE',  #3739 ) ;
#1181 = ORIENTED_EDGE ( 'NONE', *, *, #4420, .F. ) ;
#1182 = SURFACE_STYLE_FILL_AREA ( #3716 ) ;
#1183 = CARTESIAN_POINT ( 'NONE',  ( -1.135441809735770136, 1.517608363321570009, 1.892038733626690172 ) ) ;
#1184 = ORIENTED_EDGE ( 'NONE', *, *, #6030, .F. ) ;
#1185 = DIRECTION ( 'NONE',  ( 1.000000000000000000, 0.000000000000000000, 0.000000000000000000 ) ) ;
#1186 = PLANE ( 'NONE',  #3737 ) ;
#1187 = LINE ( 'NONE', #4092, #4275 ) ;
#1188 = VERTEX_POINT ( 'NONE', #2895 ) ;
#1189 = AXIS2_PLACEMENT_3D ( 'NONE', #1524, #2381, #5463 ) ;
#1190 =( GEOMETRIC_REPRESENTATION_CONTEXT ( 3 ) GLOBAL_UNCERTAINTY_ASSIGNED_CONTEXT ( ( #5226 ) ) GLOBAL_UNIT_ASSIGNED_CONTEXT ( ( #2543, #6073, #3638 ) ) REPRESENTATION_CONTEXT ( 'NONE', 'WORKASPACE' ) );
#1191 = EDGE_CURVE ( 'NONE', #1635, #1161, #2994, .T. ) ;
#1192 = DIRECTION ( 'NONE',  ( 0.000000000000000000, 0.000000000000000000, -1.000000000000000000 ) ) ;
#1193 = STYLED_ITEM ( 'NONE', ( #251 ), #282 ) ;
#1194 = EDGE_CURVE ( 'NONE', #1251, #1603, #5376, .T. ) ;
#1195 = ORIENTED_EDGE ( 'NONE', *, *, #3628, .F. ) ;
#1196 = VERTEX_POINT ( 'NONE', #4984 ) ;
#1197 = FACE_OUTER_BOUND ( 'NONE', #3926, .T. ) ;
#1198 = ORIENTED_EDGE ( 'NONE', *, *, #2025, .T. ) ;
#1199 = CARTESIAN_POINT ( 'NONE',  ( -1.742310449531560002, -1.732474794199829971, 0.9499004956727240545 ) ) ;
#1200 = EDGE_CURVE ( 'NONE', #4674, #5306, #531, .T. ) ;
#1201 = FILL_AREA_STYLE_COLOUR ( '', #5113 ) ;
#1202 = FILL_AREA_STYLE ('',( #4607 ) ) ;
#1203 = EDGE_CURVE ( 'NONE', #4989, #1238, #5006, .T. ) ;
#1204 = DIRECTION ( 'NONE',  ( 0.000000000000000000, 0.000000000000000000, -1.000000000000000000 ) ) ;
#1205 = SURFACE_STYLE_FILL_AREA ( #5680 ) ;
#1206 = CARTESIAN_POINT ( 'NONE',  ( -1.279333081627950008, 1.475072618217709852, 0.08104293853427260719 ) ) ;
#1207 = VERTEX_POINT ( 'NONE', #931 ) ;
#1208 =( GEOMETRIC_REPRESENTATION_CONTEXT ( 3 ) GLOBAL_UNCERTAINTY_ASSIGNED_CONTEXT ( ( #1347 ) ) GLOBAL_UNIT_ASSIGNED_CONTEXT ( ( #25, #1042, #3689 ) ) REPRESENTATION_CONTEXT ( 'NONE', 'WORKASPACE' ) );
#1209 = FILL_AREA_STYLE_COLOUR ( '', #4300 ) ;
#1210 = STYLED_ITEM ( 'NONE', ( #4246 ), #6207 ) ;
#1211 = LINE ( 'NONE', #4673, #2066 ) ;
#1212 = ORIENTED_EDGE ( 'NONE', *, *, #1012, .T. ) ;
#1213 = VECTOR ( 'NONE', #5096, 1000.000000000000000 ) ;
#1214 = LINE ( 'NONE', #3589, #513 ) ;
#1215 = EDGE_CURVE ( 'NONE', #5350, #16, #6017, .T. ) ;
#1216 = EDGE_LOOP ( 'NONE', ( #1350, #4044, #4808, #5325 ) ) ;
#1217 = FILL_AREA_STYLE_COLOUR ( '', #4718 ) ;
#1218 = ORIENTED_EDGE ( 'NONE', *, *, #1061, .T. ) ;
#1219 = CARTESIAN_POINT ( 'NONE',  ( 1.576343114435516002, -1.558497048723875622, 0.9499004956727240545 ) ) ;
#1220 = PLANE ( 'NONE',  #5207 ) ;
#1221 = CARTESIAN_POINT ( 'NONE',  ( 0.6550263814446110056, -0.5225374338180610589, 1.670000000000000151 ) ) ;
#1222 = ORIENTED_EDGE ( 'NONE', *, *, #4709, .T. ) ;
#1223 = DIRECTION ( 'NONE',  ( -1.000000000000000000, 0.000000000000000000, 0.000000000000000000 ) ) ;
#1224 = ORIENTED_EDGE ( 'NONE', *, *, #5706, .F. ) ;
#1225 = CARTESIAN_POINT ( 'NONE',  ( 0.3018065944804309009, -1.350000000000000089, -0.5159459123212694065 ) ) ;
#1226 = ORIENTED_EDGE ( 'NONE', *, *, #5152, .T. ) ;
#1227 = EDGE_LOOP ( 'NONE', ( #987, #2850, #3873, #5358 ) ) ;
#1228 = CARTESIAN_POINT ( 'NONE',  ( 1.244361972882966461, -1.732498728875474514, 0.9499004956727240545 ) ) ;
#1229 = LINE ( 'NONE', #1356, #5238 ) ;
#1230 = FILL_AREA_STYLE ('',( #1716 ) ) ;
#1231 = EDGE_CURVE ( 'NONE', #3734, #5696, #1569, .T. ) ;
#1232 = PLANE ( 'NONE',  #4550 ) ;
#1233 = LINE ( 'NONE', #3185, #319 ) ;
#1234 = LINE ( 'NONE', #3186, #5167 ) ;
#1235 = FILL_AREA_STYLE_COLOUR ( '', #6036 ) ;
#1236 = FILL_AREA_STYLE_COLOUR ( '', #1581 ) ;
#1237 = ADVANCED_FACE ( 'NONE', ( #5945 ), #1506, .T. ) ;
#1238 = VERTEX_POINT ( 'NONE', #4471 ) ;
#1239 = CARTESIAN_POINT ( 'NONE',  ( -2.330606684319190158, 1.388146906716230200, 1.524958015046800064 ) ) ;
#1240 = FILL_AREA_STYLE ('',( #2112 ) ) ;
#1241 = CIRCLE ( 'NONE', #4845, 0.1966118409089784302 ) ;
#1242 = VERTEX_POINT ( 'NONE', #196 ) ;
#1243 = FACE_OUTER_BOUND ( 'NONE', #2339, .T. ) ;
#1244 = VECTOR ( 'NONE', #3869, 1000.000000000000000 ) ;
#1245 = ORIENTED_EDGE ( 'NONE', *, *, #2480, .F. ) ;
#1246 = FACE_OUTER_BOUND ( 'NONE', #820, .T. ) ;
#1247 =( NAMED_UNIT ( * ) PLANE_ANGLE_UNIT ( ) SI_UNIT ( $, .RADIAN. ) );
#1248 = COLOUR_RGB ( '',0.2000000000000000111, 0.2000000000000000111, 0.2000000000000000111 ) ;
#1249 = CARTESIAN_POINT ( 'NONE',  ( 2.350000000000000089, 1.104505378692939743, 0.2000000000000000111 ) ) ;
#1250 = CARTESIAN_POINT ( 'NONE',  ( 0.2756685251360169731, 0.7015834068728459272, 1.670000000000000151 ) ) ;
#1251 = VERTEX_POINT ( 'NONE', #557 ) ;
#1252 = STYLED_ITEM ( 'NONE', ( #1417 ), #2472 ) ;
#1253 = LINE ( 'NONE', #749, #3196 ) ;
#1254 = VERTEX_POINT ( 'NONE', #2205 ) ;
#1255 = EDGE_LOOP ( 'NONE', ( #5520, #408, #5936, #2265 ) ) ;
#1256 = SURFACE_STYLE_FILL_AREA ( #2257 ) ;
#1257 = ORIENTED_EDGE ( 'NONE', *, *, #981, .T. ) ;
#1258 = SURFACE_SIDE_STYLE ('',( #812 ) ) ;
#1259 = VECTOR ( 'NONE', #5315, 1000.000000000000000 ) ;
#1260 = VECTOR ( 'NONE', #5648, 1000.000000000000000 ) ;
#1261 = FACE_OUTER_BOUND ( 'NONE', #4023, .T. ) ;
#1262 = DIRECTION ( 'NONE',  ( -1.000000000000000000, 0.000000000000000000, 0.000000000000000000 ) ) ;
#1263 = ORIENTED_EDGE ( 'NONE', *, *, #6197, .T. ) ;
#1264 = VERTEX_POINT ( 'NONE', #3156 ) ;
#1265 = EDGE_CURVE ( 'NONE', #1078, #5925, #693, .T. ) ;
#1266 = DIRECTION ( 'NONE',  ( 0.000000000000000000, 1.000000000000000000, 0.000000000000000000 ) ) ;
#1267 = AXIS2_PLACEMENT_3D ( 'NONE', #1550, #4597, #655 ) ;
#1268 = AXIS2_PLACEMENT_3D ( 'NONE', #1841, #791, #3793 ) ;
#1269 = EDGE_CURVE ( 'NONE', #510, #5696, #1234, .T. ) ;
#1270 = FILL_AREA_STYLE ('',( #3826 ) ) ;
#1271 = SURFACE_SIDE_STYLE ('',( #3648 ) ) ;
#1272 = VERTEX_POINT ( 'NONE', #1101 ) ;
#1273 = FILL_AREA_STYLE_COLOUR ( '', #4723 ) ;
#1274 = VECTOR ( 'NONE', #5426, 1000.000000000000000 ) ;
#1275 = EDGE_CURVE ( 'NONE', #2992, #2435, #3050, .T. ) ;
#1276 = EDGE_CURVE ( 'NONE', #1161, #1652, #1921, .T. ) ;
#1277 = UNCERTAINTY_MEASURE_WITH_UNIT (LENGTH_MEASURE( 1.000000000000000082E-05 ), #1818, 'distance_accuracy_value', 'NONE');
#1278 = CIRCLE ( 'NONE', #4049, 0.1805055907248848679 ) ;
#1279 = DIRECTION ( 'NONE',  ( -1.000000000000000000, 0.000000000000000000, 0.000000000000000000 ) ) ;
#1280 =( GEOMETRIC_REPRESENTATION_CONTEXT ( 3 ) GLOBAL_UNCERTAINTY_ASSIGNED_CONTEXT ( ( #1835 ) ) GLOBAL_UNIT_ASSIGNED_CONTEXT ( ( #737, #1146, #5127 ) ) REPRESENTATION_CONTEXT ( 'NONE', 'WORKASPACE' ) );
#1281 = CARTESIAN_POINT ( 'NONE',  ( 1.742310449531560002, 1.732498726640149922, 1.670000000000000151 ) ) ;
#1282 = SURFACE_STYLE_FILL_AREA ( #6210 ) ;
#1283 = FILL_AREA_STYLE ('',( #5729 ) ) ;
#1284 = DIRECTION ( 'NONE',  ( 1.000000000000000000, -6.123031769111888756E-17, 0.000000000000000000 ) ) ;
#1285 = PRESENTATION_LAYER_ASSIGNMENT (  '', '', ( #4060 ) ) ;
#1286 = VECTOR ( 'NONE', #3677, 1000.000000000000000 ) ;
#1287 = UNCERTAINTY_MEASURE_WITH_UNIT (LENGTH_MEASURE( 1.000000000000000082E-05 ), #2978, 'distance_accuracy_value', 'NONE');
#1288 = DIRECTION ( 'NONE',  ( 0.000000000000000000, 0.000000000000000000, 1.000000000000000000 ) ) ;
#1289 = EDGE_LOOP ( 'NONE', ( #1937, #5664, #2951, #4583 ) ) ;
#1290 = VECTOR ( 'NONE', #2554, 1000.000000000000000 ) ;
#1291 = ORIENTED_EDGE ( 'NONE', *, *, #46, .T. ) ;
#1292 = VECTOR ( 'NONE', #2798, 1000.000000000000114 ) ;
#1293 = ORIENTED_EDGE ( 'NONE', *, *, #2070, .F. ) ;
#1294 =( GEOMETRIC_REPRESENTATION_CONTEXT ( 3 ) GLOBAL_UNCERTAINTY_ASSIGNED_CONTEXT ( ( #5251 ) ) GLOBAL_UNIT_ASSIGNED_CONTEXT ( ( #4590, #5067, #5199 ) ) REPRESENTATION_CONTEXT ( 'NONE', 'WORKASPACE' ) );
#1295 = LINE ( 'NONE', #504, #1274 ) ;
#1296 = AXIS2_PLACEMENT_3D ( 'NONE', #1183, #3592, #1148 ) ;
#1297 =( GEOMETRIC_REPRESENTATION_CONTEXT ( 3 ) GLOBAL_UNCERTAINTY_ASSIGNED_CONTEXT ( ( #302 ) ) GLOBAL_UNIT_ASSIGNED_CONTEXT ( ( #1883, #779, #401 ) ) REPRESENTATION_CONTEXT ( 'NONE', 'WORKASPACE' ) );
#1298 = PRESENTATION_STYLE_ASSIGNMENT (( #5209 ) ) ;
#1299 = SURFACE_STYLE_FILL_AREA ( #1326 ) ;
#1300 =( LENGTH_UNIT ( ) NAMED_UNIT ( * ) SI_UNIT ( .MILLI., .METRE. ) );
#1301 = VERTEX_POINT ( 'NONE', #798 ) ;
#1302 = DIRECTION ( 'NONE',  ( 0.000000000000000000, 0.000000000000000000, -1.000000000000000000 ) ) ;
#1303 = AXIS2_PLACEMENT_3D ( 'NONE', #1173, #3024, #5550 ) ;
#1304 = UNCERTAINTY_MEASURE_WITH_UNIT (LENGTH_MEASURE( 1.000000000000000082E-05 ), #4958, 'distance_accuracy_value', 'NONE');
#1305 = EDGE_CURVE ( 'NONE', #1264, #2762, #4751, .T. ) ;
#1306 = DIRECTION ( 'NONE',  ( 1.000000000000000000, 0.000000000000000000, 0.000000000000000000 ) ) ;
#1307 =( GEOMETRIC_REPRESENTATION_CONTEXT ( 3 ) GLOBAL_UNCERTAINTY_ASSIGNED_CONTEXT ( ( #748 ) ) GLOBAL_UNIT_ASSIGNED_CONTEXT ( ( #1438, #1028, #967 ) ) REPRESENTATION_CONTEXT ( 'NONE', 'WORKASPACE' ) );
#1308 = VECTOR ( 'NONE', #2989, 1000.000000000000000 ) ;
#1309 = PRESENTATION_LAYER_ASSIGNMENT (  '', '', ( #2141 ) ) ;
#1310 = EDGE_CURVE ( 'NONE', #2617, #6118, #3801, .T. ) ;
#1311 = CARTESIAN_POINT ( 'NONE',  ( -8.266092888301050437E-17, -1.350000000000000089, 0.000000000000000000 ) ) ;
#1312 = DIRECTION ( 'NONE',  ( 0.000000000000000000, -1.000000000000000000, 0.000000000000000000 ) ) ;
#1313 = ORIENTED_EDGE ( 'NONE', *, *, #205, .T. ) ;
#1314 = DIRECTION ( 'NONE',  ( 0.000000000000000000, -2.187487421391570106E-16, 1.000000000000000000 ) ) ;
#1315 = ADVANCED_FACE ( 'NONE', ( #3877 ), #479, .T. ) ;
#1316 = DIRECTION ( 'NONE',  ( -1.000000000000000000, 0.000000000000000000, 0.000000000000000000 ) ) ;
#1317 = CARTESIAN_POINT ( 'NONE',  ( 2.214855333278670013, 1.475072618217709852, 0.08104293853427260719 ) ) ;
#1318 = ADVANCED_FACE ( 'NONE', ( #338 ), #5844, .T. ) ;
#1319 = CYLINDRICAL_SURFACE ( 'NONE', #965, 0.3018065944804310119 ) ;
#1320 = ORIENTED_EDGE ( 'NONE', *, *, #3620, .T. ) ;
#1321 = DIRECTION ( 'NONE',  ( 0.000000000000000000, 0.000000000000000000, 1.000000000000000000 ) ) ;
#1322 = EDGE_LOOP ( 'NONE', ( #3271, #4592, #4124, #2521 ) ) ;
#1323 = DIRECTION ( 'NONE',  ( 0.000000000000000000, 0.000000000000000000, 1.000000000000000000 ) ) ;
#1324 = UNCERTAINTY_MEASURE_WITH_UNIT (LENGTH_MEASURE( 1.000000000000000082E-05 ), #3187, 'distance_accuracy_value', 'NONE');
#1325 = EDGE_LOOP ( 'NONE', ( #4375, #6064, #2827, #1033 ) ) ;
#1326 = FILL_AREA_STYLE ('',( #5743 ) ) ;
#1327 = DIRECTION ( 'NONE',  ( 0.000000000000000000, 0.000000000000000000, -1.000000000000000000 ) ) ;
#1328 = EDGE_LOOP ( 'NONE', ( #5669, #3281, #5726, #3983 ) ) ;
#1329 = ORIENTED_EDGE ( 'NONE', *, *, #2711, .F. ) ;
#1330 = PRESENTATION_STYLE_ASSIGNMENT (( #4307 ) ) ;
#1331 = PLANE ( 'NONE',  #1268 ) ;
#1332 = EDGE_CURVE ( 'NONE', #2736, #5064, #366, .T. ) ;
#1333 = CARTESIAN_POINT ( 'NONE',  ( 2.950000000000000622, -1.095494621307057326, 0.000000000000000000 ) ) ;
#1334 = DIRECTION ( 'NONE',  ( 1.000000000000000000, 6.977398648951700478E-15, 0.000000000000000000 ) ) ;
#1335 = CARTESIAN_POINT ( 'NONE',  ( 1.399999999999999911, -2.286241185967940126, 0.2700000000000000178 ) ) ;
#1336 = CARTESIAN_POINT ( 'NONE',  ( -1.244250284302140130, -1.558632624975810010, 0.5872380108679859934 ) ) ;
#1337 = LINE ( 'NONE', #3287, #2380 ) ;
#1338 = UNCERTAINTY_MEASURE_WITH_UNIT (LENGTH_MEASURE( 1.000000000000000082E-05 ), #4748, 'distance_accuracy_value', 'NONE');
#1339 = PLANE ( 'NONE',  #3126 ) ;
#1340 = VERTEX_POINT ( 'NONE', #4887 ) ;
#1341 = LINE ( 'NONE', #309, #1515 ) ;
#1342 =( NAMED_UNIT ( * ) SI_UNIT ( $, .STERADIAN. ) SOLID_ANGLE_UNIT ( ) );
#1343 = LINE ( 'NONE', #312, #3325 ) ;
#1344 = EDGE_CURVE ( 'NONE', #4212, #1635, #1602, .T. ) ;
#1345 = EDGE_CURVE ( 'NONE', #1548, #1301, #71, .T. ) ;
#1346 = DIRECTION ( 'NONE',  ( 1.000000000000000000, 0.000000000000000000, 0.000000000000000000 ) ) ;
#1347 = UNCERTAINTY_MEASURE_WITH_UNIT (LENGTH_MEASURE( 1.000000000000000082E-05 ), #25, 'distance_accuracy_value', 'NONE');
#1348 = AXIS2_PLACEMENT_3D ( 'NONE', #3090, #2714, #5086 ) ;
#1349 = ORIENTED_EDGE ( 'NONE', *, *, #1269, .T. ) ;
#1350 = ORIENTED_EDGE ( 'NONE', *, *, #1582, .F. ) ;
#1351 = DIRECTION ( 'NONE',  ( 0.000000000000000000, -1.000000000000000000, 0.000000000000000000 ) ) ;
#1352 = ORIENTED_EDGE ( 'NONE', *, *, #4282, .T. ) ;
#1353 = CARTESIAN_POINT ( 'NONE',  ( -1.922816040256440040, 1.551945271034630203, 1.670000000000000151 ) ) ;
#1354 = EDGE_CURVE ( 'NONE', #2786, #20, #3600, .T. ) ;
#1355 = STYLED_ITEM ( 'NONE', ( #293 ), #1983 ) ;
#1356 = CARTESIAN_POINT ( 'NONE',  ( -2.214855333278670013, 1.473734927972049968, 0.9360832168907079476 ) ) ;
#1357 = CARTESIAN_POINT ( 'NONE',  ( 0.2756685251360169731, -0.5073416627111608790, 1.670000000000000151 ) ) ;
#1358 = VECTOR ( 'NONE', #3041, 1000.000000000000000 ) ;
#1359 = ORIENTED_EDGE ( 'NONE', *, *, #3815, .F. ) ;
#1360 = DIRECTION ( 'NONE',  ( 0.000000000000000000, 0.000000000000000000, -1.000000000000000000 ) ) ;
#1361 = VECTOR ( 'NONE', #119, 1000.000000000000000 ) ;
#1362 = CARTESIAN_POINT ( 'NONE',  ( 0.4807147255954329901, -0.5225374338180610589, 1.670000000000000151 ) ) ;
#1363 = CARTESIAN_POINT ( 'NONE',  ( 0.2756685251360169731, 0.7272569623863829325, 1.524958015046800064 ) ) ;
#1364 = ORIENTED_EDGE ( 'NONE', *, *, #5190, .F. ) ;
#1365 = FACE_OUTER_BOUND ( 'NONE', #5604, .T. ) ;
#1366 = AXIS2_PLACEMENT_3D ( 'NONE', #453, #947, #2975 ) ;
#1367 =( LENGTH_UNIT ( ) NAMED_UNIT ( * ) SI_UNIT ( .MILLI., .METRE. ) );
#1368 = VERTEX_POINT ( 'NONE', #2954 ) ;
#1369 = PLANE ( 'NONE',  #3764 ) ;
#1370 = DIRECTION ( 'NONE',  ( 0.000000000000000000, 1.000000000000000000, 0.000000000000000000 ) ) ;
#1371 = DIRECTION ( 'NONE',  ( 4.806657061659141619E-05, 0.9999999988448023958, 0.000000000000000000 ) ) ;
#1372 = VECTOR ( 'NONE', #991, 1000.000000000000000 ) ;
#1373 =( LENGTH_UNIT ( ) NAMED_UNIT ( * ) SI_UNIT ( .MILLI., .METRE. ) );
#1374 = EDGE_CURVE ( 'NONE', #1140, #3761, #4437, .T. ) ;
#1375 =( GEOMETRIC_REPRESENTATION_CONTEXT ( 3 ) GLOBAL_UNCERTAINTY_ASSIGNED_CONTEXT ( ( #3816 ) ) GLOBAL_UNIT_ASSIGNED_CONTEXT ( ( #53, #84, #606 ) ) REPRESENTATION_CONTEXT ( 'NONE', 'WORKASPACE' ) );
#1376 = ORIENTED_EDGE ( 'NONE', *, *, #1012, .F. ) ;
#1377 = CARTESIAN_POINT ( 'NONE',  ( -1.742310449531560002, 1.732498726640149922, 1.670000000000000151 ) ) ;
#1378 =( LENGTH_UNIT ( ) NAMED_UNIT ( * ) SI_UNIT ( .MILLI., .METRE. ) );
#1379 = EDGE_CURVE ( 'NONE', #308, #1401, #6397, .T. ) ;
#1380 = EDGE_LOOP ( 'NONE', ( #118, #4445, #1329, #199 ) ) ;
#1381 =( LENGTH_UNIT ( ) NAMED_UNIT ( * ) SI_UNIT ( .MILLI., .METRE. ) );
#1382 = VECTOR ( 'NONE', #4533, 1000.000000000000000 ) ;
#1383 = UNCERTAINTY_MEASURE_WITH_UNIT (LENGTH_MEASURE( 1.000000000000000082E-05 ), #1492, 'distance_accuracy_value', 'NONE');
#1384 = EDGE_CURVE ( 'NONE', #1603, #1340, #3796, .T. ) ;
#1385 = VECTOR ( 'NONE', #1996, 1000.000000000000000 ) ;
#1386 = VECTOR ( 'NONE', #1440, 1000.000000000000000 ) ;
#1387 = MECHANICAL_DESIGN_GEOMETRIC_PRESENTATION_REPRESENTATION (  '', ( #3645 ), #6158 ) ;
#1388 = PLANE ( 'NONE',  #5066 ) ;
#1389 = ORIENTED_EDGE ( 'NONE', *, *, #4346, .T. ) ;
#1390 = VERTEX_POINT ( 'NONE', #3908 ) ;
#1391 =( NAMED_UNIT ( * ) SI_UNIT ( $, .STERADIAN. ) SOLID_ANGLE_UNIT ( ) );
#1392 = EDGE_CURVE ( 'NONE', #4632, #1966, #5410, .T. ) ;
#1393 = CARTESIAN_POINT ( 'NONE',  ( 1.214088521629310025, -1.632498726640150055, 1.670000000000000151 ) ) ;
#1394 = VECTOR ( 'NONE', #1615, 1000.000000000000000 ) ;
#1395 = PRESENTATION_LAYER_ASSIGNMENT (  '', '', ( #4589 ) ) ;
#1396 = STYLED_ITEM ( 'NONE', ( #4621 ), #1060 ) ;
#1397 = EDGE_CURVE ( 'NONE', #1196, #719, #463, .T. ) ;
#1398 =( NAMED_UNIT ( * ) SI_UNIT ( $, .STERADIAN. ) SOLID_ANGLE_UNIT ( ) );
#1399 = DIRECTION ( 'NONE',  ( 0.000000000000000000, -1.000000000000000000, 0.000000000000000000 ) ) ;
#1400 = CARTESIAN_POINT ( 'NONE',  ( 0.4651759520920960012, -0.5073416627111608790, 1.524958015046800064 ) ) ;
#1401 = VERTEX_POINT ( 'NONE', #5156 ) ;
#1402 = SURFACE_STYLE_USAGE ( .BOTH. , #3829 ) ;
#1403 =( NAMED_UNIT ( * ) PLANE_ANGLE_UNIT ( ) SI_UNIT ( $, .RADIAN. ) );
#1404 =( GEOMETRIC_REPRESENTATION_CONTEXT ( 3 ) GLOBAL_UNCERTAINTY_ASSIGNED_CONTEXT ( ( #4646 ) ) GLOBAL_UNIT_ASSIGNED_CONTEXT ( ( #3362, #4829, #1879 ) ) REPRESENTATION_CONTEXT ( 'NONE', 'WORKASPACE' ) );
#1405 = VECTOR ( 'NONE', #3722, 1000.000000000000000 ) ;
#1406 = VECTOR ( 'NONE', #6440, 1000.000000000000000 ) ;
#1407 = CARTESIAN_POINT ( 'NONE',  ( -1.198636379818660114, 1.475072618217709852, 0.9912762577585830792 ) ) ;
#1408 = ORIENTED_EDGE ( 'NONE', *, *, #1664, .T. ) ;
#1409 = LINE ( 'NONE', #3361, #977 ) ;
#1410 = CARTESIAN_POINT ( 'NONE',  ( -1.194532035297049877, 1.732498726640149922, 1.892038733626690172 ) ) ;
#1411 = DIRECTION ( 'NONE',  ( 0.000000000000000000, 0.000000000000000000, -1.000000000000000000 ) ) ;
#1412 = EDGE_CURVE ( 'NONE', #577, #1567, #1241, .T. ) ;
#1413 = PRESENTATION_STYLE_ASSIGNMENT (( #5239 ) ) ;
#1414 = ORIENTED_EDGE ( 'NONE', *, *, #5674, .T. ) ;
#1415 = PRESENTATION_STYLE_ASSIGNMENT (( #3700 ) ) ;
#1416 = ORIENTED_EDGE ( 'NONE', *, *, #2286, .T. ) ;
#1417 = PRESENTATION_STYLE_ASSIGNMENT (( #5421 ) ) ;
#1418 = DIRECTION ( 'NONE',  ( 0.000000000000000000, 1.000000000000000000, 0.000000000000000000 ) ) ;
#1419 = VERTEX_POINT ( 'NONE', #245 ) ;
#1420 = PRESENTATION_STYLE_ASSIGNMENT (( #4393 ) ) ;
#1421 = DIRECTION ( 'NONE',  ( 1.000000000000000000, 0.000000000000000000, 0.000000000000000000 ) ) ;
#1422 = LINE ( 'NONE', #4931, #4026 ) ;
#1423 = ORIENTED_EDGE ( 'NONE', *, *, #2938, .T. ) ;
#1424 = ORIENTED_EDGE ( 'NONE', *, *, #4472, .T. ) ;
#1425 = SURFACE_STYLE_USAGE ( .BOTH. , #5894 ) ;
#1426 = EDGE_CURVE ( 'NONE', #2771, #3236, #1211, .T. ) ;
#1427 = AXIS2_PLACEMENT_3D ( 'NONE', #2346, #5890, #983 ) ;
#1428 = EDGE_CURVE ( 'NONE', #5982, #450, #4217, .T. ) ;
#1429 =( NAMED_UNIT ( * ) SI_UNIT ( $, .STERADIAN. ) SOLID_ANGLE_UNIT ( ) );
#1430 = CARTESIAN_POINT ( 'NONE',  ( -2.950000000000000178, 0.6045053786929398543, 0.000000000000000000 ) ) ;
#1431 = CARTESIAN_POINT ( 'NONE',  ( -0.2756685251360169731, -0.4990275020653580085, 1.670000000000000151 ) ) ;
#1432 = FACE_OUTER_BOUND ( 'NONE', #2164, .T. ) ;
#1433 = PRESENTATION_STYLE_ASSIGNMENT (( #5839 ) ) ;
#1434 = EDGE_CURVE ( 'NONE', #1059, #4582, #144, .T. ) ;
#1435 = LINE ( 'NONE', #5508, #2918 ) ;
#1436 = CARTESIAN_POINT ( 'NONE',  ( 0.2756685251360169731, -0.5073416627111608790, 1.670000000000000151 ) ) ;
#1437 = VERTEX_POINT ( 'NONE', #3684 ) ;
#1438 =( LENGTH_UNIT ( ) NAMED_UNIT ( * ) SI_UNIT ( .MILLI., .METRE. ) );
#1439 = DIRECTION ( 'NONE',  ( -1.000000000000000000, 0.000000000000000000, 0.000000000000000000 ) ) ;
#1440 = DIRECTION ( 'NONE',  ( 0.000000000000000000, 0.000000000000000000, -1.000000000000000000 ) ) ;
#1441 = DIRECTION ( 'NONE',  ( 1.000000000000000000, 0.000000000000000000, 0.000000000000000000 ) ) ;
#1442 = ORIENTED_EDGE ( 'NONE', *, *, #5462, .T. ) ;
#1443 = DIRECTION ( 'NONE',  ( 0.000000000000000000, -1.000000000000000000, 0.000000000000000000 ) ) ;
#1444 = VECTOR ( 'NONE', #1312, 1000.000000000000000 ) ;
#1445 = CARTESIAN_POINT ( 'NONE',  ( -1.742310444304469907, -1.732583541087969969, 0.9499004956727240545 ) ) ;
#1446 = VERTEX_POINT ( 'NONE', #2623 ) ;
#1447 =( GEOMETRIC_REPRESENTATION_CONTEXT ( 3 ) GLOBAL_UNCERTAINTY_ASSIGNED_CONTEXT ( ( #1731 ) ) GLOBAL_UNIT_ASSIGNED_CONTEXT ( ( #5805, #3227, #2268 ) ) REPRESENTATION_CONTEXT ( 'NONE', 'WORKASPACE' ) );
#1448 = SURFACE_STYLE_FILL_AREA ( #3441 ) ;
#1449 = EDGE_LOOP ( 'NONE', ( #5267, #1658, #4982, #3260 ) ) ;
#1450 = ORIENTED_EDGE ( 'NONE', *, *, #3416, .T. ) ;
#1451 = DIRECTION ( 'NONE',  ( -1.000000000000000000, 0.000000000000000000, 0.000000000000000000 ) ) ;
#1452 =( GEOMETRIC_REPRESENTATION_CONTEXT ( 3 ) GLOBAL_UNCERTAINTY_ASSIGNED_CONTEXT ( ( #4578 ) ) GLOBAL_UNIT_ASSIGNED_CONTEXT ( ( #2234, #2318, #355 ) ) REPRESENTATION_CONTEXT ( 'NONE', 'WORKASPACE' ) );
#1453 = AXIS2_PLACEMENT_3D ( 'NONE', #5035, #580, #4556 ) ;
#1454 = LINE ( 'NONE', #5435, #739 ) ;
#1455 = DIRECTION ( 'NONE',  ( -1.000000000000000000, 0.000000000000000000, 0.000000000000000000 ) ) ;
#1456 = ADVANCED_FACE ( 'NONE', ( #109 ), #1727, .T. ) ;
#1457 = LINE ( 'NONE', #3412, #1796 ) ;
#1458 = SURFACE_SIDE_STYLE ('',( #5902 ) ) ;
#1459 = VERTEX_POINT ( 'NONE', #3560 ) ;
#1460 = EDGE_CURVE ( 'NONE', #6398, #551, #674, .T. ) ;
#1461 = ORIENTED_EDGE ( 'NONE', *, *, #4312, .T. ) ;
#1462 = DIRECTION ( 'NONE',  ( -1.000000000000000000, 0.000000000000000000, 0.000000000000000000 ) ) ;
#1463 = LINE ( 'NONE', #3876, #3541 ) ;
#1464 = EDGE_CURVE ( 'NONE', #4132, #6044, #5584, .T. ) ;
#1465 =( GEOMETRIC_REPRESENTATION_CONTEXT ( 3 ) GLOBAL_UNCERTAINTY_ASSIGNED_CONTEXT ( ( #4316 ) ) GLOBAL_UNIT_ASSIGNED_CONTEXT ( ( #988, #5004, #4528 ) ) REPRESENTATION_CONTEXT ( 'NONE', 'WORKASPACE' ) );
#1466 = VERTEX_POINT ( 'NONE', #3193 ) ;
#1467 = CARTESIAN_POINT ( 'NONE',  ( 2.350000000000000533, -1.095494621307057770, 0.2000000000000000111 ) ) ;
#1468 = DIRECTION ( 'NONE',  ( 1.000000000000000000, 0.000000000000000000, 0.000000000000000000 ) ) ;
#1469 = LINE ( 'NONE', #2152, #3438 ) ;
#1470 = EDGE_CURVE ( 'NONE', #4057, #3657, #730, .T. ) ;
#1471 = AXIS2_PLACEMENT_3D ( 'NONE', #4168, #2645, #5573 ) ;
#1472 = PLANE ( 'NONE',  #6357 ) ;
#1473 = ORIENTED_EDGE ( 'NONE', *, *, #4543, .F. ) ;
#1474 = CARTESIAN_POINT ( 'NONE',  ( -0.6550263814446110056, 0.7115629572946600145, 1.670000000000000151 ) ) ;
#1475 =( NAMED_UNIT ( * ) PLANE_ANGLE_UNIT ( ) SI_UNIT ( $, .RADIAN. ) );
#1476 = ORIENTED_EDGE ( 'NONE', *, *, #1740, .T. ) ;
#1477 = CARTESIAN_POINT ( 'NONE',  ( 2.950000000000000622, 1.104505378692939743, 0.000000000000000000 ) ) ;
#1478 =( GEOMETRIC_REPRESENTATION_CONTEXT ( 3 ) GLOBAL_UNCERTAINTY_ASSIGNED_CONTEXT ( ( #5739 ) ) GLOBAL_UNIT_ASSIGNED_CONTEXT ( ( #5439, #4005, #4918 ) ) REPRESENTATION_CONTEXT ( 'NONE', 'WORKASPACE' ) );
#1479 = LINE ( 'NONE', #4451, #1406 ) ;
#1480 = DIRECTION ( 'NONE',  ( -5.323803996445770195E-32, -8.694718886323800117E-16, -1.000000000000000000 ) ) ;
#1481 = ORIENTED_EDGE ( 'NONE', *, *, #3149, .T. ) ;
#1482 = MECHANICAL_DESIGN_GEOMETRIC_PRESENTATION_REPRESENTATION (  '', ( #1591 ), #5946 ) ;
#1483 = ORIENTED_EDGE ( 'NONE', *, *, #2387, .T. ) ;
#1484 = FILL_AREA_STYLE_COLOUR ( '', #4775 ) ;
#1485 = VECTOR ( 'NONE', #788, 1000.000000000000000 ) ;
#1486 = CIRCLE ( 'NONE', #2306, 0.1902422881446600156 ) ;
#1487 = ORIENTED_EDGE ( 'NONE', *, *, #135, .T. ) ;
#1488 = CARTESIAN_POINT ( 'NONE',  ( 2.350000000000000089, 0.6045053786929398543, 0.2000000000000000111 ) ) ;
#1489 = DIRECTION ( 'NONE',  ( 0.000000000000000000, 0.000000000000000000, -1.000000000000000000 ) ) ;
#1490 = LINE ( 'NONE', #516, #1696 ) ;
#1491 = LINE ( 'NONE', #5437, #5277 ) ;
#1492 =( LENGTH_UNIT ( ) NAMED_UNIT ( * ) SI_UNIT ( .MILLI., .METRE. ) );
#1493 = SURFACE_STYLE_FILL_AREA ( #4004 ) ;
#1494 = FACE_OUTER_BOUND ( 'NONE', #4229, .T. ) ;
#1495 = ORIENTED_EDGE ( 'NONE', *, *, #5717, .F. ) ;
#1496 = STYLED_ITEM ( 'NONE', ( #3499 ), #3206 ) ;
#1497 = VECTOR ( 'NONE', #1571, 1000.000000000000000 ) ;
#1498 = COLOUR_RGB ( '',0.2000000000000000111, 0.2000000000000000111, 0.2000000000000000111 ) ;
#1499 = ORIENTED_EDGE ( 'NONE', *, *, #697, .T. ) ;
#1500 = COLOUR_RGB ( '',0.6980392156862744724, 0.6980392156862744724, 0.6980392156862744724 ) ;
#1501 = DIRECTION ( 'NONE',  ( 0.000000000000000000, 0.000000000000000000, -1.000000000000000000 ) ) ;
#1502 = LINE ( 'NONE', #963, #5227 ) ;
#1503 =( GEOMETRIC_REPRESENTATION_CONTEXT ( 3 ) GLOBAL_UNCERTAINTY_ASSIGNED_CONTEXT ( ( #825 ) ) GLOBAL_UNIT_ASSIGNED_CONTEXT ( ( #1373, #2278, #3757 ) ) REPRESENTATION_CONTEXT ( 'NONE', 'WORKASPACE' ) );
#1504 = ORIENTED_EDGE ( 'NONE', *, *, #2224, .F. ) ;
#1505 = DIRECTION ( 'NONE',  ( 0.000000000000000000, 1.000000000000000000, 0.000000000000000000 ) ) ;
#1506 = CYLINDRICAL_SURFACE ( 'NONE', #5468, 0.1637983643183980875 ) ;
#1507 = AXIS2_PLACEMENT_3D ( 'NONE', #5526, #3038, #5484 ) ;
#1508 = EDGE_CURVE ( 'NONE', #2301, #571, #4137, .T. ) ;
#1509 = EDGE_CURVE ( 'NONE', #4088, #1980, #627, .T. ) ;
#1510 = COLOUR_RGB ( '',0.6980392156862744724, 0.6980392156862744724, 0.6980392156862744724 ) ;
#1511 = ORIENTED_EDGE ( 'NONE', *, *, #4067, .T. ) ;
#1512 = LINE ( 'NONE', #4953, #3294 ) ;
#1513 = CARTESIAN_POINT ( 'NONE',  ( -1.742310449531560002, 1.732498726640149922, 1.524958015046800064 ) ) ;
#1514 = FILL_AREA_STYLE_COLOUR ( '', #3437 ) ;
#1515 = VECTOR ( 'NONE', #4828, 1000.000000000000000 ) ;
#1516 = VERTEX_POINT ( 'NONE', #2150 ) ;
#1517 = FILL_AREA_STYLE_COLOUR ( '', #3629 ) ;
#1518 =( GEOMETRIC_REPRESENTATION_CONTEXT ( 3 ) GLOBAL_UNCERTAINTY_ASSIGNED_CONTEXT ( ( #6281 ) ) GLOBAL_UNIT_ASSIGNED_CONTEXT ( ( #2211, #1729, #1176 ) ) REPRESENTATION_CONTEXT ( 'NONE', 'WORKASPACE' ) );
#1519 = CARTESIAN_POINT ( 'NONE',  ( 1.187565630244470150, -2.286241185967940126, 1.448687028813379962 ) ) ;
#1520 = ORIENTED_EDGE ( 'NONE', *, *, #5995, .F. ) ;
#1521 = ORIENTED_EDGE ( 'NONE', *, *, #1822, .F. ) ;
#1522 = DIRECTION ( 'NONE',  ( -1.000000000000000000, 0.000000000000000000, -4.075590574283130365E-16 ) ) ;
#1523 = FILL_AREA_STYLE ('',( #3445 ) ) ;
#1524 = CARTESIAN_POINT ( 'NONE',  ( -0.4651759520920960012, -0.5073416627111608790, 1.670000000000000151 ) ) ;
#1525 = CARTESIAN_POINT ( 'NONE',  ( 1.198636379818660114, 1.475072618217709852, 1.524958015046800064 ) ) ;
#1526 = DIRECTION ( 'NONE',  ( 0.000000000000000000, -2.187487421391570106E-16, 1.000000000000000000 ) ) ;
#1527 = CARTESIAN_POINT ( 'NONE',  ( 1.399999999999999911, -2.286241185967940126, 1.670000000000000151 ) ) ;
#1528 = SURFACE_SIDE_STYLE ('',( #2423 ) ) ;
#1529 = DIRECTION ( 'NONE',  ( 1.000000000000000000, 0.000000000000000000, 0.000000000000000000 ) ) ;
#1530 = DIRECTION ( 'NONE',  ( -1.000000000000000000, 7.442719519967450478E-15, 0.000000000000000000 ) ) ;
#1531 = ORIENTED_EDGE ( 'NONE', *, *, #126, .F. ) ;
#1532 = LINE ( 'NONE', #3420, #765 ) ;
#1533 = ORIENTED_EDGE ( 'NONE', *, *, #932, .T. ) ;
#1534 = LINE ( 'NONE', #2993, #443 ) ;
#1535 = DIRECTION ( 'NONE',  ( 0.000000000000000000, 0.000000000000000000, -1.000000000000000000 ) ) ;
#1536 = CARTESIAN_POINT ( 'NONE',  ( 1.187565630244470150, -1.732474794199829971, 1.448687028813379962 ) ) ;
#1537 = ORIENTED_EDGE ( 'NONE', *, *, #1200, .T. ) ;
#1538 = LINE ( 'NONE', #4519, #924 ) ;
#1539 = DIRECTION ( 'NONE',  ( 0.000000000000000000, 0.000000000000000000, 1.000000000000000000 ) ) ;
#1540 = ADVANCED_FACE ( 'NONE', ( #6138 ), #4114, .F. ) ;
#1541 = ORIENTED_EDGE ( 'NONE', *, *, #5788, .T. ) ;
#1542 = VERTEX_POINT ( 'NONE', #4311 ) ;
#1543 = EDGE_CURVE ( 'NONE', #3997, #1647, #891, .T. ) ;
#1544 = VECTOR ( 'NONE', #5679, 1000.000000000000000 ) ;
#1545 = CYLINDRICAL_SURFACE ( 'NONE', #874, 0.3018065944804310119 ) ;
#1546 = CARTESIAN_POINT ( 'NONE',  ( 1.399999999999999911, -2.743959618851870008, 0.2700000000000000178 ) ) ;
#1547 = EDGE_CURVE ( 'NONE', #1980, #1548, #2328, .T. ) ;
#1548 = VERTEX_POINT ( 'NONE', #1335 ) ;
#1549 = EDGE_LOOP ( 'NONE', ( #2392, #6000, #939, #1728 ) ) ;
#1550 = CARTESIAN_POINT ( 'NONE',  ( 8.266092888301050437E-17, 1.350000000000000089, -0.5988918829267962929 ) ) ;
#1551 = FILL_AREA_STYLE ('',( #1484 ) ) ;
#1552 = EDGE_CURVE ( 'NONE', #3938, #5186, #3706, .T. ) ;
#1553 = AXIS2_PLACEMENT_3D ( 'NONE', #3481, #5875, #2947 ) ;
#1554 = CARTESIAN_POINT ( 'NONE',  ( -1.198636379818660114, 1.750000000000000000, 0.9912762577585830792 ) ) ;
#1555 = CARTESIAN_POINT ( 'NONE',  ( 1.749679626383430886, -1.676867808422485728, 1.661265593927373274 ) ) ;
#1556 = LINE ( 'NONE', #3898, #69 ) ;
#1557 = AXIS2_PLACEMENT_3D ( 'NONE', #5541, #1098, #6074 ) ;
#1558 =( NAMED_UNIT ( * ) PLANE_ANGLE_UNIT ( ) SI_UNIT ( $, .RADIAN. ) );
#1559 = CARTESIAN_POINT ( 'NONE',  ( 2.950000000000000622, -1.095494621307057326, 0.2000000000000000111 ) ) ;
#1560 = CARTESIAN_POINT ( 'NONE',  ( 1.198636379818660114, 1.475072618217709852, 0.5142042554948410560 ) ) ;
#1561 = ORIENTED_EDGE ( 'NONE', *, *, #1592, .F. ) ;
#1562 = AXIS2_PLACEMENT_3D ( 'NONE', #4326, #5201, #3758 ) ;
#1563 = VERTEX_POINT ( 'NONE', #1363 ) ;
#1564 = CARTESIAN_POINT ( 'NONE',  ( 2.350000000000000533, -1.095494621307057770, 0.000000000000000000 ) ) ;
#1565 = CARTESIAN_POINT ( 'NONE',  ( 0.000000000000000000, 0.000000000000000000, 0.000000000000000000 ) ) ;
#1566 = CARTESIAN_POINT ( 'NONE',  ( 1.399999999999999911, -2.286241185967940126, 0.2700000000000000178 ) ) ;
#1567 = VERTEX_POINT ( 'NONE', #2383 ) ;
#1568 = FILL_AREA_STYLE_COLOUR ( '', #4198 ) ;
#1569 = LINE ( 'NONE', #3423, #1084 ) ;
#1570 = MECHANICAL_DESIGN_GEOMETRIC_PRESENTATION_REPRESENTATION (  '', ( #1252 ), #3711 ) ;
#1571 = DIRECTION ( 'NONE',  ( -0.7061093399216813449, 0.7081028174462854485, 0.000000000000000000 ) ) ;
#1572 = VECTOR ( 'NONE', #2835, 1000.000000000000000 ) ;
#1573 = FILL_AREA_STYLE_COLOUR ( '', #6062 ) ;
#1574 = VERTEX_POINT ( 'NONE', #3795 ) ;
#1575 = FACE_OUTER_BOUND ( 'NONE', #2888, .T. ) ;
#1576 = DIRECTION ( 'NONE',  ( 1.000000000000000000, 0.000000000000000000, 0.000000000000000000 ) ) ;
#1577 = CARTESIAN_POINT ( 'NONE',  ( -1.194532035297049877, 1.517608363321570009, 1.524958015046800064 ) ) ;
#1578 = ORIENTED_EDGE ( 'NONE', *, *, #171, .F. ) ;
#1579 = CARTESIAN_POINT ( 'NONE',  ( 0.4502168081889539875, 0.7272569623863829325, 1.670000000000000151 ) ) ;
#1580 =( GEOMETRIC_REPRESENTATION_CONTEXT ( 3 ) GLOBAL_UNCERTAINTY_ASSIGNED_CONTEXT ( ( #1789 ) ) GLOBAL_UNIT_ASSIGNED_CONTEXT ( ( #5612, #168, #6200 ) ) REPRESENTATION_CONTEXT ( 'NONE', 'WORKASPACE' ) );
#1581 = COLOUR_RGB ( '',0.6980392156862744724, 0.6980392156862744724, 0.6980392156862744724 ) ;
#1582 = EDGE_CURVE ( 'NONE', #471, #3053, #2680, .T. ) ;
#1583 = DIRECTION ( 'NONE',  ( -1.000000000000000000, 0.000000000000000000, 0.000000000000000000 ) ) ;
#1584 = VERTEX_POINT ( 'NONE', #2833 ) ;
#1585 = CARTESIAN_POINT ( 'NONE',  ( 8.327814736639139938E-05, -1.732558537085290062, 0.000000000000000000 ) ) ;
#1586 = DIRECTION ( 'NONE',  ( 0.000000000000000000, 0.000000000000000000, 1.000000000000000000 ) ) ;
#1587 = VECTOR ( 'NONE', #2032, 1000.000000000000000 ) ;
#1588 = EDGE_CURVE ( 'NONE', #1927, #373, #2799, .T. ) ;
#1589 = AXIS2_PLACEMENT_3D ( 'NONE', #659, #6038, #4563 ) ;
#1590 = FACE_OUTER_BOUND ( 'NONE', #2485, .T. ) ;
#1591 = STYLED_ITEM ( 'NONE', ( #4160 ), #3424 ) ;
#1592 = EDGE_CURVE ( 'NONE', #1542, #5916, #4244, .T. ) ;
#1593 = DIRECTION ( 'NONE',  ( 0.000000000000000000, 0.000000000000000000, 1.000000000000000000 ) ) ;
#1594 = CARTESIAN_POINT ( 'NONE',  ( -1.135441809735770136, 1.517608363321570009, 1.670000000000000151 ) ) ;
#1595 = CARTESIAN_POINT ( 'NONE',  ( -0.8454977628303629311, -1.554687120496410113, 1.524958015046800064 ) ) ;
#1596 = CARTESIAN_POINT ( 'NONE',  ( 0.000000000000000000, 0.000000000000000000, 0.2000000000000000111 ) ) ;
#1597 = PRESENTATION_LAYER_ASSIGNMENT (  '', '', ( #1893 ) ) ;
#1598 = AXIS2_PLACEMENT_3D ( 'NONE', #5724, #5319, #797 ) ;
#1599 = EDGE_CURVE ( 'NONE', #350, #289, #4368, .T. ) ;
#1600 = ORIENTED_EDGE ( 'NONE', *, *, #1785, .F. ) ;
#1601 = DIRECTION ( 'NONE',  ( 0.000000000000000000, -0.000000000000000000, 1.000000000000000000 ) ) ;
#1602 = LINE ( 'NONE', #1950, #4129 ) ;
#1603 = VERTEX_POINT ( 'NONE', #272 ) ;
#1604 = FILL_AREA_STYLE_COLOUR ( '', #5017 ) ;
#1605 = AXIS2_PLACEMENT_3D ( 'NONE', #6212, #2729, #1827 ) ;
#1606 = DIRECTION ( 'NONE',  ( 0.000000000000000000, 0.000000000000000000, -1.000000000000000000 ) ) ;
#1607 = STYLED_ITEM ( 'NONE', ( #5500 ), #4095 ) ;
#1608 = UNCERTAINTY_MEASURE_WITH_UNIT (LENGTH_MEASURE( 1.000000000000000082E-05 ), #3110, 'distance_accuracy_value', 'NONE');
#1609 = LINE ( 'NONE', #78, #5318 ) ;
#1610 = ORIENTED_EDGE ( 'NONE', *, *, #4, .F. ) ;
#1611 = ORIENTED_EDGE ( 'NONE', *, *, #5820, .F. ) ;
#1612 = DIRECTION ( 'NONE',  ( -1.000000000000000000, 0.000000000000000000, 0.000000000000000000 ) ) ;
#1613 = CARTESIAN_POINT ( 'NONE',  ( -2.350000000000000089, -1.466061860831830099, 0.9929113569124999872 ) ) ;
#1614 = CARTESIAN_POINT ( 'NONE',  ( -1.244241921405110141, -1.732618347530439973, 0.9499004956727240545 ) ) ;
#1615 = DIRECTION ( 'NONE',  ( -0.000000000000000000, 1.000000000000000000, -0.000000000000000000 ) ) ;
#1616 = ORIENTED_EDGE ( 'NONE', *, *, #171, .T. ) ;
#1617 = CARTESIAN_POINT ( 'NONE',  ( -2.291979555982049721, -1.558682985728889969, 0.5872380108679859934 ) ) ;
#1618 = EDGE_CURVE ( 'NONE', #6135, #5553, #3259, .T. ) ;
#1619 = VECTOR ( 'NONE', #87, 1000.000000000000000 ) ;
#1620 = LINE ( 'NONE', #2567, #2725 ) ;
#1621 =( NAMED_UNIT ( * ) SI_UNIT ( $, .STERADIAN. ) SOLID_ANGLE_UNIT ( ) );
#1622 = COLOUR_RGB ( '',0.6980392156862744724, 0.6980392156862744724, 0.6980392156862744724 ) ;
#1623 = FACE_OUTER_BOUND ( 'NONE', #5713, .T. ) ;
#1624 = ORIENTED_EDGE ( 'NONE', *, *, #4152, .F. ) ;
#1625 = ORIENTED_EDGE ( 'NONE', *, *, #2103, .F. ) ;
#1626 =( NAMED_UNIT ( * ) PLANE_ANGLE_UNIT ( ) SI_UNIT ( $, .RADIAN. ) );
#1627 = EDGE_LOOP ( 'NONE', ( #3792, #5629, #2548, #5139, #1263 ) ) ;
#1628 = AXIS2_PLACEMENT_3D ( 'NONE', #1020, #5362, #2884 ) ;
#1629 = CARTESIAN_POINT ( 'NONE',  ( -0.4502168081889539875, 0.9018052454393200579, 1.524958015046800064 ) ) ;
#1630 = DIRECTION ( 'NONE',  ( 0.000000000000000000, 0.000000000000000000, -1.000000000000000000 ) ) ;
#1631 = EDGE_CURVE ( 'NONE', #685, #3346, #5314, .T. ) ;
#1632 = CARTESIAN_POINT ( 'NONE',  ( -2.950000000000000178, -0.5954946213070567707, 0.2000000000000000111 ) ) ;
#1633 = ORIENTED_EDGE ( 'NONE', *, *, #4394, .F. ) ;
#1634 = ADVANCED_FACE ( 'NONE', ( #2772 ), #2353, .F. ) ;
#1635 = VERTEX_POINT ( 'NONE', #6318 ) ;
#1636 = LINE ( 'NONE', #3683, #1894 ) ;
#1637 = VERTEX_POINT ( 'NONE', #3285 ) ;
#1638 = EDGE_CURVE ( 'NONE', #4928, #3297, #1870, .T. ) ;
#1639 = LINE ( 'NONE', #45, #1290 ) ;
#1640 = ORIENTED_EDGE ( 'NONE', *, *, #4227, .T. ) ;
#1641 = ORIENTED_EDGE ( 'NONE', *, *, #2938, .F. ) ;
#1642 = VERTEX_POINT ( 'NONE', #5837 ) ;
#1643 = LINE ( 'NONE', #641, #1572 ) ;
#1644 = CARTESIAN_POINT ( 'NONE',  ( -1.742310449531560002, 1.732450861759520011, 1.670000000000000151 ) ) ;
#1645 = CARTESIAN_POINT ( 'NONE',  ( 1.279333081627950008, 1.473734927972049968, 0.08104293853427260719 ) ) ;
#1646 = DIRECTION ( 'NONE',  ( -1.000000000000000000, 0.000000000000000000, 0.000000000000000000 ) ) ;
#1647 = VERTEX_POINT ( 'NONE', #4278 ) ;
#1648 = CARTESIAN_POINT ( 'NONE',  ( -1.742310449531560002, -1.732450861759520011, 1.524958015046800064 ) ) ;
#1649 =( LENGTH_UNIT ( ) NAMED_UNIT ( * ) SI_UNIT ( .MILLI., .METRE. ) );
#1650 = VERTEX_POINT ( 'NONE', #457 ) ;
#1651 = CARTESIAN_POINT ( 'NONE',  ( 2.350000000000000089, 1.475072618217709852, 0.000000000000000000 ) ) ;
#1652 = VERTEX_POINT ( 'NONE', #2885 ) ;
#1653 = PRESENTATION_STYLE_ASSIGNMENT (( #6035 ) ) ;
#1654 = FACE_OUTER_BOUND ( 'NONE', #1800, .T. ) ;
#1655 = FACE_OUTER_BOUND ( 'NONE', #5320, .T. ) ;
#1656 = LINE ( 'NONE', #3083, #3636 ) ;
#1657 = CARTESIAN_POINT ( 'NONE',  ( -0.4502168081889539875, 0.9018052454393200579, 1.670000000000000151 ) ) ;
#1658 = ORIENTED_EDGE ( 'NONE', *, *, #1853, .T. ) ;
#1659 = AXIS2_PLACEMENT_3D ( 'NONE', #3486, #1987, #41 ) ;
#1660 = AXIS2_PLACEMENT_3D ( 'NONE', #4499, #5972, #1944 ) ;
#1661 = PRESENTATION_STYLE_ASSIGNMENT (( #4643 ) ) ;
#1662 =( NAMED_UNIT ( * ) PLANE_ANGLE_UNIT ( ) SI_UNIT ( $, .RADIAN. ) );
#1663 = ORIENTED_EDGE ( 'NONE', *, *, #4662, .F. ) ;
#1664 = EDGE_CURVE ( 'NONE', #4659, #5553, #1021, .T. ) ;
#1665 = COLOUR_RGB ( '',0.6980392156862744724, 0.6980392156862744724, 0.6980392156862744724 ) ;
#1666 = UNCERTAINTY_MEASURE_WITH_UNIT (LENGTH_MEASURE( 1.000000000000000082E-05 ), #2780, 'distance_accuracy_value', 'NONE');
#1667 = EDGE_CURVE ( 'NONE', #218, #4784, #484, .T. ) ;
#1668 = SURFACE_STYLE_USAGE ( .BOTH. , #5192 ) ;
#1669 = DIRECTION ( 'NONE',  ( 0.000000000000000000, -1.000000000000000000, 0.000000000000000000 ) ) ;
#1670 =( LENGTH_UNIT ( ) NAMED_UNIT ( * ) SI_UNIT ( .MILLI., .METRE. ) );
#1671 = ORIENTED_EDGE ( 'NONE', *, *, #4035, .T. ) ;
#1672 = DIRECTION ( 'NONE',  ( 1.000000000000000000, 0.000000000000000000, 0.000000000000000000 ) ) ;
#1673 = CARTESIAN_POINT ( 'NONE',  ( -1.399999999999999911, -2.743959618851870008, 0.2700000000000000178 ) ) ;
#1674 = VERTEX_POINT ( 'NONE', #4940 ) ;
#1675 = COLOUR_RGB ( '',0.6980392156862744724, 0.6980392156862744724, 0.6980392156862744724 ) ;
#1676 = AXIS2_PLACEMENT_3D ( 'NONE', #1102, #5080, #2708 ) ;
#1677 = ORIENTED_EDGE ( 'NONE', *, *, #5237, .F. ) ;
#1678 = ORIENTED_EDGE ( 'NONE', *, *, #2324, .F. ) ;
#1679 = VERTEX_POINT ( 'NONE', #5499 ) ;
#1680 = LINE ( 'NONE', #1199, #512 ) ;
#1681 = AXIS2_PLACEMENT_3D ( 'NONE', #2172, #5117, #6133 ) ;
#1682 = LINE ( 'NONE', #5645, #327 ) ;
#1683 = LINE ( 'NONE', #167, #3912 ) ;
#1684 = DIRECTION ( 'NONE',  ( 1.000000000000000000, 0.000000000000000000, -1.694949013756229675E-16 ) ) ;
#1685 = FACE_OUTER_BOUND ( 'NONE', #3332, .T. ) ;
#1686 = ORIENTED_EDGE ( 'NONE', *, *, #5717, .T. ) ;
#1687 = AXIS2_PLACEMENT_3D ( 'NONE', #6191, #3300, #2824 ) ;
#1688 = ADVANCED_FACE ( 'NONE', ( #5465 ), #3016, .T. ) ;
#1689 = VECTOR ( 'NONE', #2563, 1000.000000000000000 ) ;
#1690 = MECHANICAL_DESIGN_GEOMETRIC_PRESENTATION_REPRESENTATION (  '', ( #839 ), #5407 ) ;
#1691 = CARTESIAN_POINT ( 'NONE',  ( -1.244408477699840088, -1.732498726640149922, 1.524958015046800064 ) ) ;
#1692 = DIRECTION ( 'NONE',  ( 0.000000000000000000, 2.187487421391570106E-16, -1.000000000000000000 ) ) ;
#1693 = VERTEX_POINT ( 'NONE', #1055 ) ;
#1694 = FILL_AREA_STYLE ('',( #5187 ) ) ;
#1695 = VECTOR ( 'NONE', #3308, 1000.000000000000000 ) ;
#1696 = VECTOR ( 'NONE', #1911, 1000.000000000000000 ) ;
#1697 = PLANE ( 'NONE',  #4985 ) ;
#1698 = VERTEX_POINT ( 'NONE', #1431 ) ;
#1699 = LINE ( 'NONE', #1281, #3146 ) ;
#1700 =( NAMED_UNIT ( * ) PLANE_ANGLE_UNIT ( ) SI_UNIT ( $, .RADIAN. ) );
#1701 = ORIENTED_EDGE ( 'NONE', *, *, #4276, .T. ) ;
#1702 = DIRECTION ( 'NONE',  ( 1.000000000000000000, 4.355082862985549938E-16, 0.000000000000000000 ) ) ;
#1703 = DIRECTION ( 'NONE',  ( 1.000000000000000000, 0.000000000000000000, 0.000000000000000000 ) ) ;
#1704 = LINE ( 'NONE', #2664, #2624 ) ;
#1705 = ORIENTED_EDGE ( 'NONE', *, *, #6295, .T. ) ;
#1706 = AXIS2_PLACEMENT_3D ( 'NONE', #5162, #2726, #708 ) ;
#1707 = EDGE_CURVE ( 'NONE', #1642, #6247, #2476, .T. ) ;
#1708 = PRESENTATION_LAYER_ASSIGNMENT (  '', '', ( #2516 ) ) ;
#1709 = VERTEX_POINT ( 'NONE', #2452 ) ;
#1710 = SURFACE_SIDE_STYLE ('',( #2069 ) ) ;
#1711 = ORIENTED_EDGE ( 'NONE', *, *, #5948, .F. ) ;
#1712 = CARTESIAN_POINT ( 'NONE',  ( 2.350000000000000089, 1.750000000000000000, 1.670000000000000151 ) ) ;
#1713 = EDGE_CURVE ( 'NONE', #4952, #761, #517, .T. ) ;
#1714 = VECTOR ( 'NONE', #2926, 999.9999999999998863 ) ;
#1715 = PLANE ( 'NONE',  #1427 ) ;
#1716 = FILL_AREA_STYLE_COLOUR ( '', #1498 ) ;
#1717 = PRESENTATION_STYLE_ASSIGNMENT (( #724 ) ) ;
#1718 = PRESENTATION_LAYER_ASSIGNMENT (  '', '', ( #4503 ) ) ;
#1719 = DIRECTION ( 'NONE',  ( 0.000000000000000000, -1.000000000000000000, 0.000000000000000000 ) ) ;
#1720 = LINE ( 'NONE', #2237, #3619 ) ;
#1721 = FILL_AREA_STYLE ('',( #1236 ) ) ;
#1722 = ORIENTED_EDGE ( 'NONE', *, *, #1638, .T. ) ;
#1723 = CIRCLE ( 'NONE', #29, 0.1966118409089784302 ) ;
#1724 = PLANE ( 'NONE',  #6276 ) ;
#1725 = LINE ( 'NONE', #3615, #6349 ) ;
#1726 = STYLED_ITEM ( 'NONE', ( #2583 ), #6181 ) ;
#1727 = PLANE ( 'NONE',  #485 ) ;
#1728 = ORIENTED_EDGE ( 'NONE', *, *, #5755, .F. ) ;
#1729 =( NAMED_UNIT ( * ) PLANE_ANGLE_UNIT ( ) SI_UNIT ( $, .RADIAN. ) );
#1730 = VECTOR ( 'NONE', #18, 1000.000000000000000 ) ;
#1731 = UNCERTAINTY_MEASURE_WITH_UNIT (LENGTH_MEASURE( 1.000000000000000082E-05 ), #5805, 'distance_accuracy_value', 'NONE');
#1732 = SURFACE_SIDE_STYLE ('',( #2688 ) ) ;
#1733 = EDGE_LOOP ( 'NONE', ( #3255, #2942, #1877, #2902 ) ) ;
#1734 = CARTESIAN_POINT ( 'NONE',  ( 1.244408477699840088, -1.732498726640149922, 0.9499004956727240545 ) ) ;
#1735 = DIRECTION ( 'NONE',  ( 1.000000000000000000, 7.228014483236693597E-16, 0.000000000000000000 ) ) ;
#1736 = EDGE_CURVE ( 'NONE', #382, #1927, #6420, .T. ) ;
#1737 = LINE ( 'NONE', #5694, #6451 ) ;
#1738 =( NAMED_UNIT ( * ) PLANE_ANGLE_UNIT ( ) SI_UNIT ( $, .RADIAN. ) );
#1739 = ORIENTED_EDGE ( 'NONE', *, *, #731, .T. ) ;
#1740 = EDGE_CURVE ( 'NONE', #4251, #685, #33, .T. ) ;
#1741 = VERTEX_POINT ( 'NONE', #555 ) ;
#1742 = EDGE_CURVE ( 'NONE', #879, #3356, #5364, .T. ) ;
#1743 = ORIENTED_EDGE ( 'NONE', *, *, #3895, .F. ) ;
#1744 = EDGE_CURVE ( 'NONE', #1301, #1959, #6449, .T. ) ;
#1745 = CARTESIAN_POINT ( 'NONE',  ( 2.166808320000790378, 1.388146906716230200, 1.670000000000000151 ) ) ;
#1746 = PLANE ( 'NONE',  #5278 ) ;
#1747 = LINE ( 'NONE', #4238, #4475 ) ;
#1748 = ORIENTED_EDGE ( 'NONE', *, *, #5181, .T. ) ;
#1749 = PLANE ( 'NONE',  #2386 ) ;
#1750 = ADVANCED_FACE ( 'NONE', ( #6352 ), #2917, .F. ) ;
#1751 = LINE ( 'NONE', #5746, #1165 ) ;
#1752 = ORIENTED_EDGE ( 'NONE', *, *, #5632, .T. ) ;
#1753 = SURFACE_STYLE_USAGE ( .BOTH. , #4216 ) ;
#1754 = ORIENTED_EDGE ( 'NONE', *, *, #4349, .T. ) ;
#1755 = DIRECTION ( 'NONE',  ( 0.000000000000000000, 0.000000000000000000, -1.000000000000000000 ) ) ;
#1756 = VERTEX_POINT ( 'NONE', #4915 ) ;
#1757 = FACE_BOUND ( 'NONE', #1160, .T. ) ;
#1758 =( GEOMETRIC_REPRESENTATION_CONTEXT ( 3 ) GLOBAL_UNCERTAINTY_ASSIGNED_CONTEXT ( ( #2802 ) ) GLOBAL_UNIT_ASSIGNED_CONTEXT ( ( #6083, #1662, #6173 ) ) REPRESENTATION_CONTEXT ( 'NONE', 'WORKASPACE' ) );
#1759 = SURFACE_STYLE_USAGE ( .BOTH. , #5159 ) ;
#1760 = DIRECTION ( 'NONE',  ( 0.000000000000000000, -1.000000000000000000, 0.000000000000000000 ) ) ;
#1761 = VERTEX_POINT ( 'NONE', #4002 ) ;
#1762 = DIRECTION ( 'NONE',  ( 0.000000000000000000, -1.000000000000000000, 0.000000000000000000 ) ) ;
#1763 =( NAMED_UNIT ( * ) SI_UNIT ( $, .STERADIAN. ) SOLID_ANGLE_UNIT ( ) );
#1764 = PRESENTATION_LAYER_ASSIGNMENT (  '', '', ( #2366 ) ) ;
#1765 = CARTESIAN_POINT ( 'NONE',  ( -2.350000000000000089, -0.5954946213070572147, 0.000000000000000000 ) ) ;
#1766 = FILL_AREA_STYLE ('',( #2251 ) ) ;
#1767 = VECTOR ( 'NONE', #3242, 1000.000000000000000 ) ;
#1768 = DIRECTION ( 'NONE',  ( 0.000000000000000000, 0.000000000000000000, 1.000000000000000000 ) ) ;
#1769 = LINE ( 'NONE', #4773, #916 ) ;
#1770 = ORIENTED_EDGE ( 'NONE', *, *, #4145, .T. ) ;
#1771 = LINE ( 'NONE', #752, #5527 ) ;
#1772 = VERTEX_POINT ( 'NONE', #2507 ) ;
#1773 = LINE ( 'NONE', #4264, #2494 ) ;
#1774 = AXIS2_PLACEMENT_3D ( 'NONE', #4279, #3358, #6149 ) ;
#1775 = UNCERTAINTY_MEASURE_WITH_UNIT (LENGTH_MEASURE( 1.000000000000000082E-05 ), #4965, 'distance_accuracy_value', 'NONE');
#1776 = VECTOR ( 'NONE', #2320, 1000.000000000000000 ) ;
#1777 = SURFACE_STYLE_FILL_AREA ( #5675 ) ;
#1778 = DIRECTION ( 'NONE',  ( 0.000000000000000000, 0.000000000000000000, -1.000000000000000000 ) ) ;
#1779 = DIRECTION ( 'NONE',  ( -1.000000000000000000, 0.000000000000000000, 0.000000000000000000 ) ) ;
#1780 = LINE ( 'NONE', #5744, #1485 ) ;
#1781 = EDGE_LOOP ( 'NONE', ( #4143, #4166, #4469, #2620, #2668, #3001, #1349 ) ) ;
#1782 = EDGE_CURVE ( 'NONE', #5422, #6118, #2270, .T. ) ;
#1783 =( GEOMETRIC_REPRESENTATION_CONTEXT ( 3 ) GLOBAL_UNCERTAINTY_ASSIGNED_CONTEXT ( ( #6271 ) ) GLOBAL_UNIT_ASSIGNED_CONTEXT ( ( #1162, #1626, #3114 ) ) REPRESENTATION_CONTEXT ( 'NONE', 'WORKASPACE' ) );
#1784 =( GEOMETRIC_REPRESENTATION_CONTEXT ( 3 ) GLOBAL_UNCERTAINTY_ASSIGNED_CONTEXT ( ( #4357 ) ) GLOBAL_UNIT_ASSIGNED_CONTEXT ( ( #3223, #6316, #2750 ) ) REPRESENTATION_CONTEXT ( 'NONE', 'WORKASPACE' ) );
#1785 = EDGE_CURVE ( 'NONE', #450, #4681, #2043, .T. ) ;
#1786 = DIRECTION ( 'NONE',  ( 0.000000000000000000, 0.000000000000000000, 1.000000000000000000 ) ) ;
#1787 =( NAMED_UNIT ( * ) SI_UNIT ( $, .STERADIAN. ) SOLID_ANGLE_UNIT ( ) );
#1788 = EDGE_CURVE ( 'NONE', #403, #4568, #5700, .T. ) ;
#1789 = UNCERTAINTY_MEASURE_WITH_UNIT (LENGTH_MEASURE( 1.000000000000000082E-05 ), #5612, 'distance_accuracy_value', 'NONE');
#1790 = DIRECTION ( 'NONE',  ( 1.000000000000000000, 0.000000000000000000, 0.000000000000000000 ) ) ;
#1791 = ORIENTED_EDGE ( 'NONE', *, *, #5994, .F. ) ;
#1792 = LINE ( 'NONE', #4855, #5126 ) ;
#1793 = APPLICATION_PROTOCOL_DEFINITION ( 'draft international standard', 'automotive_design', 1998, #583 ) ;
#1794 = FACE_OUTER_BOUND ( 'NONE', #178, .T. ) ;
#1795 = VECTOR ( 'NONE', #2709, 1000.000000000000114 ) ;
#1796 = VECTOR ( 'NONE', #5973, 1000.000000000000000 ) ;
#1797 = LINE ( 'NONE', #5767, #335 ) ;
#1798 = PLANE ( 'NONE',  #1972 ) ;
#1799 = VECTOR ( 'NONE', #5361, 1000.000000000000000 ) ;
#1800 = EDGE_LOOP ( 'NONE', ( #211, #640, #1791, #1376, #3280, #1245 ) ) ;
#1801 =( NAMED_UNIT ( * ) PLANE_ANGLE_UNIT ( ) SI_UNIT ( $, .RADIAN. ) );
#1802 = STYLED_ITEM ( 'NONE', ( #3609 ), #721 ) ;
#1803 = ORIENTED_EDGE ( 'NONE', *, *, #4315, .F. ) ;
#1804 = VECTOR ( 'NONE', #2905, 1000.000000000000000 ) ;
#1805 =( NAMED_UNIT ( * ) SI_UNIT ( $, .STERADIAN. ) SOLID_ANGLE_UNIT ( ) );
#1806 = EDGE_CURVE ( 'NONE', #3598, #3703, #1556, .T. ) ;
#1807 = PRESENTATION_LAYER_ASSIGNMENT (  '', '', ( #1396 ) ) ;
#1808 = DIRECTION ( 'NONE',  ( -6.123031769111888756E-17, -1.000000000000000000, 0.000000000000000000 ) ) ;
#1809 = ORIENTED_EDGE ( 'NONE', *, *, #1392, .T. ) ;
#1810 = CARTESIAN_POINT ( 'NONE',  ( -0.2756685251360169731, -0.5073416627111608790, 1.524958015046800064 ) ) ;
#1811 = CARTESIAN_POINT ( 'NONE',  ( -1.198636379818660114, 0.000000000000000000, 0.000000000000000000 ) ) ;
#1812 = AXIS2_PLACEMENT_3D ( 'NONE', #671, #4672, #1106 ) ;
#1813 = CARTESIAN_POINT ( 'NONE',  ( -2.166808320000790378, 1.388146906716230200, 1.670000000000000151 ) ) ;
#1814 = CARTESIAN_POINT ( 'NONE',  ( -2.166808320000790378, 1.551945271034630203, 1.670000000000000151 ) ) ;
#1815 = EDGE_CURVE ( 'NONE', #1584, #2771, #1976, .T. ) ;
#1816 = VERTEX_POINT ( 'NONE', #5932 ) ;
#1817 = DIRECTION ( 'NONE',  ( -1.000000000000000000, 0.000000000000000000, -0.000000000000000000 ) ) ;
#1818 =( LENGTH_UNIT ( ) NAMED_UNIT ( * ) SI_UNIT ( .MILLI., .METRE. ) );
#1819 = VECTOR ( 'NONE', #4906, 1000.000000000000000 ) ;
#1820 = EDGE_CURVE ( 'NONE', #2816, #714, #1491, .T. ) ;
#1821 = MECHANICAL_DESIGN_GEOMETRIC_PRESENTATION_REPRESENTATION (  '', ( #2034 ), #878 ) ;
#1822 = EDGE_CURVE ( 'NONE', #415, #2794, #1683, .T. ) ;
#1823 = VERTEX_POINT ( 'NONE', #6131 ) ;
#1824 = CARTESIAN_POINT ( 'NONE',  ( -1.244247497819613635, -1.616603944488925748, 0.9499004956727240545 ) ) ;
#1825 = SURFACE_STYLE_USAGE ( .BOTH. , #5258 ) ;
#1826 = CARTESIAN_POINT ( 'NONE',  ( 1.194532035297049877, 1.517608363321570009, 1.524958015046800064 ) ) ;
#1827 = DIRECTION ( 'NONE',  ( -1.000000000000000000, 0.000000000000000000, 0.000000000000000000 ) ) ;
#1828 = ADVANCED_FACE ( 'NONE', ( #1655 ), #2574, .T. ) ;
#1829 = FACE_OUTER_BOUND ( 'NONE', #6429, .T. ) ;
#1830 = VERTEX_POINT ( 'NONE', #3048 ) ;
#1831 = ORIENTED_EDGE ( 'NONE', *, *, #4152, .T. ) ;
#1832 = FACE_OUTER_BOUND ( 'NONE', #5653, .T. ) ;
#1833 = EDGE_LOOP ( 'NONE', ( #4492, #3205, #1009, #42 ) ) ;
#1834 = DIRECTION ( 'NONE',  ( 0.000000000000000000, 0.000000000000000000, -1.000000000000000000 ) ) ;
#1835 = UNCERTAINTY_MEASURE_WITH_UNIT (LENGTH_MEASURE( 1.000000000000000082E-05 ), #737, 'distance_accuracy_value', 'NONE');
#1836 = DIRECTION ( 'NONE',  ( 0.000000000000000000, 1.000000000000000000, 0.000000000000000000 ) ) ;
#1837 = CARTESIAN_POINT ( 'NONE',  ( -1.399999999999999911, 0.000000000000000000, 0.000000000000000000 ) ) ;
#1838 = ORIENTED_EDGE ( 'NONE', *, *, #4554, .F. ) ;
#1839 = ORIENTED_EDGE ( 'NONE', *, *, #1509, .T. ) ;
#1840 =( NAMED_UNIT ( * ) SI_UNIT ( $, .STERADIAN. ) SOLID_ANGLE_UNIT ( ) );
#1841 = CARTESIAN_POINT ( 'NONE',  ( -2.214855333278670013, 1.473734927972049968, 0.5420601227958389279 ) ) ;
#1842 = DIRECTION ( 'NONE',  ( 1.000000000000000000, 0.000000000000000000, 0.000000000000000000 ) ) ;
#1843 = PRESENTATION_STYLE_ASSIGNMENT (( #5281 ) ) ;
#1844 = CARTESIAN_POINT ( 'NONE',  ( -1.922816040256440040, 1.551945271034630203, 1.670000000000000151 ) ) ;
#1845 = UNCERTAINTY_MEASURE_WITH_UNIT (LENGTH_MEASURE( 1.000000000000000082E-05 ), #375, 'distance_accuracy_value', 'NONE');
#1846 = VECTOR ( 'NONE', #6360, 1000.000000000000000 ) ;
#1847 = CYLINDRICAL_SURFACE ( 'NONE', #1598, 0.3018065944804310119 ) ;
#1848 = ADVANCED_FACE ( 'NONE', ( #195 ), #1232, .F. ) ;
#1849 = EDGE_LOOP ( 'NONE', ( #1184, #2625, #2061, #5572 ) ) ;
#1850 = CARTESIAN_POINT ( 'NONE',  ( -1.187565630244470150, -1.750000000000000000, 1.448687028813379962 ) ) ;
#1851 = FACE_OUTER_BOUND ( 'NONE', #4354, .T. ) ;
#1852 = LINE ( 'NONE', #1221, #417 ) ;
#1853 = EDGE_CURVE ( 'NONE', #3372, #4232, #2613, .T. ) ;
#1854 = ADVANCED_FACE ( 'NONE', ( #5044 ), #4666, .F. ) ;
#1855 = UNCERTAINTY_MEASURE_WITH_UNIT (LENGTH_MEASURE( 1.000000000000000082E-05 ), #386, 'distance_accuracy_value', 'NONE');
#1856 = VECTOR ( 'NONE', #1692, 1000.000000000000000 ) ;
#1857 = VERTEX_POINT ( 'NONE', #2203 ) ;
#1858 = DIRECTION ( 'NONE',  ( 0.000000000000000000, -1.000000000000000000, 0.000000000000000000 ) ) ;
#1859 = DIRECTION ( 'NONE',  ( 4.806657061659142297E-05, -0.9999999988448025068, 0.000000000000000000 ) ) ;
#1860 = ORIENTED_EDGE ( 'NONE', *, *, #4370, .F. ) ;
#1861 = EDGE_CURVE ( 'NONE', #5294, #4651, #6020, .T. ) ;
#1862 = VECTOR ( 'NONE', #5458, 1000.000000000000000 ) ;
#1863 =( NAMED_UNIT ( * ) PLANE_ANGLE_UNIT ( ) SI_UNIT ( $, .RADIAN. ) );
#1864 = DIRECTION ( 'NONE',  ( 0.000000000000000000, 1.000000000000000000, 0.000000000000000000 ) ) ;
#1865 = VERTEX_POINT ( 'NONE', #5115 ) ;
#1866 = PLANE ( 'NONE',  #1041 ) ;
#1867 = LINE ( 'NONE', #5801, #4975 ) ;
#1868 = CARTESIAN_POINT ( 'NONE',  ( 0.4807147255954329901, -0.6968490896672390189, 1.670000000000000151 ) ) ;
#1869 = LINE ( 'NONE', #4791, #4895 ) ;
#1870 = LINE ( 'NONE', #827, #3496 ) ;
#1871 = ORIENTED_EDGE ( 'NONE', *, *, #3556, .F. ) ;
#1872 = DIRECTION ( 'NONE',  ( 0.000000000000000000, 0.000000000000000000, -1.000000000000000000 ) ) ;
#1873 = LINE ( 'NONE', #5501, #301 ) ;
#1874 = VECTOR ( 'NONE', #621, 1000.000000000000000 ) ;
#1875 = ADVANCED_FACE ( 'NONE', ( #4072 ), #661, .T. ) ;
#1876 = CIRCLE ( 'NONE', #1366, 0.1805055907248848679 ) ;
#1877 = ORIENTED_EDGE ( 'NONE', *, *, #696, .T. ) ;
#1878 = DIRECTION ( 'NONE',  ( -1.000000000000000000, 0.000000000000000000, 0.000000000000000000 ) ) ;
#1879 =( NAMED_UNIT ( * ) SI_UNIT ( $, .STERADIAN. ) SOLID_ANGLE_UNIT ( ) );
#1880 = DIRECTION ( 'NONE',  ( 1.000000000000000000, 0.000000000000000000, 0.000000000000000000 ) ) ;
#1881 = VECTOR ( 'NONE', #3953, 1000.000000000000000 ) ;
#1882 =( GEOMETRIC_REPRESENTATION_CONTEXT ( 3 ) GLOBAL_UNCERTAINTY_ASSIGNED_CONTEXT ( ( #5796 ) ) GLOBAL_UNIT_ASSIGNED_CONTEXT ( ( #3491, #2997, #4084 ) ) REPRESENTATION_CONTEXT ( 'NONE', 'WORKASPACE' ) );
#1883 =( LENGTH_UNIT ( ) NAMED_UNIT ( * ) SI_UNIT ( .MILLI., .METRE. ) );
#1884 = ORIENTED_EDGE ( 'NONE', *, *, #5828, .T. ) ;
#1885 = DIRECTION ( 'NONE',  ( 0.000000000000000000, 0.000000000000000000, -1.000000000000000000 ) ) ;
#1886 = COLOUR_RGB ( '',0.2000000000000000111, 0.2000000000000000111, 0.2000000000000000111 ) ;
#1887 = EDGE_LOOP ( 'NONE', ( #5702, #6099, #5129, #5892, #3295, #4691 ) ) ;
#1888 = DIRECTION ( 'NONE',  ( -1.000000000000000000, 0.000000000000000000, 0.000000000000000000 ) ) ;
#1889 = CYLINDRICAL_SURFACE ( 'NONE', #448, 0.1637983643183980875 ) ;
#1890 =( NAMED_UNIT ( * ) SI_UNIT ( $, .STERADIAN. ) SOLID_ANGLE_UNIT ( ) );
#1891 = VERTEX_POINT ( 'NONE', #4639 ) ;
#1892 = DIRECTION ( 'NONE',  ( 1.000000000000000000, 0.000000000000000000, 0.000000000000000000 ) ) ;
#1893 = STYLED_ITEM ( 'NONE', ( #2010 ), #4116 ) ;
#1894 = VECTOR ( 'NONE', #2622, 1000.000000000000000 ) ;
#1895 = ADVANCED_FACE ( 'NONE', ( #4139 ), #4176, .F. ) ;
#1896 = UNCERTAINTY_MEASURE_WITH_UNIT (LENGTH_MEASURE( 1.000000000000000082E-05 ), #5395, 'distance_accuracy_value', 'NONE');
#1897 = CONICAL_SURFACE ( 'NONE', #424, 0.2021725488640350454, 0.8765463347917594739 ) ;
#1898 = AXIS2_PLACEMENT_3D ( 'NONE', #902, #4442, #3326 ) ;
#1899 = SURFACE_SIDE_STYLE ('',( #4867 ) ) ;
#1900 = CLOSED_SHELL ( 'NONE', ( #1315, #221, #3117, #288, #4266, #4902, #2055, #721, #6181, #2940, #3424, #5708, #4231, #885, #5681, #5228, #3473, #980, #4884, #3542, #5862, #4851, #6379, #1155, #3392, #2814, #6384, #2271, #1018, #3851, #4318, #6115, #2348, #738, #5292, #6369, #5018, #3095, #169, #4765, #5269, #6185, #2410, #1848, #3545, #4388, #2686, #480, #534, #4605, #3508, #2943, #4019, #3993, #4059, #6259, #665, #5753, #4183, #4423, #895, #3019, #4095, #4937, #5057, #887, #6401, #4544, #505, #615, #2023, #5263, #969, #3375, #292, #2433, #5495, #2556, #5790, #1318, #2859, #3472, #566, #2249, #1688, #2398, #410, #1237, #1875, #6296, #4778, #5555, #4108, #4825, #206, #5581, #778, #3506, #3774, #5783, #3027, #1895, #2542, #5865, #3157, #3403, #3738, #1750, #4428, #4676, #4071, #3023, #4957, #1634, #6069, #5440, #5505, #4504, #2599, #5671, #6187, #4116, #2783, #282, #925, #4788, #3806, #2180, #2142, #6152, #2898, #4949, #5529, #5639, #1854, #4077, #3668, #5546, #212, #561, #2101, #2331, #1828, #4711 ) ) ;
#1901 = EDGE_CURVE ( 'NONE', #3593, #510, #4532, .T. ) ;
#1902 = ORIENTED_EDGE ( 'NONE', *, *, #265, .F. ) ;
#1903 = ORIENTED_EDGE ( 'NONE', *, *, #769, .T. ) ;
#1904 = FILL_AREA_STYLE ('',( #6345 ) ) ;
#1905 = SURFACE_STYLE_FILL_AREA ( #1523 ) ;
#1906 = MECHANICAL_DESIGN_GEOMETRIC_PRESENTATION_REPRESENTATION (  '', ( #5513 ), #1280 ) ;
#1907 = AXIS2_PLACEMENT_3D ( 'NONE', #2361, #4253, #2809 ) ;
#1908 = STYLED_ITEM ( 'NONE', ( #4317 ), #288 ) ;
#1909 = SURFACE_SIDE_STYLE ('',( #4875 ) ) ;
#1910 = DIRECTION ( 'NONE',  ( 1.000000000000000000, 0.000000000000000000, 0.000000000000000000 ) ) ;
#1911 = DIRECTION ( 'NONE',  ( -1.000000000000000000, 0.000000000000000000, 0.000000000000000000 ) ) ;
#1912 = DIRECTION ( 'NONE',  ( -1.000000000000000000, 0.000000000000000000, 0.000000000000000000 ) ) ;
#1913 = CARTESIAN_POINT ( 'NONE',  ( -0.5844210245061349784, -1.732498726640149922, 1.670000000000000151 ) ) ;
#1914 = AXIS2_PLACEMENT_3D ( 'NONE', #3402, #3439, #6408 ) ;
#1915 = CIRCLE ( 'NONE', #5539, 0.1743116558491779877 ) ;
#1916 = ORIENTED_EDGE ( 'NONE', *, *, #1713, .F. ) ;
#1917 = VECTOR ( 'NONE', #1501, 1000.000000000000000 ) ;
#1918 = PRESENTATION_STYLE_ASSIGNMENT (( #6013 ) ) ;
#1919 = LINE ( 'NONE', #3517, #3837 ) ;
#1920 = VECTOR ( 'NONE', #2154, 1000.000000000000000 ) ;
#1921 = LINE ( 'NONE', #4249, #1444 ) ;
#1922 = ORIENTED_EDGE ( 'NONE', *, *, #1822, .T. ) ;
#1923 = CARTESIAN_POINT ( 'NONE',  ( 1.067585657234540131, -1.731509940961710070, 1.670000000000000151 ) ) ;
#1924 = LINE ( 'NONE', #5883, #1386 ) ;
#1925 = MECHANICAL_DESIGN_GEOMETRIC_PRESENTATION_REPRESENTATION (  '', ( #1210 ), #4409 ) ;
#1926 = CARTESIAN_POINT ( 'NONE',  ( 0.8454977628303629311, -1.756512990419249798, 1.524958015046800064 ) ) ;
#1927 = VERTEX_POINT ( 'NONE', #2143 ) ;
#1928 = CARTESIAN_POINT ( 'NONE',  ( 1.922816040256440040, 1.517608363321580001, 1.670000000000000151 ) ) ;
#1929 = VECTOR ( 'NONE', #5956, 1000.000000000000000 ) ;
#1930 = ORIENTED_EDGE ( 'NONE', *, *, #6338, .F. ) ;
#1931 = DIRECTION ( 'NONE',  ( -1.000000000000000000, 0.000000000000000000, 0.000000000000000000 ) ) ;
#1932 = EDGE_CURVE ( 'NONE', #3681, #3852, #5677, .T. ) ;
#1933 = CARTESIAN_POINT ( 'NONE',  ( 2.291999606393563038, -1.558462649570529157, 0.9499004956727240545 ) ) ;
#1934 = EDGE_CURVE ( 'NONE', #1993, #3573, #5827, .T. ) ;
#1935 = FACE_OUTER_BOUND ( 'NONE', #3078, .T. ) ;
#1936 = ORIENTED_EDGE ( 'NONE', *, *, #4857, .T. ) ;
#1937 = ORIENTED_EDGE ( 'NONE', *, *, #1215, .F. ) ;
#1938 = SURFACE_STYLE_USAGE ( .BOTH. , #4935 ) ;
#1939 = DIRECTION ( 'NONE',  ( -1.000000000000000000, 0.000000000000000000, 0.000000000000000000 ) ) ;
#1940 = EDGE_CURVE ( 'NONE', #2736, #4928, #235, .T. ) ;
#1941 = DIRECTION ( 'NONE',  ( -1.000000000000000000, 0.000000000000000000, 0.000000000000000000 ) ) ;
#1942 = CARTESIAN_POINT ( 'NONE',  ( -2.350000000000000089, -1.750000000000000000, 1.670000000000000151 ) ) ;
#1943 = FILL_AREA_STYLE_COLOUR ( '', #2723 ) ;
#1944 = DIRECTION ( 'NONE',  ( 1.000000000000000000, 0.000000000000000000, 0.000000000000000000 ) ) ;
#1945 = FILL_AREA_STYLE_COLOUR ( '', #3635 ) ;
#1946 = ORIENTED_EDGE ( 'NONE', *, *, #2096, .F. ) ;
#1947 = ORIENTED_EDGE ( 'NONE', *, *, #3865, .F. ) ;
#1948 = SURFACE_STYLE_FILL_AREA ( #4411 ) ;
#1949 = CARTESIAN_POINT ( 'NONE',  ( 2.350000000000000089, 1.750000000000000000, 0.9912762577585830792 ) ) ;
#1950 = CARTESIAN_POINT ( 'NONE',  ( -2.950000000000000178, 1.104505378692939743, 0.2000000000000000111 ) ) ;
#1951 = ORIENTED_EDGE ( 'NONE', *, *, #1344, .F. ) ;
#1952 = FACE_OUTER_BOUND ( 'NONE', #4613, .T. ) ;
#1953 = CARTESIAN_POINT ( 'NONE',  ( -1.067585657234540131, -1.731509940961710070, 1.524958015046800064 ) ) ;
#1954 = DIRECTION ( 'NONE',  ( 0.000000000000000000, 1.000000000000000000, 0.000000000000000000 ) ) ;
#1955 = SURFACE_SIDE_STYLE ('',( #5518 ) ) ;
#1956 = ORIENTED_EDGE ( 'NONE', *, *, #6416, .F. ) ;
#1957 = DIRECTION ( 'NONE',  ( 0.000000000000000000, 1.000000000000000000, 0.000000000000000000 ) ) ;
#1958 = PLANE ( 'NONE',  #3839 ) ;
#1959 = VERTEX_POINT ( 'NONE', #3219 ) ;
#1960 = SURFACE_STYLE_FILL_AREA ( #3471 ) ;
#1961 = MECHANICAL_DESIGN_GEOMETRIC_PRESENTATION_REPRESENTATION (  '', ( #6216 ), #814 ) ;
#1962 = VERTEX_POINT ( 'NONE', #2263 ) ;
#1963 = PLANE ( 'NONE',  #1914 ) ;
#1964 = CARTESIAN_POINT ( 'NONE',  ( 0.4502168081889539875, 0.9018052454393200579, 1.524958015046800064 ) ) ;
#1965 = DIRECTION ( 'NONE',  ( -0.7685337799280628213, 9.411824336255185106E-17, 0.6398092130545509626 ) ) ;
#1966 = VERTEX_POINT ( 'NONE', #1357 ) ;
#1967 = ORIENTED_EDGE ( 'NONE', *, *, #1588, .T. ) ;
#1968 = CARTESIAN_POINT ( 'NONE',  ( 1.774318189909330101, -1.639330840868030048, 0.9929113569124999872 ) ) ;
#1969 = EDGE_CURVE ( 'NONE', #4041, #2057, #715, .T. ) ;
#1970 = LINE ( 'NONE', #3479, #4364 ) ;
#1971 = CIRCLE ( 'NONE', #5599, 0.1637983643183980875 ) ;
#1972 = AXIS2_PLACEMENT_3D ( 'NONE', #3274, #261, #1288 ) ;
#1973 = CARTESIAN_POINT ( 'NONE',  ( 0.2756685251360169731, 0.7015834068728459272, 1.524958015046800064 ) ) ;
#1974 = DIRECTION ( 'NONE',  ( -0.000000000000000000, 1.000000000000000000, 0.000000000000000000 ) ) ;
#1975 = CARTESIAN_POINT ( 'NONE',  ( -1.135441809735770136, 1.517608363321570009, 1.524958015046800064 ) ) ;
#1976 = LINE ( 'NONE', #954, #5062 ) ;
#1977 = CARTESIAN_POINT ( 'NONE',  ( 1.279333081627950008, 1.475072618217709852, 0.5142042554948410560 ) ) ;
#1978 = PLANE ( 'NONE',  #4452 ) ;
#1979 = DIRECTION ( 'NONE',  ( 0.000000000000000000, 0.000000000000000000, -1.000000000000000000 ) ) ;
#1980 = VERTEX_POINT ( 'NONE', #852 ) ;
#1981 = ORIENTED_EDGE ( 'NONE', *, *, #3608, .T. ) ;
#1982 = VECTOR ( 'NONE', #5343, 1000.000000000000000 ) ;
#1983 = ADVANCED_FACE ( 'NONE', ( #3790 ), #1388, .T. ) ;
#1984 = EDGE_LOOP ( 'NONE', ( #751, #2088, #3476, #468 ) ) ;
#1985 = CARTESIAN_POINT ( 'NONE',  ( -0.8454977628303629311, -1.554687120496410113, 1.670000000000000151 ) ) ;
#1986 = CARTESIAN_POINT ( 'NONE',  ( -1.922816040256440040, 1.551945271034630203, 1.670000000000000151 ) ) ;
#1987 = DIRECTION ( 'NONE',  ( 0.000000000000000000, 0.000000000000000000, 1.000000000000000000 ) ) ;
#1988 = PRESENTATION_LAYER_ASSIGNMENT (  '', '', ( #1159 ) ) ;
#1989 = ORIENTED_EDGE ( 'NONE', *, *, #5022, .T. ) ;
#1990 = CARTESIAN_POINT ( 'NONE',  ( 0.8454977628303629311, -1.554687120496410113, 1.524958015046800064 ) ) ;
#1991 = CARTESIAN_POINT ( 'NONE',  ( -1.244408477699840088, -1.731509940961710070, 1.584027809471529880 ) ) ;
#1992 = STYLED_ITEM ( 'NONE', ( #1653 ), #4937 ) ;
#1993 = VERTEX_POINT ( 'NONE', #2705 ) ;
#1994 = FACE_OUTER_BOUND ( 'NONE', #6203, .T. ) ;
#1995 = LINE ( 'NONE', #5061, #4410 ) ;
#1996 = DIRECTION ( 'NONE',  ( 0.000000000000000000, 0.000000000000000000, 1.000000000000000000 ) ) ;
#1997 = AXIS2_PLACEMENT_3D ( 'NONE', #5242, #1323, #4206 ) ;
#1998 = ORIENTED_EDGE ( 'NONE', *, *, #4158, .F. ) ;
#1999 = LINE ( 'NONE', #4419, #837 ) ;
#2000 = LINE ( 'NONE', #354, #2330 ) ;
#2001 = EDGE_CURVE ( 'NONE', #1980, #381, #4237, .T. ) ;
#2002 = VECTOR ( 'NONE', #2747, 1000.000000000000000 ) ;
#2003 = DIRECTION ( 'NONE',  ( 0.000000000000000000, 0.000000000000000000, -1.000000000000000000 ) ) ;
#2004 = ORIENTED_EDGE ( 'NONE', *, *, #1631, .F. ) ;
#2005 =( NAMED_UNIT ( * ) PLANE_ANGLE_UNIT ( ) SI_UNIT ( $, .RADIAN. ) );
#2006 = COLOUR_RGB ( '',0.6980392156862744724, 0.6980392156862744724, 0.6980392156862744724 ) ;
#2007 = DIRECTION ( 'NONE',  ( -1.000000000000000000, 0.000000000000000000, 0.000000000000000000 ) ) ;
#2008 =( NAMED_UNIT ( * ) PLANE_ANGLE_UNIT ( ) SI_UNIT ( $, .RADIAN. ) );
#2009 = DIRECTION ( 'NONE',  ( 0.000000000000000000, 2.187487421391570106E-16, -1.000000000000000000 ) ) ;
#2010 = PRESENTATION_STYLE_ASSIGNMENT (( #422 ) ) ;
#2011 = FILL_AREA_STYLE ('',( #1945 ) ) ;
#2012 = ORIENTED_EDGE ( 'NONE', *, *, #6264, .F. ) ;
#2013 = MECHANICAL_DESIGN_GEOMETRIC_PRESENTATION_REPRESENTATION (  '', ( #4997 ), #124 ) ;
#2014 = VECTOR ( 'NONE', #268, 1000.000000000000000 ) ;
#2015 = EDGE_CURVE ( 'NONE', #5982, #4295, #4816, .T. ) ;
#2016 = B_SPLINE_CURVE_WITH_KNOTS ( 'NONE', 3,
 ( #3525, #539, #5565, #2635 ),
 .UNSPECIFIED., .F., .F.,
 ( 4, 4 ),
 ( 0.000000000000000000, 1.000000000000000000 ),
 .UNSPECIFIED. ) ;
#2017 = STYLED_ITEM ( 'NONE', ( #3065 ), #980 ) ;
#2018 = SURFACE_SIDE_STYLE ('',( #4468 ) ) ;
#2019 = VERTEX_POINT ( 'NONE', #4332 ) ;
#2020 = DIRECTION ( 'NONE',  ( 0.000000000000000000, 0.000000000000000000, -1.000000000000000000 ) ) ;
#2021 = EDGE_CURVE ( 'NONE', #2284, #1542, #2289, .T. ) ;
#2022 = LINE ( 'NONE', #3460, #6262 ) ;
#2023 = ADVANCED_FACE ( 'NONE', ( #3819 ), #1746, .T. ) ;
#2024 = PRESENTATION_STYLE_ASSIGNMENT (( #13 ) ) ;
#2025 = EDGE_CURVE ( 'NONE', #3703, #4926, #3345, .T. ) ;
#2026 = ORIENTED_EDGE ( 'NONE', *, *, #2279, .F. ) ;
#2027 = DIRECTION ( 'NONE',  ( 1.000000000000000000, 6.977398648951600293E-15, 0.000000000000000000 ) ) ;
#2028 = LINE ( 'NONE', #1115, #5137 ) ;
#2029 = ORIENTED_EDGE ( 'NONE', *, *, #2321, .T. ) ;
#2030 = VECTOR ( 'NONE', #6146, 1000.000000000000000 ) ;
#2031 = VERTEX_POINT ( 'NONE', #5711 ) ;
#2032 = DIRECTION ( 'NONE',  ( 0.000000000000000000, -1.000000000000000000, 0.000000000000000000 ) ) ;
#2033 =( NAMED_UNIT ( * ) SI_UNIT ( $, .STERADIAN. ) SOLID_ANGLE_UNIT ( ) );
#2034 = STYLED_ITEM ( 'NONE', ( #4029 ), #6259 ) ;
#2035 = CARTESIAN_POINT ( 'NONE',  ( 0.000000000000000000, -1.732498726640149922, 1.670000000000000151 ) ) ;
#2036 = ORIENTED_EDGE ( 'NONE', *, *, #1934, .F. ) ;
#2037 = VERTEX_POINT ( 'NONE', #787 ) ;
#2038 = CARTESIAN_POINT ( 'NONE',  ( 1.198636379818660114, 1.475072618217709852, 0.000000000000000000 ) ) ;
#2039 = FACE_OUTER_BOUND ( 'NONE', #4908, .T. ) ;
#2040 = CARTESIAN_POINT ( 'NONE',  ( -1.198636379818660114, 1.750000000000000000, 0.9912762577585830792 ) ) ;
#2041 = FILL_AREA_STYLE ('',( #31 ) ) ;
#2042 = DIRECTION ( 'NONE',  ( 0.000000000000000000, 1.000000000000000000, 0.000000000000000000 ) ) ;
#2043 = LINE ( 'NONE', #2422, #1244 ) ;
#2044 = FACE_OUTER_BOUND ( 'NONE', #945, .T. ) ;
#2045 = CARTESIAN_POINT ( 'NONE',  ( 0.2756685251360169731, -0.4990275020653580085, 1.670000000000000151 ) ) ;
#2046 = ORIENTED_EDGE ( 'NONE', *, *, #2923, .T. ) ;
#2047 = MECHANICAL_DESIGN_GEOMETRIC_PRESENTATION_REPRESENTATION (  '', ( #360 ), #568 ) ;
#2048 = ORIENTED_EDGE ( 'NONE', *, *, #5952, .F. ) ;
#2049 = FILL_AREA_STYLE ('',( #5878 ) ) ;
#2050 = CARTESIAN_POINT ( 'NONE',  ( 1.135441809735770136, 1.517608363321570009, 1.670000000000000151 ) ) ;
#2051 = EDGE_LOOP ( 'NONE', ( #3167, #904, #2899, #5333 ) ) ;
#2052 = CARTESIAN_POINT ( 'NONE',  ( 1.244408477699840976, -1.728095329031621441, 1.608128854921362816 ) ) ;
#2053 = CARTESIAN_POINT ( 'NONE',  ( -1.774318189909330101, -1.750000000000000000, 1.524958015046800064 ) ) ;
#2054 = LINE ( 'NONE', #2118, #646 ) ;
#2055 = ADVANCED_FACE ( 'NONE', ( #1261 ), #5212, .F. ) ;
#2056 = PLANE ( 'NONE',  #4899 ) ;
#2057 = VERTEX_POINT ( 'NONE', #943 ) ;
#2058 = PLANE ( 'NONE',  #6434 ) ;
#2059 = LINE ( 'NONE', #6056, #3467 ) ;
#2060 = CARTESIAN_POINT ( 'NONE',  ( 0.4647840932999509622, 0.7115629572946600145, 1.670000000000000151 ) ) ;
#2061 = ORIENTED_EDGE ( 'NONE', *, *, #5147, .F. ) ;
#2062 = DIRECTION ( 'NONE',  ( -1.000000000000000000, 0.000000000000000000, 0.000000000000000000 ) ) ;
#2063 = EDGE_CURVE ( 'NONE', #1584, #2631, #3475, .T. ) ;
#2064 = EDGE_CURVE ( 'NONE', #3991, #4705, #5356, .T. ) ;
#2065 = CARTESIAN_POINT ( 'NONE',  ( 0.2756685251360169731, 0.7272569623863829325, 1.670000000000000151 ) ) ;
#2066 = VECTOR ( 'NONE', #2242, 1000.000000000000000 ) ;
#2067 = CARTESIAN_POINT ( 'NONE',  ( -0.4807147255954329901, -0.5225374338180610589, 1.670000000000000151 ) ) ;
#2068 = ORIENTED_EDGE ( 'NONE', *, *, #4976, .F. ) ;
#2069 = SURFACE_STYLE_FILL_AREA ( #5636 ) ;
#2070 = EDGE_CURVE ( 'NONE', #1709, #1254, #2970, .T. ) ;
#2071 = VECTOR ( 'NONE', #5898, 1000.000000000000000 ) ;
#2072 = DIRECTION ( 'NONE',  ( -6.123031769111888756E-17, -1.000000000000000000, 0.000000000000000000 ) ) ;
#2073 = DIRECTION ( 'NONE',  ( 0.000000000000000000, 0.000000000000000000, 1.000000000000000000 ) ) ;
#2074 = VECTOR ( 'NONE', #6196, 1000.000000000000000 ) ;
#2075 = SURFACE_STYLE_USAGE ( .BOTH. , #5577 ) ;
#2076 =( LENGTH_UNIT ( ) NAMED_UNIT ( * ) SI_UNIT ( .MILLI., .METRE. ) );
#2077 = AXIS2_PLACEMENT_3D ( 'NONE', #3625, #1185, #3524 ) ;
#2078 = ORIENTED_EDGE ( 'NONE', *, *, #5337, .F. ) ;
#2079 = ORIENTED_EDGE ( 'NONE', *, *, #3862, .F. ) ;
#2080 = DIRECTION ( 'NONE',  ( 0.000000000000000000, 0.000000000000000000, -1.000000000000000000 ) ) ;
#2081 = EDGE_CURVE ( 'NONE', #3973, #439, #1422, .T. ) ;
#2082 = PRESENTATION_LAYER_ASSIGNMENT (  '', '', ( #3617 ) ) ;
#2083 = PLANE ( 'NONE',  #4603 ) ;
#2084 = PRESENTATION_LAYER_ASSIGNMENT (  '', '', ( #6329 ) ) ;
#2085 = FACE_OUTER_BOUND ( 'NONE', #3659, .T. ) ;
#2086 = DIRECTION ( 'NONE',  ( -0.000000000000000000, 1.000000000000000000, -0.000000000000000000 ) ) ;
#2087 = VERTEX_POINT ( 'NONE', #3922 ) ;
#2088 = ORIENTED_EDGE ( 'NONE', *, *, #47, .F. ) ;
#2089 = CARTESIAN_POINT ( 'NONE',  ( 1.067585657234540131, -1.554687120496410113, 1.670000000000000151 ) ) ;
#2090 = CARTESIAN_POINT ( 'NONE',  ( 2.214855333278670013, 1.732498726640149922, 0.08104293853427260719 ) ) ;
#2091 = FILL_AREA_STYLE_COLOUR ( '', #2497 ) ;
#2092 = ORIENTED_EDGE ( 'NONE', *, *, #3590, .T. ) ;
#2093 = DIRECTION ( 'NONE',  ( 0.000000000000000000, -2.487851729830360055E-11, -1.000000000000000000 ) ) ;
#2094 = AXIS2_PLACEMENT_3D ( 'NONE', #2196, #5141, #4134 ) ;
#2095 = AXIS2_PLACEMENT_3D ( 'NONE', #2146, #6168, #3052 ) ;
#2096 = EDGE_CURVE ( 'NONE', #6024, #3032, #2374, .T. ) ;
#2097 = STYLED_ITEM ( 'NONE', ( #1420 ), #5228 ) ;
#2098 = ORIENTED_EDGE ( 'NONE', *, *, #4840, .T. ) ;
#2099 = ORIENTED_EDGE ( 'NONE', *, *, #1460, .F. ) ;
#2100 = CARTESIAN_POINT ( 'NONE',  ( 2.291999606393563038, -1.558462649570529157, 0.9499004956727240545 ) ) ;
#2101 = ADVANCED_FACE ( 'NONE', ( #5921 ), #6441, .T. ) ;
#2102 = VECTOR ( 'NONE', #1965, 1000.000000000000114 ) ;
#2103 = EDGE_CURVE ( 'NONE', #2031, #4582, #475, .T. ) ;
#2104 = MECHANICAL_DESIGN_GEOMETRIC_PRESENTATION_REPRESENTATION (  '', ( #4589 ), #1882 ) ;
#2105 = CARTESIAN_POINT ( 'NONE',  ( 2.950000000000000622, 0.6045053786929398543, 0.2000000000000000111 ) ) ;
#2106 = CARTESIAN_POINT ( 'NONE',  ( 1.198636379818660114, 1.475072618217709852, 1.524958015046800064 ) ) ;
#2107 = LINE ( 'NONE', #4640, #2699 ) ;
#2108 = ORIENTED_EDGE ( 'NONE', *, *, #4515, .T. ) ;
#2109 = PRESENTATION_LAYER_ASSIGNMENT (  '', '', ( #4789 ) ) ;
#2110 = VECTOR ( 'NONE', #6273, 1000.000000000000000 ) ;
#2111 = FACE_OUTER_BOUND ( 'NONE', #6188, .T. ) ;
#2112 = FILL_AREA_STYLE_COLOUR ( '', #3699 ) ;
#2113 = MECHANICAL_DESIGN_GEOMETRIC_PRESENTATION_REPRESENTATION (  '', ( #6261 ), #4181 ) ;
#2114 = ORIENTED_EDGE ( 'NONE', *, *, #2395, .F. ) ;
#2115 = CARTESIAN_POINT ( 'NONE',  ( 2.950000000000000622, -0.5954946213070572147, 0.2000000000000000111 ) ) ;
#2116 = VECTOR ( 'NONE', #1535, 1000.000000000000000 ) ;
#2117 =( GEOMETRIC_REPRESENTATION_CONTEXT ( 3 ) GLOBAL_UNCERTAINTY_ASSIGNED_CONTEXT ( ( #76 ) ) GLOBAL_UNIT_ASSIGNED_CONTEXT ( ( #3794, #767, #793 ) ) REPRESENTATION_CONTEXT ( 'NONE', 'WORKASPACE' ) );
#2118 = CARTESIAN_POINT ( 'NONE',  ( -2.950000000000000178, -0.5954946213070567707, 0.2000000000000000111 ) ) ;
#2119 = UNCERTAINTY_MEASURE_WITH_UNIT (LENGTH_MEASURE( 1.000000000000000082E-05 ), #3348, 'distance_accuracy_value', 'NONE');
#2120 = VECTOR ( 'NONE', #537, 999.9999999999998863 ) ;
#2121 = LINE ( 'NONE', #5725, #2399 ) ;
#2122 = CARTESIAN_POINT ( 'NONE',  ( -1.742310449531560002, -1.632498726640150055, 1.570000000000000062 ) ) ;
#2123 = EDGE_LOOP ( 'NONE', ( #55, #1722, #4415, #4334, #3417 ) ) ;
#2124 = VERTEX_POINT ( 'NONE', #507 ) ;
#2125 = CARTESIAN_POINT ( 'NONE',  ( 1.198636379818660114, 1.475072618217709852, 1.524958015046800064 ) ) ;
#2126 = LINE ( 'NONE', #1644, #1730 ) ;
#2127 = VECTOR ( 'NONE', #4506, 1000.000000000000000 ) ;
#2128 = DIRECTION ( 'NONE',  ( 0.000000000000000000, 1.000000000000000000, 0.000000000000000000 ) ) ;
#2129 = ORIENTED_EDGE ( 'NONE', *, *, #2603, .T. ) ;
#2130 = STYLED_ITEM ( 'NONE', ( #5751 ), #534 ) ;
#2131 = EDGE_CURVE ( 'NONE', #450, #2037, #5998, .T. ) ;
#2132 = CARTESIAN_POINT ( 'NONE',  ( -2.950000000000000178, 1.104505378692939743, 0.2000000000000000111 ) ) ;
#2133 = PRESENTATION_STYLE_ASSIGNMENT (( #6123 ) ) ;
#2134 = VECTOR ( 'NONE', #909, 1000.000000000000000 ) ;
#2135 = SURFACE_SIDE_STYLE ('',( #92 ) ) ;
#2136 = ORIENTED_EDGE ( 'NONE', *, *, #1969, .T. ) ;
#2137 = EDGE_LOOP ( 'NONE', ( #4218, #149, #2464, #5025, #3100, #2026, #3859, #4436 ) ) ;
#2138 = EDGE_LOOP ( 'NONE', ( #876, #592, #1487, #870 ) ) ;
#2139 = PRESENTATION_LAYER_ASSIGNMENT (  '', '', ( #2431 ) ) ;
#2140 = EDGE_CURVE ( 'NONE', #218, #1466, #6380, .T. ) ;
#2141 = STYLED_ITEM ( 'NONE', ( #1843 ), #6187 ) ;
#2142 = ADVANCED_FACE ( 'NONE', ( #1935 ), #3958, .F. ) ;
#2143 = CARTESIAN_POINT ( 'NONE',  ( 1.135441809735770136, 1.475072618217709852, 0.9360832168907079476 ) ) ;
#2144 = PRESENTATION_STYLE_ASSIGNMENT (( #5148 ) ) ;
#2145 = CARTESIAN_POINT ( 'NONE',  ( 2.350000000000000089, 0.6045053786929398543, 0.2000000000000000111 ) ) ;
#2146 = CARTESIAN_POINT ( 'NONE',  ( 1.922816040256440040, 1.732450861759520011, 1.670000000000000151 ) ) ;
#2147 = VERTEX_POINT ( 'NONE', #1044 ) ;
#2148 = EDGE_CURVE ( 'NONE', #4882, #1251, #1142, .T. ) ;
#2149 = PLANE ( 'NONE',  #1812 ) ;
#2150 = CARTESIAN_POINT ( 'NONE',  ( 1.244361972882966461, -1.732498728875474514, 0.9499004956727240545 ) ) ;
#2151 = ORIENTED_EDGE ( 'NONE', *, *, #6424, .T. ) ;
#2152 = CARTESIAN_POINT ( 'NONE',  ( -1.774318189909330101, -1.466061860831830099, 0.9929113569124999872 ) ) ;
#2153 = ORIENTED_EDGE ( 'NONE', *, *, #3946, .T. ) ;
#2154 = DIRECTION ( 'NONE',  ( 0.000000000000000000, 0.000000000000000000, 1.000000000000000000 ) ) ;
#2155 = VERTEX_POINT ( 'NONE', #1121 ) ;
#2156 = CARTESIAN_POINT ( 'NONE',  ( 2.330606684319190158, -1.388146906716230200, 1.524958015046800064 ) ) ;
#2157 = APPLICATION_PROTOCOL_DEFINITION ( 'draft international standard', 'automotive_design', 1998, #6043 ) ;
#2158 = DIRECTION ( 'NONE',  ( 0.000000000000000000, 0.000000000000000000, -1.000000000000000000 ) ) ;
#2159 = ORIENTED_EDGE ( 'NONE', *, *, #4860, .T. ) ;
#2160 = PRODUCT ( 'PTCF-V-T-R', 'PTCF-V-T-R', '', ( #743 ) ) ;
#2161 = DIRECTION ( 'NONE',  ( -4.806657061659141619E-05, 0.9999999988448023958, 0.000000000000000000 ) ) ;
#2162 = DIRECTION ( 'NONE',  ( 0.000000000000000000, 0.000000000000000000, -1.000000000000000000 ) ) ;
#2163 = ORIENTED_EDGE ( 'NONE', *, *, #3532, .T. ) ;
#2164 = EDGE_LOOP ( 'NONE', ( #6084, #2690, #6344 ) ) ;
#2165 = DIRECTION ( 'NONE',  ( 0.000000000000000000, 0.000000000000000000, -1.000000000000000000 ) ) ;
#2166 = ORIENTED_EDGE ( 'NONE', *, *, #157, .F. ) ;
#2167 = FACE_OUTER_BOUND ( 'NONE', #612, .T. ) ;
#2168 = DIRECTION ( 'NONE',  ( -3.124171273918740215E-16, -1.000000000000000000, 0.000000000000000000 ) ) ;
#2169 = B_SPLINE_CURVE_WITH_KNOTS ( 'NONE', 3,
 ( #976, #3887, #5887, #1445 ),
 .UNSPECIFIED., .F., .F.,
 ( 4, 4 ),
 ( 0.000000000000000000, 1.000000000000000000 ),
 .UNSPECIFIED. ) ;
#2170 = PLANE ( 'NONE',  #2212 ) ;
#2171 = CARTESIAN_POINT ( 'NONE',  ( 1.135441809735770136, 1.732450861759520011, 1.670000000000000151 ) ) ;
#2172 = CARTESIAN_POINT ( 'NONE',  ( -1.244250284302140130, -1.558632624975810010, 0.9499004956727240545 ) ) ;
#2173 = EDGE_LOOP ( 'NONE', ( #2359, #5478 ) ) ;
#2174 =( LENGTH_UNIT ( ) NAMED_UNIT ( * ) SI_UNIT ( .MILLI., .METRE. ) );
#2175 = CARTESIAN_POINT ( 'NONE',  ( -2.291971193085020175, -1.732668708283519932, 0.9499004956727240545 ) ) ;
#2176 = DIRECTION ( 'NONE',  ( 0.000000000000000000, 0.000000000000000000, -1.000000000000000000 ) ) ;
#2177 = EDGE_CURVE ( 'NONE', #6151, #879, #1971, .T. ) ;
#2178 = ORIENTED_EDGE ( 'NONE', *, *, #3946, .F. ) ;
#2179 =( LENGTH_UNIT ( ) NAMED_UNIT ( * ) SI_UNIT ( .MILLI., .METRE. ) );
#2180 = ADVANCED_FACE ( 'NONE', ( #4130 ), #650, .T. ) ;
#2181 = PRESENTATION_LAYER_ASSIGNMENT (  '', '', ( #3708 ) ) ;
#2182 = FACE_OUTER_BOUND ( 'NONE', #4596, .T. ) ;
#2183 = VECTOR ( 'NONE', #841, 1000.000000000000000 ) ;
#2184 = EDGE_LOOP ( 'NONE', ( #2454, #6097, #131, #6089 ) ) ;
#2185 = SURFACE_STYLE_USAGE ( .BOTH. , #3168 ) ;
#2186 = SURFACE_STYLE_FILL_AREA ( #5659 ) ;
#2187 = ORIENTED_EDGE ( 'NONE', *, *, #6079, .F. ) ;
#2188 = DIRECTION ( 'NONE',  ( 0.000000000000000000, 0.000000000000000000, 1.000000000000000000 ) ) ;
#2189 = SURFACE_STYLE_FILL_AREA ( #2595 ) ;
#2190 = ORIENTED_EDGE ( 'NONE', *, *, #6453, .T. ) ;
#2191 = COLOUR_RGB ( '',0.2000000000000000111, 0.2000000000000000111, 0.2000000000000000111 ) ;
#2192 = FACE_OUTER_BOUND ( 'NONE', #5012, .T. ) ;
#2193 = DIRECTION ( 'NONE',  ( -1.000000000000000000, 0.000000000000000000, 0.000000000000000000 ) ) ;
#2194 = ORIENTED_EDGE ( 'NONE', *, *, #5452, .F. ) ;
#2195 = ORIENTED_EDGE ( 'NONE', *, *, #4936, .F. ) ;
#2196 = CARTESIAN_POINT ( 'NONE',  ( 0.7025842957044551307, -1.614001858628919983, 1.670000000000000151 ) ) ;
#2197 = VERTEX_POINT ( 'NONE', #684 ) ;
#2198 = DIRECTION ( 'NONE',  ( 1.000000000000000000, -7.228014483236692611E-16, 0.000000000000000000 ) ) ;
#2199 = COLOUR_RGB ( '',0.2000000000000000111, 0.2000000000000000111, 0.2000000000000000111 ) ;
#2200 = CARTESIAN_POINT ( 'NONE',  ( 1.194532035297049877, 1.517608363321570009, 1.670000000000000151 ) ) ;
#2201 = CARTESIAN_POINT ( 'NONE',  ( -1.194532035297049877, 1.732498726640149922, 1.670000000000000151 ) ) ;
#2202 = FILL_AREA_STYLE ('',( #3218 ) ) ;
#2203 = CARTESIAN_POINT ( 'NONE',  ( 1.922816040256440040, 1.551945271034630203, 1.670000000000000151 ) ) ;
#2204 = DIRECTION ( 'NONE',  ( 1.000000000000000000, 0.000000000000000000, 0.000000000000000000 ) ) ;
#2205 = CARTESIAN_POINT ( 'NONE',  ( 0.4502168081889539875, 0.9018052454393200579, 1.524958015046800064 ) ) ;
#2206 = FACE_OUTER_BOUND ( 'NONE', #297, .T. ) ;
#2207 = ORIENTED_EDGE ( 'NONE', *, *, #4282, .F. ) ;
#2208 = CIRCLE ( 'NONE', #3528, 0.1902422881446600156 ) ;
#2209 = DIRECTION ( 'NONE',  ( 1.000000000000000000, -7.228014483236692611E-16, 0.000000000000000000 ) ) ;
#2210 = ORIENTED_EDGE ( 'NONE', *, *, #6226, .T. ) ;
#2211 =( LENGTH_UNIT ( ) NAMED_UNIT ( * ) SI_UNIT ( .MILLI., .METRE. ) );
#2212 = AXIS2_PLACEMENT_3D ( 'NONE', #3640, #1204, #1719 ) ;
#2213 = VECTOR ( 'NONE', #4725, 1000.000000000000000 ) ;
#2214 =( GEOMETRIC_REPRESENTATION_CONTEXT ( 3 ) GLOBAL_UNCERTAINTY_ASSIGNED_CONTEXT ( ( #4234 ) ) GLOBAL_UNIT_ASSIGNED_CONTEXT ( ( #2896, #369, #6400 ) ) REPRESENTATION_CONTEXT ( 'NONE', 'WORKASPACE' ) );
#2215 = AXIS2_PLACEMENT_3D ( 'NONE', #1745, #1885, #2262 ) ;
#2216 = EDGE_CURVE ( 'NONE', #1419, #1446, #5608, .T. ) ;
#2217 = CARTESIAN_POINT ( 'NONE',  ( 2.330606684319190158, 1.388146906716230200, 1.524958015046800064 ) ) ;
#2218 = CARTESIAN_POINT ( 'NONE',  ( -0.4807147255954329901, -0.5225374338180610589, 1.524958015046800064 ) ) ;
#2219 = SURFACE_SIDE_STYLE ('',( #2186 ) ) ;
#2220 = DIRECTION ( 'NONE',  ( 0.000000000000000000, 0.000000000000000000, -1.000000000000000000 ) ) ;
#2221 = DIRECTION ( 'NONE',  ( 0.000000000000000000, 0.000000000000000000, -1.000000000000000000 ) ) ;
#2222 = ORIENTED_EDGE ( 'NONE', *, *, #4591, .T. ) ;
#2223 = STYLED_ITEM ( 'NONE', ( #2557 ), #925 ) ;
#2224 = EDGE_CURVE ( 'NONE', #5300, #4833, #2976, .T. ) ;
#2225 = FILL_AREA_STYLE_COLOUR ( '', #5114 ) ;
#2226 = EDGE_CURVE ( 'NONE', #350, #3657, #4657, .T. ) ;
#2227 = AXIS2_PLACEMENT_3D ( 'NONE', #1953, #6431, #5447 ) ;
#2228 = SURFACE_SIDE_STYLE ('',( #3667 ) ) ;
#2229 = AXIS2_PLACEMENT_3D ( 'NONE', #3241, #2869, #3843 ) ;
#2230 = ORIENTED_EDGE ( 'NONE', *, *, #5237, .T. ) ;
#2231 = FACE_OUTER_BOUND ( 'NONE', #5240, .T. ) ;
#2232 = ORIENTED_EDGE ( 'NONE', *, *, #5188, .F. ) ;
#2233 = MECHANICAL_DESIGN_GEOMETRIC_PRESENTATION_REPRESENTATION (  '', ( #2928 ), #1208 ) ;
#2234 =( LENGTH_UNIT ( ) NAMED_UNIT ( * ) SI_UNIT ( .MILLI., .METRE. ) );
#2235 = CARTESIAN_POINT ( 'NONE',  ( 0.8454977628303629311, -1.554687120496410113, 1.670000000000000151 ) ) ;
#2236 = ORIENTED_EDGE ( 'NONE', *, *, #3673, .F. ) ;
#2237 = CARTESIAN_POINT ( 'NONE',  ( -1.187565630244470150, -2.286241185967940126, 1.448687028813379962 ) ) ;
#2238 = SURFACE_STYLE_USAGE ( .BOTH. , #5182 ) ;
#2239 =( GEOMETRIC_REPRESENTATION_CONTEXT ( 3 ) GLOBAL_UNCERTAINTY_ASSIGNED_CONTEXT ( ( #4257 ) ) GLOBAL_UNIT_ASSIGNED_CONTEXT ( ( #2685, #5124, #3092 ) ) REPRESENTATION_CONTEXT ( 'NONE', 'WORKASPACE' ) );
#2240 = ORIENTED_EDGE ( 'NONE', *, *, #4340, .F. ) ;
#2241 = CARTESIAN_POINT ( 'NONE',  ( 1.279333081627950008, 1.732498726640149922, 0.08104293853427260719 ) ) ;
#2242 = DIRECTION ( 'NONE',  ( 1.000000000000000000, 0.000000000000000000, 0.000000000000000000 ) ) ;
#2243 = ORIENTED_EDGE ( 'NONE', *, *, #5337, .T. ) ;
#2244 = DIRECTION ( 'NONE',  ( 1.000000000000000000, 0.000000000000000000, 0.000000000000000000 ) ) ;
#2245 = DIRECTION ( 'NONE',  ( -0.000000000000000000, 1.000000000000000000, 0.000000000000000000 ) ) ;
#2246 = ORIENTED_EDGE ( 'NONE', *, *, #4349, .F. ) ;
#2247 = DIRECTION ( 'NONE',  ( 0.000000000000000000, 0.000000000000000000, 1.000000000000000000 ) ) ;
#2248 = CARTESIAN_POINT ( 'NONE',  ( 1.742310449531560002, -1.732474794199829971, 1.524958015046800064 ) ) ;
#2249 = ADVANCED_FACE ( 'NONE', ( #1090 ), #5490, .F. ) ;
#2250 = DIRECTION ( 'NONE',  ( 1.000000000000000000, 0.000000000000000000, 0.000000000000000000 ) ) ;
#2251 = FILL_AREA_STYLE_COLOUR ( '', #3232 ) ;
#2252 = EDGE_CURVE ( 'NONE', #1959, #4658, #3535, .T. ) ;
#2253 = CARTESIAN_POINT ( 'NONE',  ( 0.4651759520920960012, -0.6968490896672400181, 1.670000000000000151 ) ) ;
#2254 = CARTESIAN_POINT ( 'NONE',  ( 1.198636379818660114, 1.475072618217709852, 1.524958015046800064 ) ) ;
#2255 = EDGE_CURVE ( 'NONE', #4924, #3356, #2372, .T. ) ;
#2256 = VERTEX_POINT ( 'NONE', #91 ) ;
#2257 = FILL_AREA_STYLE ('',( #4261 ) ) ;
#2258 = ORIENTED_EDGE ( 'NONE', *, *, #4599, .T. ) ;
#2259 = LINE ( 'NONE', #4233, #5730 ) ;
#2260 = EDGE_CURVE ( 'NONE', #4212, #3870, #1769, .T. ) ;
#2261 = SURFACE_STYLE_FILL_AREA ( #3217 ) ;
#2262 = DIRECTION ( 'NONE',  ( -1.000000000000000000, 0.000000000000000000, 0.000000000000000000 ) ) ;
#2263 = CARTESIAN_POINT ( 'NONE',  ( -1.279333081627950008, 1.475072618217709852, 0.5142042554948410560 ) ) ;
#2264 = FILL_AREA_STYLE_COLOUR ( '', #846 ) ;
#2265 = ORIENTED_EDGE ( 'NONE', *, *, #5056, .T. ) ;
#2266 = CARTESIAN_POINT ( 'NONE',  ( 2.350000000000000089, 1.750000000000000000, 1.670000000000000151 ) ) ;
#2267 = DIRECTION ( 'NONE',  ( 1.000000000000000000, 0.000000000000000000, 0.000000000000000000 ) ) ;
#2268 =( NAMED_UNIT ( * ) SI_UNIT ( $, .STERADIAN. ) SOLID_ANGLE_UNIT ( ) );
#2269 = FACE_OUTER_BOUND ( 'NONE', #5791, .T. ) ;
#2270 = CIRCLE ( 'NONE', #1660, 0.1805055907248848679 ) ;
#2271 = ADVANCED_FACE ( 'NONE', ( #4746 ), #1798, .F. ) ;
#2272 = EDGE_LOOP ( 'NONE', ( #1537, #5393, #5903, #1093, #4121 ) ) ;
#2273 = DIRECTION ( 'NONE',  ( -1.000000000000000000, 0.000000000000000000, 0.000000000000000000 ) ) ;
#2274 = SURFACE_STYLE_FILL_AREA ( #872 ) ;
#2275 = VECTOR ( 'NONE', #6102, 1000.000000000000000 ) ;
#2276 = FACE_OUTER_BOUND ( 'NONE', #3414, .T. ) ;
#2277 = VECTOR ( 'NONE', #3466, 1000.000000000000000 ) ;
#2278 =( NAMED_UNIT ( * ) PLANE_ANGLE_UNIT ( ) SI_UNIT ( $, .RADIAN. ) );
#2279 = EDGE_CURVE ( 'NONE', #1891, #3075, #2817, .T. ) ;
#2280 = LINE ( 'NONE', #5170, #3087 ) ;
#2281 = ORIENTED_EDGE ( 'NONE', *, *, #5985, .T. ) ;
#2282 = ORIENTED_EDGE ( 'NONE', *, *, #2288, .F. ) ;
#2283 = LINE ( 'NONE', #351, #5942 ) ;
#2284 = VERTEX_POINT ( 'NONE', #3175 ) ;
#2285 = FACE_OUTER_BOUND ( 'NONE', #6058, .T. ) ;
#2286 = EDGE_CURVE ( 'NONE', #1548, #679, #3724, .T. ) ;
#2287 = VECTOR ( 'NONE', #4455, 1000.000000000000000 ) ;
#2288 = EDGE_CURVE ( 'NONE', #6370, #3715, #2280, .T. ) ;
#2289 = LINE ( 'NONE', #6313, #3507 ) ;
#2290 = PLANE ( 'NONE',  #5835 ) ;
#2291 = ORIENTED_EDGE ( 'NONE', *, *, #4893, .F. ) ;
#2292 = LINE ( 'NONE', #4818, #3312 ) ;
#2293 = CONICAL_SURFACE ( 'NONE', #1267, 0.2021725488640350454, 0.8765463347917594739 ) ;
#2294 = AXIS2_PLACEMENT_3D ( 'NONE', #4757, #2379, #1360 ) ;
#2295 = EDGE_CURVE ( 'NONE', #2736, #2037, #4294, .T. ) ;
#2296 = PLANE ( 'NONE',  #850 ) ;
#2297 = DIRECTION ( 'NONE',  ( -1.000000000000000000, 0.000000000000000000, -0.000000000000000000 ) ) ;
#2298 = PLANE ( 'NONE',  #770 ) ;
#2299 = UNCERTAINTY_MEASURE_WITH_UNIT (LENGTH_MEASURE( 1.000000000000000082E-05 ), #2912, 'distance_accuracy_value', 'NONE');
#2300 = VECTOR ( 'NONE', #5976, 1000.000000000000000 ) ;
#2301 = VERTEX_POINT ( 'NONE', #1225 ) ;
#2302 = DIRECTION ( 'NONE',  ( 0.000000000000000000, 1.000000000000000000, 0.000000000000000000 ) ) ;
#2303 = CARTESIAN_POINT ( 'NONE',  ( -1.067585657234540131, -1.554687120496410113, 1.670000000000000151 ) ) ;
#2304 = DIRECTION ( 'NONE',  ( -1.000000000000000000, 0.000000000000000000, 0.000000000000000000 ) ) ;
#2305 = CARTESIAN_POINT ( 'NONE',  ( -0.4651759520920960012, -0.5073416627111608790, 1.670000000000000151 ) ) ;
#2306 = AXIS2_PLACEMENT_3D ( 'NONE', #5051, #595, #1306 ) ;
#2307 = CARTESIAN_POINT ( 'NONE',  ( -1.922816040256440040, 1.551945271034630203, 1.524958015046800064 ) ) ;
#2308 = UNCERTAINTY_MEASURE_WITH_UNIT (LENGTH_MEASURE( 1.000000000000000082E-05 ), #918, 'distance_accuracy_value', 'NONE');
#2309 = CARTESIAN_POINT ( 'NONE',  ( 1.399999999999999911, -2.286241185967940126, 0.2700000000000000178 ) ) ;
#2310 = MECHANICAL_DESIGN_GEOMETRIC_PRESENTATION_REPRESENTATION (  '', ( #6156 ), #2214 ) ;
#2311 = ORIENTED_EDGE ( 'NONE', *, *, #3145, .T. ) ;
#2312 = CARTESIAN_POINT ( 'NONE',  ( 1.244408477699840088, -1.732498726640149922, 1.670000000000000151 ) ) ;
#2313 = VECTOR ( 'NONE', #134, 1000.000000000000000 ) ;
#2314 = VERTEX_POINT ( 'NONE', #5733 ) ;
#2315 = LINE ( 'NONE', #1353, #4687 ) ;
#2316 = VECTOR ( 'NONE', #6147, 999.9999999999998863 ) ;
#2317 = CARTESIAN_POINT ( 'NONE',  ( 1.742310449531560002, 1.732450861759520011, 1.670000000000000151 ) ) ;
#2318 =( NAMED_UNIT ( * ) PLANE_ANGLE_UNIT ( ) SI_UNIT ( $, .RADIAN. ) );
#2319 = ORIENTED_EDGE ( 'NONE', *, *, #3107, .F. ) ;
#2320 = DIRECTION ( 'NONE',  ( -1.304042847708120109E-14, 1.000000000000000000, 0.000000000000000000 ) ) ;
#2321 = EDGE_CURVE ( 'NONE', #3266, #6208, #348, .T. ) ;
#2322 = FACE_OUTER_BOUND ( 'NONE', #5383, .T. ) ;
#2323 = VECTOR ( 'NONE', #2, 1000.000000000000000 ) ;
#2324 = EDGE_CURVE ( 'NONE', #4946, #1459, #284, .T. ) ;
#2325 = CIRCLE ( 'NONE', #3666, 0.1637983643183980875 ) ;
#2326 = DIRECTION ( 'NONE',  ( 0.000000000000000000, 0.000000000000000000, -1.000000000000000000 ) ) ;
#2327 = FACE_OUTER_BOUND ( 'NONE', #6405, .T. ) ;
#2328 = LINE ( 'NONE', #4761, #3080 ) ;
#2329 = DIRECTION ( 'NONE',  ( 0.000000000000000000, 0.000000000000000000, 1.000000000000000000 ) ) ;
#2330 = VECTOR ( 'NONE', #506, 1000.000000000000000 ) ;
#2331 = ADVANCED_FACE ( 'NONE', ( #6217 ), #315, .T. ) ;
#2332 = CARTESIAN_POINT ( 'NONE',  ( -0.2756685251360169731, -0.4990275020653580085, 1.670000000000000151 ) ) ;
#2333 = ORIENTED_EDGE ( 'NONE', *, *, #4312, .F. ) ;
#2334 = LINE ( 'NONE', #1850, #2836 ) ;
#2335 = DIRECTION ( 'NONE',  ( 1.000000000000000000, 0.000000000000000000, 0.000000000000000000 ) ) ;
#2336 = EDGE_CURVE ( 'NONE', #5064, #4952, #222, .T. ) ;
#2337 = DIRECTION ( 'NONE',  ( -1.000000000000000000, 0.000000000000000000, -0.000000000000000000 ) ) ;
#2338 = AXIS2_PLACEMENT_3D ( 'NONE', #4585, #1539, #3566 ) ;
#2339 = EDGE_LOOP ( 'NONE', ( #2607, #5684, #5688, #677 ) ) ;
#2340 = ORIENTED_EDGE ( 'NONE', *, *, #2586, .F. ) ;
#2341 = DIRECTION ( 'NONE',  ( -1.000000000000000000, 0.000000000000000000, 0.000000000000000000 ) ) ;
#2342 = DIRECTION ( 'NONE',  ( -1.000000000000000000, 0.000000000000000000, 0.000000000000000000 ) ) ;
#2343 = AXIS2_PLACEMENT_3D ( 'NONE', #2373, #4422, #3474 ) ;
#2344 = ORIENTED_EDGE ( 'NONE', *, *, #5911, .T. ) ;
#2345 = UNCERTAINTY_MEASURE_WITH_UNIT (LENGTH_MEASURE( 1.000000000000000082E-05 ), #6150, 'distance_accuracy_value', 'NONE');
#2346 = CARTESIAN_POINT ( 'NONE',  ( -2.350000000000000089, -1.750000000000000000, 1.670000000000000151 ) ) ;
#2347 = CARTESIAN_POINT ( 'NONE',  ( -1.198636379818660114, 1.475072618217709852, 0.9912762577585830792 ) ) ;
#2348 = ADVANCED_FACE ( 'NONE', ( #4202 ), #5296, .F. ) ;
#2349 = FILL_AREA_STYLE_COLOUR ( '', #3536 ) ;
#2350 = EDGE_LOOP ( 'NONE', ( #5658, #603, #1903, #6159 ) ) ;
#2351 = PRESENTATION_STYLE_ASSIGNMENT (( #5833 ) ) ;
#2352 =( NAMED_UNIT ( * ) SI_UNIT ( $, .STERADIAN. ) SOLID_ANGLE_UNIT ( ) );
#2353 = CYLINDRICAL_SURFACE ( 'NONE', #2678, 0.1805055907248848679 ) ;
#2354 = CARTESIAN_POINT ( 'NONE',  ( -2.350000000000000089, -1.750000000000000000, 1.670000000000000151 ) ) ;
#2355 = SURFACE_SIDE_STYLE ('',( #6268 ) ) ;
#2356 = AXIS2_PLACEMENT_3D ( 'NONE', #6323, #897, #1790 ) ;
#2357 = PLANE ( 'NONE',  #1179 ) ;
#2358 = CARTESIAN_POINT ( 'NONE',  ( 1.774318189909330101, -1.639330840868030048, 1.524958015046800064 ) ) ;
#2359 = ORIENTED_EDGE ( 'NONE', *, *, #329, .F. ) ;
#2360 = CARTESIAN_POINT ( 'NONE',  ( -2.291979555982049721, -1.558682985728889969, 0.9499004956727240545 ) ) ;
#2361 = CARTESIAN_POINT ( 'NONE',  ( 2.350000000000000533, -0.5954946213070567707, 0.2000000000000000111 ) ) ;
#2362 = EDGE_CURVE ( 'NONE', #1437, #6151, #1253, .T. ) ;
#2363 = CARTESIAN_POINT ( 'NONE',  ( -1.236111712495943760, -1.673903794201993644, 1.662523153158742106 ) ) ;
#2364 = VECTOR ( 'NONE', #421, 1000.000000000000000 ) ;
#2365 = SURFACE_STYLE_FILL_AREA ( #5348 ) ;
#2366 = STYLED_ITEM ( 'NONE', ( #6340 ), #2055 ) ;
#2367 = DIRECTION ( 'NONE',  ( -1.000000000000000000, 0.000000000000000000, 0.000000000000000000 ) ) ;
#2368 = VERTEX_POINT ( 'NONE', #4722 ) ;
#2369 = CARTESIAN_POINT ( 'NONE',  ( 1.244408477699840088, -1.732498726640149922, 1.524958015046800064 ) ) ;
#2370 = VERTEX_POINT ( 'NONE', #4416 ) ;
#2371 = LINE ( 'NONE', #2465, #4056 ) ;
#2372 = CIRCLE ( 'NONE', #1453, 0.1637983643183980875 ) ;
#2373 = CARTESIAN_POINT ( 'NONE',  ( 0.000000000000000000, 1.657498726640149966, 1.594999999999999973 ) ) ;
#2374 = LINE ( 'NONE', #380, #5370 ) ;
#2375 = VECTOR ( 'NONE', #866, 1000.000000000000000 ) ;
#2376 = EDGE_LOOP ( 'NONE', ( #4016, #4655, #4297, #3834 ) ) ;
#2377 = EDGE_LOOP ( 'NONE', ( #5059, #2178, #72, #5101, #110, #2319, #523, #3173 ) ) ;
#2378 = LINE ( 'NONE', #3310, #3721 ) ;
#2379 = DIRECTION ( 'NONE',  ( 0.000000000000000000, -1.000000000000000000, 0.000000000000000000 ) ) ;
#2380 = VECTOR ( 'NONE', #333, 1000.000000000000000 ) ;
#2381 = DIRECTION ( 'NONE',  ( 0.000000000000000000, 0.000000000000000000, 1.000000000000000000 ) ) ;
#2382 = CARTESIAN_POINT ( 'NONE',  ( -1.399999999999999911, -2.286241185967940126, 0.9499004956727240545 ) ) ;
#2383 = CARTESIAN_POINT ( 'NONE',  ( 0.1966118409089783470, -1.350000000000000089, -0.6035212073282351097 ) ) ;
#2384 = CARTESIAN_POINT ( 'NONE',  ( -2.950000000000000178, -1.095494621307057770, 0.2000000000000000111 ) ) ;
#2385 = CARTESIAN_POINT ( 'NONE',  ( 1.774318189909330101, -1.466061860831830099, 1.524958015046800064 ) ) ;
#2386 = AXIS2_PLACEMENT_3D ( 'NONE', #727, #5578, #2576 ) ;
#2387 = EDGE_CURVE ( 'NONE', #1857, #6135, #1512, .T. ) ;
#2388 = CIRCLE ( 'NONE', #2095, 0.1805055907248848679 ) ;
#2389 = SURFACE_STYLE_FILL_AREA ( #2049 ) ;
#2390 = CARTESIAN_POINT ( 'NONE',  ( -1.244408477699840088, -1.732498726640149922, 1.570000000000000062 ) ) ;
#2391 =( NAMED_UNIT ( * ) PLANE_ANGLE_UNIT ( ) SI_UNIT ( $, .RADIAN. ) );
#2392 = ORIENTED_EDGE ( 'NONE', *, *, #2260, .F. ) ;
#2393 = DIRECTION ( 'NONE',  ( 0.000000000000000000, 0.000000000000000000, 1.000000000000000000 ) ) ;
#2394 = DIRECTION ( 'NONE',  ( -1.304042847708120109E-14, 1.000000000000000000, 0.000000000000000000 ) ) ;
#2395 = EDGE_CURVE ( 'NONE', #573, #3091, #5384, .T. ) ;
#2396 = B_SPLINE_CURVE_WITH_KNOTS ( 'NONE', 3,
 ( #5807, #5661, #1219, #5164 ),
 .UNSPECIFIED., .F., .F.,
 ( 4, 4 ),
 ( 0.000000000000000000, 1.000000000000000000 ),
 .UNSPECIFIED. ) ;
#2397 =( GEOMETRIC_REPRESENTATION_CONTEXT ( 3 ) GLOBAL_UNCERTAINTY_ASSIGNED_CONTEXT ( ( #3248 ) ) GLOBAL_UNIT_ASSIGNED_CONTEXT ( ( #3151, #3606, #3079 ) ) REPRESENTATION_CONTEXT ( 'NONE', 'WORKASPACE' ) );
#2398 = ADVANCED_FACE ( 'NONE', ( #1994 ), #1007, .F. ) ;
#2399 = VECTOR ( 'NONE', #6086, 1000.000000000000000 ) ;
#2400 = DIRECTION ( 'NONE',  ( 0.000000000000000000, -1.000000000000000000, 0.000000000000000000 ) ) ;
#2401 = VECTOR ( 'NONE', #3754, 1000.000000000000000 ) ;
#2402 = VERTEX_POINT ( 'NONE', #3367 ) ;
#2403 = CARTESIAN_POINT ( 'NONE',  ( 2.350000000000000089, -1.750000000000000000, 0.000000000000000000 ) ) ;
#2404 = CARTESIAN_POINT ( 'NONE',  ( 1.198636379818660114, -1.750000000000000000, 0.000000000000000000 ) ) ;
#2405 = ORIENTED_EDGE ( 'NONE', *, *, #4781, .F. ) ;
#2406 = CARTESIAN_POINT ( 'NONE',  ( 2.350000000000000089, 1.750000000000000000, 0.000000000000000000 ) ) ;
#2407 = EDGE_CURVE ( 'NONE', #2846, #4251, #5351, .T. ) ;
#2408 = CONICAL_SURFACE ( 'NONE', #5937, 0.2021725488640350454, 0.8765463347917594739 ) ;
#2409 =( GEOMETRIC_REPRESENTATION_CONTEXT ( 3 ) GLOBAL_UNCERTAINTY_ASSIGNED_CONTEXT ( ( #4247 ) ) GLOBAL_UNIT_ASSIGNED_CONTEXT ( ( #4373, #3, #5409 ) ) REPRESENTATION_CONTEXT ( 'NONE', 'WORKASPACE' ) );
#2410 = ADVANCED_FACE ( 'NONE', ( #5819 ), #5886, .F. ) ;
#2411 = MECHANICAL_DESIGN_GEOMETRIC_PRESENTATION_REPRESENTATION (  '', ( #5316 ), #4701 ) ;
#2412 = DIRECTION ( 'NONE',  ( 0.000000000000000000, -1.000000000000000000, 0.000000000000000000 ) ) ;
#2413 = STYLED_ITEM ( 'NONE', ( #3208 ), #93 ) ;
#2414 = ORIENTED_EDGE ( 'NONE', *, *, #362, .F. ) ;
#2415 = ORIENTED_EDGE ( 'NONE', *, *, #3556, .T. ) ;
#2416 = LINE ( 'NONE', #2446, #3096 ) ;
#2417 =( NAMED_UNIT ( * ) SI_UNIT ( $, .STERADIAN. ) SOLID_ANGLE_UNIT ( ) );
#2418 = PRESENTATION_LAYER_ASSIGNMENT (  '', '', ( #3756 ) ) ;
#2419 = DIRECTION ( 'NONE',  ( 0.000000000000000000, 0.000000000000000000, 1.000000000000000000 ) ) ;
#2420 = CARTESIAN_POINT ( 'NONE',  ( 2.166808320000790378, 1.551945271034630203, 1.524958015046800064 ) ) ;
#2421 = DIRECTION ( 'NONE',  ( 0.000000000000000000, 0.000000000000000000, -1.000000000000000000 ) ) ;
#2422 = CARTESIAN_POINT ( 'NONE',  ( -2.350000000000000089, 1.750000000000000000, 0.000000000000000000 ) ) ;
#2423 = SURFACE_STYLE_FILL_AREA ( #4500 ) ;
#2424 = SURFACE_STYLE_FILL_AREA ( #955 ) ;
#2425 = VECTOR ( 'NONE', #3163, 1000.000000000000000 ) ;
#2426 = DIRECTION ( 'NONE',  ( -0.000000000000000000, 1.000000000000000000, -0.000000000000000000 ) ) ;
#2427 = STYLED_ITEM ( 'NONE', ( #4150 ), #6142 ) ;
#2428 = DIRECTION ( 'NONE',  ( 1.000000000000000000, 0.000000000000000000, 0.000000000000000000 ) ) ;
#2429 = FACE_OUTER_BOUND ( 'NONE', #460, .T. ) ;
#2430 = DIRECTION ( 'NONE',  ( -1.000000000000000000, 0.000000000000000000, 0.000000000000000000 ) ) ;
#2431 = STYLED_ITEM ( 'NONE', ( #4497 ), #5505 ) ;
#2432 = VECTOR ( 'NONE', #6063, 1000.000000000000000 ) ;
#2433 = ADVANCED_FACE ( 'NONE', ( #2900 ), #6403, .F. ) ;
#2434 = CARTESIAN_POINT ( 'NONE',  ( 2.950000000000000622, -0.5954946213070572147, 0.000000000000000000 ) ) ;
#2435 = VERTEX_POINT ( 'NONE', #2369 ) ;
#2436 = DIRECTION ( 'NONE',  ( 0.000000000000000000, 0.000000000000000000, -1.000000000000000000 ) ) ;
#2437 = ORIENTED_EDGE ( 'NONE', *, *, #6424, .F. ) ;
#2438 = CARTESIAN_POINT ( 'NONE',  ( 1.135441809735770136, 1.475072618217709852, 1.524958015046800064 ) ) ;
#2439 = ORIENTED_EDGE ( 'NONE', *, *, #3557, .F. ) ;
#2440 = LINE ( 'NONE', #578, #437 ) ;
#2441 = LINE ( 'NONE', #3994, #228 ) ;
#2442 = EDGE_CURVE ( 'NONE', #809, #1830, #2960, .T. ) ;
#2443 =( NAMED_UNIT ( * ) PLANE_ANGLE_UNIT ( ) SI_UNIT ( $, .RADIAN. ) );
#2444 = ORIENTED_EDGE ( 'NONE', *, *, #5147, .T. ) ;
#2445 = EDGE_LOOP ( 'NONE', ( #4900, #4214, #1930, #1224 ) ) ;
#2446 = CARTESIAN_POINT ( 'NONE',  ( -2.350000000000000089, -1.750000000000000000, 1.448687028813379962 ) ) ;
#2447 = EDGE_CURVE ( 'NONE', #2370, #5534, #5955, .T. ) ;
#2448 = EDGE_CURVE ( 'NONE', #459, #3785, #5915, .T. ) ;
#2449 = PRESENTATION_STYLE_ASSIGNMENT (( #2505 ) ) ;
#2450 = CARTESIAN_POINT ( 'NONE',  ( -1.067585657234540131, -1.731509940961710070, 1.670000000000000151 ) ) ;
#2451 = PRESENTATION_STYLE_ASSIGNMENT (( #6448 ) ) ;
#2452 = CARTESIAN_POINT ( 'NONE',  ( 0.4647840932999509622, 0.9018052454393200579, 1.524958015046800064 ) ) ;
#2453 = PLANE ( 'NONE',  #632 ) ;
#2454 = ORIENTED_EDGE ( 'NONE', *, *, #2015, .T. ) ;
#2455 = ORIENTED_EDGE ( 'NONE', *, *, #6037, .T. ) ;
#2456 = DIRECTION ( 'NONE',  ( 0.9999999988448025068, 4.806657061659141619E-05, 0.000000000000000000 ) ) ;
#2457 = ORIENTED_EDGE ( 'NONE', *, *, #5128, .F. ) ;
#2458 = DIRECTION ( 'NONE',  ( 0.000000000000000000, -1.000000000000000000, 0.000000000000000000 ) ) ;
#2459 = CARTESIAN_POINT ( 'NONE',  ( 1.742310449531560002, -1.732474794199829971, 0.9499004956727240545 ) ) ;
#2460 = LINE ( 'NONE', #5848, #425 ) ;
#2461 = EDGE_CURVE ( 'NONE', #4582, #5905, #4478, .T. ) ;
#2462 =( LENGTH_UNIT ( ) NAMED_UNIT ( * ) SI_UNIT ( .MILLI., .METRE. ) );
#2463 = ORIENTED_EDGE ( 'NONE', *, *, #5922, .T. ) ;
#2464 = ORIENTED_EDGE ( 'NONE', *, *, #4162, .T. ) ;
#2465 = CARTESIAN_POINT ( 'NONE',  ( 2.214855333278670013, 1.473734927972049968, 0.08104293853427260719 ) ) ;
#2466 = PRESENTATION_LAYER_ASSIGNMENT (  '', '', ( #182 ) ) ;
#2467 = CARTESIAN_POINT ( 'NONE',  ( -2.350000000000000089, -1.750000000000000000, 0.9499004956727240545 ) ) ;
#2468 = ORIENTED_EDGE ( 'NONE', *, *, #4967, .F. ) ;
#2469 = EDGE_LOOP ( 'NONE', ( #3884, #3903, #1884, #5131, #1561 ) ) ;
#2470 = CARTESIAN_POINT ( 'NONE',  ( -0.4647840932999509622, 0.9018052454393200579, 1.524958015046800064 ) ) ;
#2471 = DIRECTION ( 'NONE',  ( 1.000000000000000000, -6.123031769111888756E-17, 0.000000000000000000 ) ) ;
#2472 = ADVANCED_FACE ( 'NONE', ( #877 ), #405, .T. ) ;
#2473 = EDGE_CURVE ( 'NONE', #415, #5603, #440, .T. ) ;
#2474 =( GEOMETRIC_REPRESENTATION_CONTEXT ( 3 ) GLOBAL_UNCERTAINTY_ASSIGNED_CONTEXT ( ( #1608 ) ) GLOBAL_UNIT_ASSIGNED_CONTEXT ( ( #3110, #4097, #6154 ) ) REPRESENTATION_CONTEXT ( 'NONE', 'WORKASPACE' ) );
#2475 = CARTESIAN_POINT ( 'NONE',  ( -0.2756685251360169731, -0.4990275020653580085, 1.524958015046800064 ) ) ;
#2476 = LINE ( 'NONE', #3410, #4337 ) ;
#2477 = DIRECTION ( 'NONE',  ( -0.9999999988448025068, -4.806657061659141619E-05, 1.034811377842530475E-16 ) ) ;
#2478 = ORIENTED_EDGE ( 'NONE', *, *, #6109, .F. ) ;
#2479 = AXIS2_PLACEMENT_3D ( 'NONE', #5626, #5132, #1612 ) ;
#2480 = EDGE_CURVE ( 'NONE', #3734, #350, #4858, .T. ) ;
#2481 = ORIENTED_EDGE ( 'NONE', *, *, #3180, .F. ) ;
#2482 = LINE ( 'NONE', #5906, #4616 ) ;
#2483 = FILL_AREA_STYLE ('',( #6428 ) ) ;
#2484 = COLOUR_RGB ( '',0.6980392156862744724, 0.6980392156862744724, 0.6980392156862744724 ) ;
#2485 = EDGE_LOOP ( 'NONE', ( #623, #5635, #1039, #3631, #3704 ) ) ;
#2486 = DIRECTION ( 'NONE',  ( 0.000000000000000000, 0.000000000000000000, -1.000000000000000000 ) ) ;
#2487 = LINE ( 'NONE', #4473, #5641 ) ;
#2488 = MECHANICAL_DESIGN_GEOMETRIC_PRESENTATION_REPRESENTATION (  '', ( #5504 ), #3215 ) ;
#2489 = ORIENTED_EDGE ( 'NONE', *, *, #2796, .T. ) ;
#2490 = ORIENTED_EDGE ( 'NONE', *, *, #2763, .T. ) ;
#2491 = DIRECTION ( 'NONE',  ( 0.9999999988448025068, 4.806657061663191792E-05, 0.000000000000000000 ) ) ;
#2492 =( LENGTH_UNIT ( ) NAMED_UNIT ( * ) SI_UNIT ( .MILLI., .METRE. ) );
#2493 = EDGE_LOOP ( 'NONE', ( #1624, #1860, #476, #6055, #3539 ) ) ;
#2494 = VECTOR ( 'NONE', #4727, 1000.000000000000000 ) ;
#2495 = ORIENTED_EDGE ( 'NONE', *, *, #5938, .F. ) ;
#2496 = DIRECTION ( 'NONE',  ( 6.123031769111888756E-17, 1.000000000000000000, 1.957775783960479877E-16 ) ) ;
#2497 = COLOUR_RGB ( '',0.2000000000000000111, 0.2000000000000000111, 0.2000000000000000111 ) ;
#2498 = PRESENTATION_LAYER_ASSIGNMENT (  '', '', ( #839 ) ) ;
#2499 = FACE_OUTER_BOUND ( 'NONE', #4051, .T. ) ;
#2500 = CARTESIAN_POINT ( 'NONE',  ( -2.350000000000000089, 1.475072618217709852, 0.9912762577585830792 ) ) ;
#2501 = LINE ( 'NONE', #5602, #6378 ) ;
#2502 = ORIENTED_EDGE ( 'NONE', *, *, #521, .T. ) ;
#2503 = ORIENTED_EDGE ( 'NONE', *, *, #2515, .T. ) ;
#2504 = VECTOR ( 'NONE', #1418, 1000.000000000000000 ) ;
#2505 = SURFACE_STYLE_USAGE ( .BOTH. , #1909 ) ;
#2506 = DIRECTION ( 'NONE',  ( 0.000000000000000000, 0.000000000000000000, -1.000000000000000000 ) ) ;
#2507 = CARTESIAN_POINT ( 'NONE',  ( 1.244408477699840088, -1.732498726640149922, 0.9499004956727240545 ) ) ;
#2508 = EDGE_CURVE ( 'NONE', #2368, #4920, #1114, .T. ) ;
#2509 = FACE_OUTER_BOUND ( 'NONE', #6042, .T. ) ;
#2510 =( NAMED_UNIT ( * ) SI_UNIT ( $, .STERADIAN. ) SOLID_ANGLE_UNIT ( ) );
#2511 = MECHANICAL_DESIGN_GEOMETRIC_PRESENTATION_REPRESENTATION (  '', ( #429 ), #390 ) ;
#2512 = CARTESIAN_POINT ( 'NONE',  ( 1.198636379818660114, 1.750000000000000000, 0.000000000000000000 ) ) ;
#2513 = ORIENTED_EDGE ( 'NONE', *, *, #389, .T. ) ;
#2514 = VECTOR ( 'NONE', #3519, 1000.000000000000000 ) ;
#2515 = EDGE_CURVE ( 'NONE', #5073, #3761, #81, .T. ) ;
#2516 = STYLED_ITEM ( 'NONE', ( #4801 ), #1074 ) ;
#2517 = FILL_AREA_STYLE_COLOUR ( '', #1510 ) ;
#2518 = DIRECTION ( 'NONE',  ( 0.000000000000000000, 0.000000000000000000, -1.000000000000000000 ) ) ;
#2519 = DIRECTION ( 'NONE',  ( 0.000000000000000000, 0.000000000000000000, 1.000000000000000000 ) ) ;
#2520 = AXIS2_PLACEMENT_3D ( 'NONE', #3750, #5843, #2244 ) ;
#2521 = ORIENTED_EDGE ( 'NONE', *, *, #1275, .F. ) ;
#2522 = CARTESIAN_POINT ( 'NONE',  ( 1.244408477699840088, -1.731509940961710070, 1.584027809471529880 ) ) ;
#2523 = DIRECTION ( 'NONE',  ( 1.000000000000000000, 0.000000000000000000, 0.000000000000000000 ) ) ;
#2524 = EDGE_CURVE ( 'NONE', #1891, #1642, #2591, .T. ) ;
#2525 = VECTOR ( 'NONE', #3875, 1000.000000000000000 ) ;
#2526 = EDGE_CURVE ( 'NONE', #773, #608, #4624, .T. ) ;
#2527 = STYLED_ITEM ( 'NONE', ( #1661 ), #5427 ) ;
#2528 = DIRECTION ( 'NONE',  ( 1.000000000000000000, 0.000000000000000000, 0.000000000000000000 ) ) ;
#2529 = CARTESIAN_POINT ( 'NONE',  ( -0.4647840932999509622, 0.9018052454393200579, 1.670000000000000151 ) ) ;
#2530 = SURFACE_STYLE_FILL_AREA ( #19 ) ;
#2531 = FACE_OUTER_BOUND ( 'NONE', #1322, .T. ) ;
#2532 = VECTOR ( 'NONE', #565, 1000.000000000000000 ) ;
#2533 = ORIENTED_EDGE ( 'NONE', *, *, #4830, .T. ) ;
#2534 = CARTESIAN_POINT ( 'NONE',  ( -0.3018065944804309009, 1.350000000000000089, -0.5159459123212694065 ) ) ;
#2535 = ORIENTED_EDGE ( 'NONE', *, *, #3383, .F. ) ;
#2536 = FILL_AREA_STYLE ('',( #5068 ) ) ;
#2537 = DIRECTION ( 'NONE',  ( 0.000000000000000000, 0.000000000000000000, 1.000000000000000000 ) ) ;
#2538 = ORIENTED_EDGE ( 'NONE', *, *, #5183, .T. ) ;
#2539 = ORIENTED_EDGE ( 'NONE', *, *, #4896, .F. ) ;
#2540 = DIRECTION ( 'NONE',  ( -4.075590574283130365E-16, 0.000000000000000000, 1.000000000000000000 ) ) ;
#2541 = SURFACE_STYLE_FILL_AREA ( #3863 ) ;
#2542 = ADVANCED_FACE ( 'NONE', ( #4584 ), #2634, .T. ) ;
#2543 =( LENGTH_UNIT ( ) NAMED_UNIT ( * ) SI_UNIT ( .MILLI., .METRE. ) );
#2544 = DIRECTION ( 'NONE',  ( 1.000000000000000000, 0.000000000000000000, 0.000000000000000000 ) ) ;
#2545 = DIRECTION ( 'NONE',  ( 0.000000000000000000, -1.000000000000000000, 0.000000000000000000 ) ) ;
#2546 = DIRECTION ( 'NONE',  ( 0.000000000000000000, 1.000000000000000000, 0.000000000000000000 ) ) ;
#2547 = PRESENTATION_STYLE_ASSIGNMENT (( #5502 ) ) ;
#2548 = ORIENTED_EDGE ( 'NONE', *, *, #1310, .F. ) ;
#2549 = VERTEX_POINT ( 'NONE', #2529 ) ;
#2550 = PLANE ( 'NONE',  #971 ) ;
#2551 =( NAMED_UNIT ( * ) PLANE_ANGLE_UNIT ( ) SI_UNIT ( $, .RADIAN. ) );
#2552 = ORIENTED_EDGE ( 'NONE', *, *, #5323, .T. ) ;
#2553 = CARTESIAN_POINT ( 'NONE',  ( -1.742310449531560002, -1.732474794199829971, 1.524958015046800064 ) ) ;
#2554 = DIRECTION ( 'NONE',  ( 0.000000000000000000, 0.000000000000000000, -1.000000000000000000 ) ) ;
#2555 = EDGE_CURVE ( 'NONE', #4632, #2087, #1538, .T. ) ;
#2556 = ADVANCED_FACE ( 'NONE', ( #153 ), #17, .F. ) ;
#2557 = PRESENTATION_STYLE_ASSIGNMENT (( #2931 ) ) ;
#2558 = ORIENTED_EDGE ( 'NONE', *, *, #6270, .T. ) ;
#2559 = ORIENTED_EDGE ( 'NONE', *, *, #6301, .F. ) ;
#2560 = DIRECTION ( 'NONE',  ( 0.000000000000000000, 0.000000000000000000, -1.000000000000000000 ) ) ;
#2561 = LINE ( 'NONE', #4018, #1929 ) ;
#2562 = LINE ( 'NONE', #4021, #4987 ) ;
#2563 = DIRECTION ( 'NONE',  ( 0.000000000000000000, 0.000000000000000000, -1.000000000000000000 ) ) ;
#2564 = EDGE_LOOP ( 'NONE', ( #4767, #5625, #564, #1414 ) ) ;
#2565 = FACE_OUTER_BOUND ( 'NONE', #173, .T. ) ;
#2566 = EDGE_CURVE ( 'NONE', #3715, #3297, #3595, .T. ) ;
#2567 = CARTESIAN_POINT ( 'NONE',  ( 1.198636379818660114, 1.475072618217709852, 0.4956381288792919837 ) ) ;
#2568 = PRESENTATION_LAYER_ASSIGNMENT (  '', '', ( #905 ) ) ;
#2569 =( NAMED_UNIT ( * ) SI_UNIT ( $, .STERADIAN. ) SOLID_ANGLE_UNIT ( ) );
#2570 = ORIENTED_EDGE ( 'NONE', *, *, #3894, .T. ) ;
#2571 = EDGE_LOOP ( 'NONE', ( #1163, #4031, #4080, #2098 ) ) ;
#2572 = VECTOR ( 'NONE', #3610, 1000.000000000000000 ) ;
#2573 = CARTESIAN_POINT ( 'NONE',  ( -0.3018065944804309009, 1.350000000000000089, 0.05835212073282350365 ) ) ;
#2574 = PLANE ( 'NONE',  #908 ) ;
#2575 = LINE ( 'NONE', #2106, #1286 ) ;
#2576 = DIRECTION ( 'NONE',  ( 0.000000000000000000, 1.000000000000000000, 0.000000000000000000 ) ) ;
#2577 = FACE_OUTER_BOUND ( 'NONE', #4157, .T. ) ;
#2578 = ORIENTED_EDGE ( 'NONE', *, *, #1599, .T. ) ;
#2579 = ORIENTED_EDGE ( 'NONE', *, *, #474, .F. ) ;
#2580 = CARTESIAN_POINT ( 'NONE',  ( -2.950000000000000178, 1.104505378692939743, 0.2000000000000000111 ) ) ;
#2581 = DIRECTION ( 'NONE',  ( -1.000000000000000000, 0.000000000000000000, 0.000000000000000000 ) ) ;
#2582 = ORIENTED_EDGE ( 'NONE', *, *, #3805, .F. ) ;
#2583 = PRESENTATION_STYLE_ASSIGNMENT (( #598 ) ) ;
#2584 = STYLED_ITEM ( 'NONE', ( #1433 ), #2609 ) ;
#2585 = PLANE ( 'NONE',  #4069 ) ;
#2586 = EDGE_CURVE ( 'NONE', #3053, #4926, #3068, .T. ) ;
#2587 = FACE_OUTER_BOUND ( 'NONE', #5818, .T. ) ;
#2588 = LINE ( 'NONE', #2248, #2316 ) ;
#2589 = EDGE_LOOP ( 'NONE', ( #2240, #3088, #2784, #4399 ) ) ;
#2590 = EDGE_LOOP ( 'NONE', ( #50, #628, #3097, #4463 ) ) ;
#2591 = LINE ( 'NONE', #5027, #77 ) ;
#2592 = DIRECTION ( 'NONE',  ( 1.000000000000000000, 0.000000000000000000, 0.000000000000000000 ) ) ;
#2593 = EDGE_CURVE ( 'NONE', #4086, #1823, #4089, .T. ) ;
#2594 = FACE_OUTER_BOUND ( 'NONE', #5888, .T. ) ;
#2595 = FILL_AREA_STYLE ('',( #2091 ) ) ;
#2596 = ORIENTED_EDGE ( 'NONE', *, *, #5498, .T. ) ;
#2597 = COLOUR_RGB ( '',0.2000000000000000111, 0.2000000000000000111, 0.2000000000000000111 ) ;
#2598 = COLOUR_RGB ( '',0.2000000000000000111, 0.2000000000000000111, 0.2000000000000000111 ) ;
#2599 = ADVANCED_FACE ( 'NONE', ( #4990 ), #2058, .T. ) ;
#2600 = SURFACE_SIDE_STYLE ('',( #6186 ) ) ;
#2601 = AXIS2_PLACEMENT_3D ( 'NONE', #24, #6336, #6376 ) ;
#2602 = DIRECTION ( 'NONE',  ( 0.000000000000000000, 0.000000000000000000, 1.000000000000000000 ) ) ;
#2603 = EDGE_CURVE ( 'NONE', #3715, #906, #1643, .T. ) ;
#2604 = ORIENTED_EDGE ( 'NONE', *, *, #2336, .T. ) ;
#2605 = EDGE_LOOP ( 'NONE', ( #2468, #4922, #4205, #4565 ) ) ;
#2606 = FILL_AREA_STYLE_COLOUR ( '', #2597 ) ;
#2607 = ORIENTED_EDGE ( 'NONE', *, *, #2252, .T. ) ;
#2608 = CARTESIAN_POINT ( 'NONE',  ( 2.350000000000000089, 1.750000000000000000, 1.524958015046800064 ) ) ;
#2609 = ADVANCED_FACE ( 'NONE', ( #3871 ), #4652, .T. ) ;
#2610 = CIRCLE ( 'NONE', #217, 0.1805055907248848679 ) ;
#2611 = CIRCLE ( 'NONE', #6249, 0.3018065944804310119 ) ;
#2612 = CARTESIAN_POINT ( 'NONE',  ( 1.741399289779348658, -1.720055044989079018, 1.622084832375032093 ) ) ;
#2613 = LINE ( 'NONE', #2652, #2572 ) ;
#2614 = CARTESIAN_POINT ( 'NONE',  ( 1.774318189909330101, -1.750000000000000000, 0.9929113569124999872 ) ) ;
#2615 = AXIS2_PLACEMENT_3D ( 'NONE', #3159, #5579, #5047 ) ;
#2616 = CARTESIAN_POINT ( 'NONE',  ( 1.198636379818660114, 1.475072618217709852, 0.08104293853427260719 ) ) ;
#2617 = VERTEX_POINT ( 'NONE', #2385 ) ;
#2618 =( GEOMETRIC_REPRESENTATION_CONTEXT ( 3 ) GLOBAL_UNCERTAINTY_ASSIGNED_CONTEXT ( ( #849 ) ) GLOBAL_UNIT_ASSIGNED_CONTEXT ( ( #5647, #3612, #1131 ) ) REPRESENTATION_CONTEXT ( 'NONE', 'WORKASPACE' ) );
#2619 = PRESENTATION_LAYER_ASSIGNMENT (  '', '', ( #2904 ) ) ;
#2620 = ORIENTED_EDGE ( 'NONE', *, *, #1470, .F. ) ;
#2621 =( LENGTH_UNIT ( ) NAMED_UNIT ( * ) SI_UNIT ( .MILLI., .METRE. ) );
#2622 = DIRECTION ( 'NONE',  ( 1.000000000000000000, -7.228014483236692611E-16, 0.000000000000000000 ) ) ;
#2623 = CARTESIAN_POINT ( 'NONE',  ( -1.135441809735770136, 1.732498726640149922, 1.594999999999999973 ) ) ;
#2624 = VECTOR ( 'NONE', #155, 1000.000000000000000 ) ;
#2625 = ORIENTED_EDGE ( 'NONE', *, *, #3189, .T. ) ;
#2626 = PRESENTATION_STYLE_ASSIGNMENT (( #203 ) ) ;
#2627 = AXIS2_PLACEMENT_3D ( 'NONE', #4496, #4000, #455 ) ;
#2628 = FACE_OUTER_BOUND ( 'NONE', #6426, .T. ) ;
#2629 = UNCERTAINTY_MEASURE_WITH_UNIT (LENGTH_MEASURE( 1.000000000000000082E-05 ), #6409, 'distance_accuracy_value', 'NONE');
#2630 = PRESENTATION_LAYER_ASSIGNMENT (  '', '', ( #2223 ) ) ;
#2631 = VERTEX_POINT ( 'NONE', #3773 ) ;
#2632 = SURFACE_SIDE_STYLE ('',( #1282 ) ) ;
#2633 = ORIENTED_EDGE ( 'NONE', *, *, #5323, .F. ) ;
#2634 = PLANE ( 'NONE',  #6232 ) ;
#2635 = CARTESIAN_POINT ( 'NONE',  ( -1.244329381000990109, -1.558644594997879995, 0.9499004956727240545 ) ) ;
#2636 = CARTESIAN_POINT ( 'NONE',  ( -2.950000000000000178, 1.104505378692939743, 0.000000000000000000 ) ) ;
#2637 = ORIENTED_EDGE ( 'NONE', *, *, #1707, .F. ) ;
#2638 = PRESENTATION_LAYER_ASSIGNMENT (  '', '', ( #6377 ) ) ;
#2639 = CARTESIAN_POINT ( 'NONE',  ( -2.214855333278670013, 1.473734927972049968, 0.08104293853427260719 ) ) ;
#2640 = DIRECTION ( 'NONE',  ( 0.000000000000000000, 0.000000000000000000, 1.000000000000000000 ) ) ;
#2641 = AXIS2_PLACEMENT_3D ( 'NONE', #546, #150, #3623 ) ;
#2642 = DIRECTION ( 'NONE',  ( 1.000000000000000000, 0.000000000000000000, 0.000000000000000000 ) ) ;
#2643 = VERTEX_POINT ( 'NONE', #1913 ) ;
#2644 = ORIENTED_EDGE ( 'NONE', *, *, #2731, .T. ) ;
#2645 = DIRECTION ( 'NONE',  ( 0.000000000000000000, 0.000000000000000000, 1.000000000000000000 ) ) ;
#2646 = ORIENTED_EDGE ( 'NONE', *, *, #3003, .T. ) ;
#2647 =( GEOMETRIC_REPRESENTATION_CONTEXT ( 3 ) GLOBAL_UNCERTAINTY_ASSIGNED_CONTEXT ( ( #5293 ) ) GLOBAL_UNIT_ASSIGNED_CONTEXT ( ( #4236, #3305, #233 ) ) REPRESENTATION_CONTEXT ( 'NONE', 'WORKASPACE' ) );
#2648 = EDGE_CURVE ( 'NONE', #3170, #3500, #4823, .T. ) ;
#2649 = CARTESIAN_POINT ( 'NONE',  ( -0.3018065944804311229, -1.350000000000000089, 0.000000000000000000 ) ) ;
#2650 = CARTESIAN_POINT ( 'NONE',  ( 1.399999999999999911, -2.286241185967940126, 1.670000000000000151 ) ) ;
#2651 = EDGE_CURVE ( 'NONE', #238, #1642, #4369, .T. ) ;
#2652 = CARTESIAN_POINT ( 'NONE',  ( 2.350000000000000089, 1.104505378692939743, 0.000000000000000000 ) ) ;
#2653 = LINE ( 'NONE', #2171, #2991 ) ;
#2654 = CARTESIAN_POINT ( 'NONE',  ( -1.774318189909330101, -1.750000000000000000, 1.524958015046800064 ) ) ;
#2655 = ORIENTED_EDGE ( 'NONE', *, *, #6337, .T. ) ;
#2656 = FILL_AREA_STYLE ('',( #1209 ) ) ;
#2657 =( NAMED_UNIT ( * ) SI_UNIT ( $, .STERADIAN. ) SOLID_ANGLE_UNIT ( ) );
#2658 = ORIENTED_EDGE ( 'NONE', *, *, #165, .F. ) ;
#2659 = DIRECTION ( 'NONE',  ( 1.000000000000000000, 0.000000000000000000, 0.000000000000000000 ) ) ;
#2660 = PRESENTATION_STYLE_ASSIGNMENT (( #1668 ) ) ;
#2661 = CARTESIAN_POINT ( 'NONE',  ( -2.350000000000000089, 1.104505378692939743, 0.2000000000000000111 ) ) ;
#2662 = ORIENTED_EDGE ( 'NONE', *, *, #3383, .T. ) ;
#2663 = CARTESIAN_POINT ( 'NONE',  ( -1.198636379818660114, 1.475072618217709852, 1.524958015046800064 ) ) ;
#2664 = CARTESIAN_POINT ( 'NONE',  ( 0.3018065944804311229, 1.350000000000000089, 0.05835212073282350365 ) ) ;
#2665 = EDGE_LOOP ( 'NONE', ( #3037, #892, #2415, #4343 ) ) ;
#2666 = PLANE ( 'NONE',  #3965 ) ;
#2667 =( NAMED_UNIT ( * ) PLANE_ANGLE_UNIT ( ) SI_UNIT ( $, .RADIAN. ) );
#2668 = ORIENTED_EDGE ( 'NONE', *, *, #5911, .F. ) ;
#2669 = ORIENTED_EDGE ( 'NONE', *, *, #5181, .F. ) ;
#2670 = CARTESIAN_POINT ( 'NONE',  ( 0.000000000000000000, 0.000000000000000000, 0.2000000000000000111 ) ) ;
#2671 = ORIENTED_EDGE ( 'NONE', *, *, #3426, .F. ) ;
#2672 = DIRECTION ( 'NONE',  ( 0.000000000000000000, -1.000000000000000000, 0.000000000000000000 ) ) ;
#2673 = ORIENTED_EDGE ( 'NONE', *, *, #5985, .F. ) ;
#2674 = CARTESIAN_POINT ( 'NONE',  ( 1.742338854789251323, -1.558489069877891930, 0.9499004956727240545 ) ) ;
#2675 = EDGE_CURVE ( 'NONE', #538, #1674, #364, .T. ) ;
#2676 = LINE ( 'NONE', #4074, #948 ) ;
#2677 = ORIENTED_EDGE ( 'NONE', *, *, #1099, .T. ) ;
#2678 = AXIS2_PLACEMENT_3D ( 'NONE', #3355, #305, #4336 ) ;
#2679 = EDGE_CURVE ( 'NONE', #3346, #906, #3798, .T. ) ;
#2680 = CIRCLE ( 'NONE', #4663, 0.1895074269560790003 ) ;
#2681 = DIRECTION ( 'NONE',  ( 0.000000000000000000, 0.000000000000000000, -1.000000000000000000 ) ) ;
#2682 = FILL_AREA_STYLE ('',( #108 ) ) ;
#2683 = DIRECTION ( 'NONE',  ( -0.000000000000000000, 0.000000000000000000, 1.000000000000000000 ) ) ;
#2684 = ORIENTED_EDGE ( 'NONE', *, *, #2853, .F. ) ;
#2685 =( LENGTH_UNIT ( ) NAMED_UNIT ( * ) SI_UNIT ( .MILLI., .METRE. ) );
#2686 = ADVANCED_FACE ( 'NONE', ( #5782 ), #893, .F. ) ;
#2687 = VECTOR ( 'NONE', #1779, 1000.000000000000000 ) ;
#2688 = SURFACE_STYLE_FILL_AREA ( #5160 ) ;
#2689 = VECTOR ( 'NONE', #5768, 1000.000000000000000 ) ;
#2690 = ORIENTED_EDGE ( 'NONE', *, *, #831, .T. ) ;
#2691 = EDGE_LOOP ( 'NONE', ( #5591, #423, #5037, #840 ) ) ;
#2692 = CARTESIAN_POINT ( 'NONE',  ( -1.922816040256440040, -1.732450861759520011, 1.524958015046800064 ) ) ;
#2693 = CARTESIAN_POINT ( 'NONE',  ( -2.950000000000000178, -0.5954946213070567707, 0.2000000000000000111 ) ) ;
#2694 = DIRECTION ( 'NONE',  ( 0.000000000000000000, 0.000000000000000000, -1.000000000000000000 ) ) ;
#2695 = VERTEX_POINT ( 'NONE', #3382 ) ;
#2696 = AXIS2_PLACEMENT_3D ( 'NONE', #2983, #5974, #3900 ) ;
#2697 = DIRECTION ( 'NONE',  ( -1.000000000000000000, 0.000000000000000000, -0.000000000000000000 ) ) ;
#2698 = DIRECTION ( 'NONE',  ( 0.000000000000000000, -1.000000000000000000, 0.000000000000000000 ) ) ;
#2699 = VECTOR ( 'NONE', #3613, 1000.000000000000000 ) ;
#2700 = ORIENTED_EDGE ( 'NONE', *, *, #3463, .F. ) ;
#2701 = FACE_OUTER_BOUND ( 'NONE', #3828, .T. ) ;
#2702 = VERTEX_POINT ( 'NONE', #5876 ) ;
#2703 = DIRECTION ( 'NONE',  ( 0.000000000000000000, -1.000000000000000000, 0.000000000000000000 ) ) ;
#2704 = STYLED_ITEM ( 'NONE', ( #5869 ), #4902 ) ;
#2705 = CARTESIAN_POINT ( 'NONE',  ( 2.350000000000000533, -1.095494621307057770, 0.2000000000000000111 ) ) ;
#2706 = FILL_AREA_STYLE ('',( #2349 ) ) ;
#2707 = EDGE_LOOP ( 'NONE', ( #2963, #4351, #1222, #5109 ) ) ;
#2708 = DIRECTION ( 'NONE',  ( -1.304042847708120109E-14, 1.000000000000000000, 0.000000000000000000 ) ) ;
#2709 = DIRECTION ( 'NONE',  ( 0.7685337799280628213, 0.000000000000000000, 0.6398092130545509626 ) ) ;
#2710 = VECTOR ( 'NONE', #2703, 1000.000000000000000 ) ;
#2711 = EDGE_CURVE ( 'NONE', #1196, #1891, #2396, .T. ) ;
#2712 = ORIENTED_EDGE ( 'NONE', *, *, #5190, .T. ) ;
#2713 = VECTOR ( 'NONE', #2909, 1000.000000000000000 ) ;
#2714 = DIRECTION ( 'NONE',  ( 0.000000000000000000, 0.000000000000000000, 1.000000000000000000 ) ) ;
#2715 = ORIENTED_EDGE ( 'NONE', *, *, #658, .F. ) ;
#2716 = FACE_OUTER_BOUND ( 'NONE', #2445, .T. ) ;
#2717 = EDGE_CURVE ( 'NONE', #161, #403, #1031, .T. ) ;
#2718 = MECHANICAL_DESIGN_GEOMETRIC_PRESENTATION_REPRESENTATION (  '', ( #1893 ), #6348 ) ;
#2719 = AXIS2_PLACEMENT_3D ( 'NONE', #6107, #4185, #4113 ) ;
#2720 = EDGE_CURVE ( 'NONE', #1401, #3852, #1337, .T. ) ;
#2721 =( GEOMETRIC_REPRESENTATION_CONTEXT ( 3 ) GLOBAL_UNCERTAINTY_ASSIGNED_CONTEXT ( ( #1338 ) ) GLOBAL_UNIT_ASSIGNED_CONTEXT ( ( #4748, #4230, #2737 ) ) REPRESENTATION_CONTEXT ( 'NONE', 'WORKASPACE' ) );
#2722 = VECTOR ( 'NONE', #6365, 1000.000000000000000 ) ;
#2723 = COLOUR_RGB ( '',0.2000000000000000111, 0.2000000000000000111, 0.2000000000000000111 ) ;
#2724 = CARTESIAN_POINT ( 'NONE',  ( -2.214855333278670013, 1.475072618217709852, 0.9912762577585830792 ) ) ;
#2725 = VECTOR ( 'NONE', #58, 1000.000000000000000 ) ;
#2726 = DIRECTION ( 'NONE',  ( 1.004436343290279943E-16, 0.000000000000000000, -1.000000000000000000 ) ) ;
#2727 = EDGE_CURVE ( 'NONE', #2155, #584, #6320, .T. ) ;
#2728 = DIRECTION ( 'NONE',  ( 1.000000000000000000, 6.977398648951700478E-15, 0.000000000000000000 ) ) ;
#2729 = DIRECTION ( 'NONE',  ( 0.000000000000000000, 0.000000000000000000, -1.000000000000000000 ) ) ;
#2730 = VECTOR ( 'NONE', #158, 1000.000000000000000 ) ;
#2731 = EDGE_CURVE ( 'NONE', #2921, #5306, #4314, .T. ) ;
#2732 = LINE ( 'NONE', #2253, #1405 ) ;
#2733 = MECHANICAL_DESIGN_GEOMETRIC_PRESENTATION_REPRESENTATION (  '', ( #2516 ), #1404 ) ;
#2734 = DIRECTION ( 'NONE',  ( -1.000000000000000000, 0.000000000000000000, 0.000000000000000000 ) ) ;
#2735 = ORIENTED_EDGE ( 'NONE', *, *, #249, .F. ) ;
#2736 = VERTEX_POINT ( 'NONE', #6294 ) ;
#2737 =( NAMED_UNIT ( * ) SI_UNIT ( $, .STERADIAN. ) SOLID_ANGLE_UNIT ( ) );
#2738 = EDGE_LOOP ( 'NONE', ( #4240, #4454, #2230, #3164 ) ) ;
#2739 = CARTESIAN_POINT ( 'NONE',  ( -1.742310449531560002, 1.732498726640149922, 1.670000000000000151 ) ) ;
#2740 = MECHANICAL_DESIGN_GEOMETRIC_PRESENTATION_REPRESENTATION (  '', ( #766 ), #3864 ) ;
#2741 = VECTOR ( 'NONE', #278, 1000.000000000000000 ) ;
#2742 = ORIENTED_EDGE ( 'NONE', *, *, #912, .T. ) ;
#2743 = CARTESIAN_POINT ( 'NONE',  ( 1.135441809735770136, 1.657498726640149966, 1.594999999999999973 ) ) ;
#2744 =( NAMED_UNIT ( * ) PLANE_ANGLE_UNIT ( ) SI_UNIT ( $, .RADIAN. ) );
#2745 = FILL_AREA_STYLE ('',( #760 ) ) ;
#2746 =( GEOMETRIC_REPRESENTATION_CONTEXT ( 3 ) GLOBAL_UNCERTAINTY_ASSIGNED_CONTEXT ( ( #4301 ) ) GLOBAL_UNIT_ASSIGNED_CONTEXT ( ( #2621, #4043, #4146 ) ) REPRESENTATION_CONTEXT ( 'NONE', 'WORKASPACE' ) );
#2747 = DIRECTION ( 'NONE',  ( 0.000000000000000000, 0.000000000000000000, -1.000000000000000000 ) ) ;
#2748 = ORIENTED_EDGE ( 'NONE', *, *, #901, .T. ) ;
#2749 = SURFACE_STYLE_FILL_AREA ( #1904 ) ;
#2750 =( NAMED_UNIT ( * ) SI_UNIT ( $, .STERADIAN. ) SOLID_ANGLE_UNIT ( ) );
#2751 = EDGE_CURVE ( 'NONE', #4724, #1637, #1873, .T. ) ;
#2752 = DIRECTION ( 'NONE',  ( 0.000000000000000000, -2.187487421391570106E-16, 1.000000000000000000 ) ) ;
#2753 = UNCERTAINTY_MEASURE_WITH_UNIT (LENGTH_MEASURE( 1.000000000000000082E-05 ), #393, 'distance_accuracy_value', 'NONE');
#2754 = EDGE_LOOP ( 'NONE', ( #6238, #5254, #352, #464 ) ) ;
#2755 = CARTESIAN_POINT ( 'NONE',  ( -1.135441809735770136, 1.732498726640149922, 1.524958015046800064 ) ) ;
#2756 = DIRECTION ( 'NONE',  ( 0.000000000000000000, 0.000000000000000000, -1.000000000000000000 ) ) ;
#2757 = PRESENTATION_STYLE_ASSIGNMENT (( #777 ) ) ;
#2758 = EDGE_CURVE ( 'NONE', #6118, #1756, #5402, .T. ) ;
#2759 = ADVANCED_FACE ( 'NONE', ( #2044 ), #6009, .T. ) ;
#2760 = VERTEX_POINT ( 'NONE', #3512 ) ;
#2761 = SURFACE_STYLE_USAGE ( .BOTH. , #3604 ) ;
#2762 = VERTEX_POINT ( 'NONE', #1595 ) ;
#2763 = EDGE_CURVE ( 'NONE', #2973, #675, #6450, .T. ) ;
#2764 = SURFACE_SIDE_STYLE ('',( #2261 ) ) ;
#2765 = CARTESIAN_POINT ( 'NONE',  ( 0.000000000000000000, 1.732498726640149922, 1.524958015046800064 ) ) ;
#2766 = DIRECTION ( 'NONE',  ( -1.000000000000000000, 0.000000000000000000, 0.000000000000000000 ) ) ;
#2767 = LINE ( 'NONE', #3220, #2002 ) ;
#2768 = VERTEX_POINT ( 'NONE', #1559 ) ;
#2769 = ORIENTED_EDGE ( 'NONE', *, *, #2140, .F. ) ;
#2770 = LINE ( 'NONE', #300, #204 ) ;
#2771 = VERTEX_POINT ( 'NONE', #4501 ) ;
#2772 = FACE_OUTER_BOUND ( 'NONE', #5214, .T. ) ;
#2773 = MECHANICAL_DESIGN_GEOMETRIC_PRESENTATION_REPRESENTATION (  '', ( #905 ), #6415 ) ;
#2774 = DIRECTION ( 'NONE',  ( 1.000000000000000000, 0.000000000000000000, 0.000000000000000000 ) ) ;
#2775 = COLOUR_RGB ( '',0.2000000000000000111, 0.2000000000000000111, 0.2000000000000000111 ) ;
#2776 =( NAMED_UNIT ( * ) SI_UNIT ( $, .STERADIAN. ) SOLID_ANGLE_UNIT ( ) );
#2777 = VERTEX_POINT ( 'NONE', #4880 ) ;
#2778 = CARTESIAN_POINT ( 'NONE',  ( 0.6550263814446110056, -0.5225374338180610589, 1.524958015046800064 ) ) ;
#2779 = PRESENTATION_STYLE_ASSIGNMENT (( #6277 ) ) ;
#2780 =( LENGTH_UNIT ( ) NAMED_UNIT ( * ) SI_UNIT ( .MILLI., .METRE. ) );
#2781 = VECTOR ( 'NONE', #5264, 1000.000000000000000 ) ;
#2782 = DIRECTION ( 'NONE',  ( 1.000000000000000000, 0.000000000000000000, 0.000000000000000000 ) ) ;
#2783 = ADVANCED_FACE ( 'NONE', ( #66 ), #1978, .F. ) ;
#2784 = ORIENTED_EDGE ( 'NONE', *, *, #402, .T. ) ;
#2785 = ADVANCED_FACE ( 'NONE', ( #995 ), #3483, .T. ) ;
#2786 = VERTEX_POINT ( 'NONE', #197 ) ;
#2787 = CARTESIAN_POINT ( 'NONE',  ( 1.198636379818660114, 1.750000000000000000, 0.9912762577585830792 ) ) ;
#2788 = AXIS2_PLACEMENT_3D ( 'NONE', #2692, #922, #710 ) ;
#2789 = UNCERTAINTY_MEASURE_WITH_UNIT (LENGTH_MEASURE( 1.000000000000000082E-05 ), #3974, 'distance_accuracy_value', 'NONE');
#2790 = EDGE_CURVE ( 'NONE', #584, #6398, #5116, .T. ) ;
#2791 = PRESENTATION_LAYER_ASSIGNMENT (  '', '', ( #4865 ) ) ;
#2792 = CARTESIAN_POINT ( 'NONE',  ( 1.198636379818660114, 1.475072618217709852, 0.9912762577585830792 ) ) ;
#2793 = PRESENTATION_STYLE_ASSIGNMENT (( #5177 ) ) ;
#2794 = VERTEX_POINT ( 'NONE', #138 ) ;
#2795 = CARTESIAN_POINT ( 'NONE',  ( -1.774318189909330101, -1.466061860831830099, 0.9929113569124999872 ) ) ;
#2796 = EDGE_CURVE ( 'NONE', #1207, #3593, #4668, .T. ) ;
#2797 = MECHANICAL_DESIGN_GEOMETRIC_PRESENTATION_REPRESENTATION (  '', ( #1992 ), #2397 ) ;
#2798 = DIRECTION ( 'NONE',  ( -0.7685337799280628213, 9.411824336255185106E-17, 0.6398092130545509626 ) ) ;
#2799 = LINE ( 'NONE', #3742, #3799 ) ;
#2800 =( NAMED_UNIT ( * ) SI_UNIT ( $, .STERADIAN. ) SOLID_ANGLE_UNIT ( ) );
#2801 = CARTESIAN_POINT ( 'NONE',  ( -1.194532035297049877, 1.517608363321570009, 1.524958015046800064 ) ) ;
#2802 = UNCERTAINTY_MEASURE_WITH_UNIT (LENGTH_MEASURE( 1.000000000000000082E-05 ), #6083, 'distance_accuracy_value', 'NONE');
#2803 = MECHANICAL_DESIGN_GEOMETRIC_PRESENTATION_REPRESENTATION (  '', ( #4881 ), #3225 ) ;
#2804 = FACE_OUTER_BOUND ( 'NONE', #3148, .T. ) ;
#2805 = DIRECTION ( 'NONE',  ( 1.000000000000000000, 0.000000000000000000, 0.000000000000000000 ) ) ;
#2806 = MECHANICAL_DESIGN_GEOMETRIC_PRESENTATION_REPRESENTATION (  '', ( #4789 ), #633 ) ;
#2807 = ORIENTED_EDGE ( 'NONE', *, *, #1344, .T. ) ;
#2808 = LINE ( 'NONE', #4740, #668 ) ;
#2809 = DIRECTION ( 'NONE',  ( -0.000000000000000000, 0.000000000000000000, 1.000000000000000000 ) ) ;
#2810 = PRESENTATION_STYLE_ASSIGNMENT (( #4290 ) ) ;
#2811 = MECHANICAL_DESIGN_GEOMETRIC_PRESENTATION_REPRESENTATION (  '', ( #1496 ), #3012 ) ;
#2812 = AXIS2_PLACEMENT_3D ( 'NONE', #344, #1284, #804 ) ;
#2813 = PRESENTATION_LAYER_ASSIGNMENT (  '', '', ( #1802 ) ) ;
#2814 = ADVANCED_FACE ( 'NONE', ( #4178 ), #1749, .F. ) ;
#2815 = FILL_AREA_STYLE ('',( #3808 ) ) ;
#2816 = VERTEX_POINT ( 'NONE', #1657 ) ;
#2817 = LINE ( 'NONE', #4807, #2781 ) ;
#2818 = VECTOR ( 'NONE', #3028, 1000.000000000000000 ) ;
#2819 = ORIENTED_EDGE ( 'NONE', *, *, #2651, .F. ) ;
#2820 = CARTESIAN_POINT ( 'NONE',  ( 2.166808320000790378, -1.551945271034630203, 1.670000000000000151 ) ) ;
#2821 = VECTOR ( 'NONE', #2072, 1000.000000000000000 ) ;
#2822 = ORIENTED_EDGE ( 'NONE', *, *, #4025, .T. ) ;
#2823 = VECTOR ( 'NONE', #6061, 1000.000000000000000 ) ;
#2824 = DIRECTION ( 'NONE',  ( 0.000000000000000000, -0.000000000000000000, 1.000000000000000000 ) ) ;
#2825 = MECHANICAL_DESIGN_GEOMETRIC_PRESENTATION_REPRESENTATION (  '', ( #2017 ), #3655 ) ;
#2826 =( GEOMETRIC_REPRESENTATION_CONTEXT ( 3 ) GLOBAL_UNCERTAINTY_ASSIGNED_CONTEXT ( ( #4274 ) ) GLOBAL_UNIT_ASSIGNED_CONTEXT ( ( #5229, #275, #4764 ) ) REPRESENTATION_CONTEXT ( 'NONE', 'WORKASPACE' ) );
#2827 = ORIENTED_EDGE ( 'NONE', *, *, #5365, .F. ) ;
#2828 = DIRECTION ( 'NONE',  ( 0.000000000000000000, 0.000000000000000000, -1.000000000000000000 ) ) ;
#2829 = EDGE_CURVE ( 'NONE', #4784, #2124, #1720, .T. ) ;
#2830 = EDGE_CURVE ( 'NONE', #842, #5153, #3581, .T. ) ;
#2831 = PRESENTATION_LAYER_ASSIGNMENT (  '', '', ( #6176 ) ) ;
#2832 = PLANE ( 'NONE',  #5968 ) ;
#2833 = CARTESIAN_POINT ( 'NONE',  ( -1.198636379818660114, -1.466061860831830099, 0.000000000000000000 ) ) ;
#2834 = DIRECTION ( 'NONE',  ( 1.034811376647109888E-16, 4.973983416792000732E-21, 1.000000000000000000 ) ) ;
#2835 = DIRECTION ( 'NONE',  ( 1.000000000000000000, 0.000000000000000000, 0.000000000000000000 ) ) ;
#2836 = VECTOR ( 'NONE', #6399, 1000.000000000000000 ) ;
#2837 = EDGE_CURVE ( 'NONE', #5064, #3715, #2107, .T. ) ;
#2838 = ORIENTED_EDGE ( 'NONE', *, *, #2923, .F. ) ;
#2839 = CARTESIAN_POINT ( 'NONE',  ( -1.135441809735770136, 1.473734927972049968, 0.9360832168907079476 ) ) ;
#2840 = DIRECTION ( 'NONE',  ( -1.000000000000000000, -7.228014483236692611E-16, -0.000000000000000000 ) ) ;
#2841 = PRODUCT_DEFINITION_FORMATION_WITH_SPECIFIED_SOURCE ( 'ANY', '', #2160, .NOT_KNOWN. ) ;
#2842 = DIRECTION ( 'NONE',  ( 1.000000000000000000, 0.000000000000000000, 0.000000000000000000 ) ) ;
#2843 = ORIENTED_EDGE ( 'NONE', *, *, #2863, .F. ) ;
#2844 = ORIENTED_EDGE ( 'NONE', *, *, #5262, .F. ) ;
#2845 = DIRECTION ( 'NONE',  ( 0.000000000000000000, -1.000000000000000000, 0.000000000000000000 ) ) ;
#2846 = VERTEX_POINT ( 'NONE', #664 ) ;
#2847 = CARTESIAN_POINT ( 'NONE',  ( 2.950000000000000622, -0.5954946213070572147, 0.2000000000000000111 ) ) ;
#2848 = UNCERTAINTY_MEASURE_WITH_UNIT (LENGTH_MEASURE( 1.000000000000000082E-05 ), #5404, 'distance_accuracy_value', 'NONE');
#2849 = CARTESIAN_POINT ( 'NONE',  ( -1.198636379818660114, -1.466061860831830099, 0.000000000000000000 ) ) ;
#2850 = ORIENTED_EDGE ( 'NONE', *, *, #4635, .F. ) ;
#2851 = ORIENTED_EDGE ( 'NONE', *, *, #5418, .F. ) ;
#2852 = FACE_BOUND ( 'NONE', #811, .T. ) ;
#2853 = EDGE_CURVE ( 'NONE', #439, #451, #2653, .T. ) ;
#2854 = PLANE ( 'NONE',  #750 ) ;
#2855 = FILL_AREA_STYLE ('',( #3448 ) ) ;
#2856 = CARTESIAN_POINT ( 'NONE',  ( -2.330606684319190158, 1.388146906716230200, 1.670000000000000151 ) ) ;
#2857 = CARTESIAN_POINT ( 'NONE',  ( -8.266092888301050437E-17, -1.350000000000000089, 0.000000000000000000 ) ) ;
#2858 = ORIENTED_EDGE ( 'NONE', *, *, #3780, .T. ) ;
#2859 = ADVANCED_FACE ( 'NONE', ( #4566 ), #3705, .T. ) ;
#2860 = VECTOR ( 'NONE', #2209, 1000.000000000000000 ) ;
#2861 = SURFACE_STYLE_FILL_AREA ( #6322 ) ;
#2862 = SURFACE_SIDE_STYLE ('',( #3265 ) ) ;
#2863 = EDGE_CURVE ( 'NONE', #966, #5494, #4107, .T. ) ;
#2864 = ORIENTED_EDGE ( 'NONE', *, *, #3264, .T. ) ;
#2865 = CARTESIAN_POINT ( 'NONE',  ( 7.491525033727990091E-05, -1.558572814530669870, 0.9499004956727240545 ) ) ;
#2866 =( NAMED_UNIT ( * ) PLANE_ANGLE_UNIT ( ) SI_UNIT ( $, .RADIAN. ) );
#2867 = EDGE_CURVE ( 'NONE', #935, #1650, #4073, .T. ) ;
#2868 = AXIS2_PLACEMENT_3D ( 'NONE', #6007, #4406, #1455 ) ;
#2869 = DIRECTION ( 'NONE',  ( -1.000000000000000000, 0.000000000000000000, 0.000000000000000000 ) ) ;
#2870 = AXIS2_PLACEMENT_3D ( 'NONE', #3081, #136, #3184 ) ;
#2871 = ORIENTED_EDGE ( 'NONE', *, *, #5994, .T. ) ;
#2872 = SURFACE_STYLE_FILL_AREA ( #2202 ) ;
#2873 = ORIENTED_EDGE ( 'NONE', *, *, #4561, .T. ) ;
#2874 = SURFACE_STYLE_USAGE ( .BOTH. , #4835 ) ;
#2875 = ORIENTED_EDGE ( 'NONE', *, *, #861, .T. ) ;
#2876 = CARTESIAN_POINT ( 'NONE',  ( 0.000000000000000000, -1.732498726640149922, 1.670000000000000151 ) ) ;
#2877 = VECTOR ( 'NONE', #2698, 1000.000000000000000 ) ;
#2878 = SURFACE_SIDE_STYLE ('',( #4516 ) ) ;
#2879 = DIRECTION ( 'NONE',  ( -1.000000000000000000, 0.000000000000000000, 0.000000000000000000 ) ) ;
#2880 = DIRECTION ( 'NONE',  ( 0.000000000000000000, -1.000000000000000000, -4.973983416792000732E-21 ) ) ;
#2881 = PRESENTATION_LAYER_ASSIGNMENT (  '', '', ( #2584 ) ) ;
#2882 = ORIENTED_EDGE ( 'NONE', *, *, #1820, .T. ) ;
#2883 = VERTEX_POINT ( 'NONE', #2614 ) ;
#2884 = DIRECTION ( 'NONE',  ( 1.000000000000000000, 0.000000000000000000, 0.000000000000000000 ) ) ;
#2885 = CARTESIAN_POINT ( 'NONE',  ( -2.350000000000000089, 0.6045053786929398543, 0.000000000000000000 ) ) ;
#2886 = DIRECTION ( 'NONE',  ( 0.000000000000000000, 0.000000000000000000, 1.000000000000000000 ) ) ;
#2887 =( LENGTH_UNIT ( ) NAMED_UNIT ( * ) SI_UNIT ( .MILLI., .METRE. ) );
#2888 = EDGE_LOOP ( 'NONE', ( #2700, #1313, #3860, #2851 ) ) ;
#2889 = AXIS2_PLACEMENT_3D ( 'NONE', #1585, #97, #6066 ) ;
#2890 = PRESENTATION_LAYER_ASSIGNMENT (  '', '', ( #407 ) ) ;
#2891 = PRESENTATION_LAYER_ASSIGNMENT (  '', '', ( #2097 ) ) ;
#2892 = CARTESIAN_POINT ( 'NONE',  ( 1.922816040256440040, -1.551945271034630203, 1.524958015046800064 ) ) ;
#2893 = ORIENTED_EDGE ( 'NONE', *, *, #3743, .T. ) ;
#2894 = CARTESIAN_POINT ( 'NONE',  ( 1.135441809735770136, 1.517608363321570009, 1.892038733626690172 ) ) ;
#2895 = CARTESIAN_POINT ( 'NONE',  ( 2.950000000000000622, 1.104505378692939743, 0.2000000000000000111 ) ) ;
#2896 =( LENGTH_UNIT ( ) NAMED_UNIT ( * ) SI_UNIT ( .MILLI., .METRE. ) );
#2897 = VECTOR ( 'NONE', #575, 1000.000000000000000 ) ;
#2898 = ADVANCED_FACE ( 'NONE', ( #6132 ), #4608, .F. ) ;
#2899 = ORIENTED_EDGE ( 'NONE', *, *, #365, .T. ) ;
#2900 = FACE_OUTER_BOUND ( 'NONE', #3055, .T. ) ;
#2901 = FILL_AREA_STYLE ('',( #1514 ) ) ;
#2902 = ORIENTED_EDGE ( 'NONE', *, *, #1379, .T. ) ;
#2903 = MECHANICAL_DESIGN_GEOMETRIC_PRESENTATION_REPRESENTATION (  '', ( #6253 ), #114 ) ;
#2904 = STYLED_ITEM ( 'NONE', ( #4571 ), #442 ) ;
#2905 = DIRECTION ( 'NONE',  ( -0.7061093399216813449, -0.7081028174462854485, 0.000000000000000000 ) ) ;
#2906 = SURFACE_STYLE_USAGE ( .BOTH. , #1899 ) ;
#2907 = VECTOR ( 'NONE', #5363, 1000.000000000000000 ) ;
#2908 = SURFACE_SIDE_STYLE ('',( #1448 ) ) ;
#2909 = DIRECTION ( 'NONE',  ( 0.000000000000000000, 1.000000000000000000, 0.000000000000000000 ) ) ;
#2910 = ORIENTED_EDGE ( 'NONE', *, *, #3344, .F. ) ;
#2911 = ORIENTED_EDGE ( 'NONE', *, *, #4719, .T. ) ;
#2912 =( LENGTH_UNIT ( ) NAMED_UNIT ( * ) SI_UNIT ( .MILLI., .METRE. ) );
#2913 = SURFACE_STYLE_USAGE ( .BOTH. , #6346 ) ;
#2914 = DIRECTION ( 'NONE',  ( 0.000000000000000000, 0.000000000000000000, -1.000000000000000000 ) ) ;
#2915 = SURFACE_SIDE_STYLE ('',( #6418 ) ) ;
#2916 = LINE ( 'NONE', #3409, #6060 ) ;
#2917 = CYLINDRICAL_SURFACE ( 'NONE', #3188, 0.1805055907248848679 ) ;
#2918 = VECTOR ( 'NONE', #4944, 1000.000000000000000 ) ;
#2919 = PLANE ( 'NONE',  #3319 ) ;
#2920 = PRESENTATION_LAYER_ASSIGNMENT (  '', '', ( #5757 ) ) ;
#2921 = VERTEX_POINT ( 'NONE', #2795 ) ;
#2922 = EDGE_LOOP ( 'NONE', ( #2843, #3925, #5482, #5256 ) ) ;
#2923 = EDGE_CURVE ( 'NONE', #3170, #80, #4270, .T. ) ;
#2924 = MECHANICAL_DESIGN_GEOMETRIC_PRESENTATION_REPRESENTATION (  '', ( #2527 ), #4911 ) ;
#2925 = ORIENTED_EDGE ( 'NONE', *, *, #2790, .F. ) ;
#2926 = DIRECTION ( 'NONE',  ( -0.9999999988448025068, -4.806657061659141619E-05, 1.034811377842530475E-16 ) ) ;
#2927 = CARTESIAN_POINT ( 'NONE',  ( 2.214855333278670013, 1.475072618217709852, 0.9360832168907079476 ) ) ;
#2928 = STYLED_ITEM ( 'NONE', ( #5997 ), #5753 ) ;
#2929 = CARTESIAN_POINT ( 'NONE',  ( -1.135441809735770136, 1.473734927972049968, 0.9360832168907079476 ) ) ;
#2930 = VECTOR ( 'NONE', #4338, 999.9999999999998863 ) ;
#2931 = SURFACE_STYLE_USAGE ( .BOTH. , #1955 ) ;
#2932 = ORIENTED_EDGE ( 'NONE', *, *, #2025, .F. ) ;
#2933 = CARTESIAN_POINT ( 'NONE',  ( -2.350000000000000089, -0.5954946213070572147, 0.000000000000000000 ) ) ;
#2934 = EDGE_CURVE ( 'NONE', #761, #1113, #2378, .T. ) ;
#2935 = LINE ( 'NONE', #470, #1385 ) ;
#2936 = ORIENTED_EDGE ( 'NONE', *, *, #4199, .T. ) ;
#2937 = CARTESIAN_POINT ( 'NONE',  ( 1.187565630244470150, -1.750000000000000000, 0.9499004956727240545 ) ) ;
#2938 = EDGE_CURVE ( 'NONE', #1741, #639, #325, .T. ) ;
#2939 = CARTESIAN_POINT ( 'NONE',  ( 2.950000000000000622, -0.5954946213070572147, 0.2000000000000000111 ) ) ;
#2940 = ADVANCED_FACE ( 'NONE', ( #2852, #822 ), #1866, .F. ) ;
#2941 = ORIENTED_EDGE ( 'NONE', *, *, #2387, .F. ) ;
#2942 = ORIENTED_EDGE ( 'NONE', *, *, #4430, .F. ) ;
#2943 = ADVANCED_FACE ( 'NONE', ( #5307 ), #3822, .T. ) ;
#2944 = DIRECTION ( 'NONE',  ( -1.000000000000000000, -0.000000000000000000, -0.000000000000000000 ) ) ;
#2945 = SURFACE_STYLE_USAGE ( .BOTH. , #2915 ) ;
#2946 = DIRECTION ( 'NONE',  ( 0.000000000000000000, 0.000000000000000000, -1.000000000000000000 ) ) ;
#2947 = DIRECTION ( 'NONE',  ( 0.000000000000000000, 1.000000000000000000, 0.000000000000000000 ) ) ;
#2948 =( NAMED_UNIT ( * ) SI_UNIT ( $, .STERADIAN. ) SOLID_ANGLE_UNIT ( ) );
#2949 = SURFACE_STYLE_USAGE ( .BOTH. , #558 ) ;
#2950 = VERTEX_POINT ( 'NONE', #2470 ) ;
#2951 = ORIENTED_EDGE ( 'NONE', *, *, #46, .F. ) ;
#2952 = CARTESIAN_POINT ( 'NONE',  ( -1.922816040256440040, -1.551945271034630203, 1.670000000000000151 ) ) ;
#2953 = DIRECTION ( 'NONE',  ( 1.000000000000000000, 0.000000000000000000, 0.000000000000000000 ) ) ;
#2954 = CARTESIAN_POINT ( 'NONE',  ( -0.4651759520920960012, -0.6968490896672400181, 1.524958015046800064 ) ) ;
#2955 = ORIENTED_EDGE ( 'NONE', *, *, #4272, .T. ) ;
#2956 = DIRECTION ( 'NONE',  ( -1.000000000000000000, 0.000000000000000000, 0.000000000000000000 ) ) ;
#2957 = DIRECTION ( 'NONE',  ( 0.000000000000000000, 0.000000000000000000, -1.000000000000000000 ) ) ;
#2958 = FACE_BOUND ( 'NONE', #2173, .T. ) ;
#2959 = ORIENTED_EDGE ( 'NONE', *, *, #5715, .F. ) ;
#2960 = LINE ( 'NONE', #3810, #2277 ) ;
#2961 = DIRECTION ( 'NONE',  ( 0.000000000000000000, 0.000000000000000000, -1.000000000000000000 ) ) ;
#2962 = AXIS2_PLACEMENT_3D ( 'NONE', #3776, #3289, #2805 ) ;
#2963 = ORIENTED_EDGE ( 'NONE', *, *, #569, .F. ) ;
#2964 = CARTESIAN_POINT ( 'NONE',  ( -1.187565630244470150, -2.286241185967940126, 0.9499004956727240545 ) ) ;
#2965 = ADVANCED_FACE ( 'NONE', ( #4964 ), #62, .F. ) ;
#2966 = VECTOR ( 'NONE', #3130, 1000.000000000000000 ) ;
#2967 = ORIENTED_EDGE ( 'NONE', *, *, #5948, .T. ) ;
#2968 = LINE ( 'NONE', #5355, #2134 ) ;
#2969 = EDGE_CURVE ( 'NONE', #1140, #4989, #1015, .T. ) ;
#2970 = LINE ( 'NONE', #1964, #1862 ) ;
#2971 = CARTESIAN_POINT ( 'NONE',  ( 1.244408477699840088, -1.732498726640149922, 0.9499004956727240545 ) ) ;
#2972 = ORIENTED_EDGE ( 'NONE', *, *, #1374, .F. ) ;
#2973 = VERTEX_POINT ( 'NONE', #452 ) ;
#2974 = LINE ( 'NONE', #3861, #5389 ) ;
#2975 = DIRECTION ( 'NONE',  ( 1.000000000000000000, 0.000000000000000000, 0.000000000000000000 ) ) ;
#2976 = CIRCLE ( 'NONE', #3919, 0.2018258699228369923 ) ;
#2977 = FACE_OUTER_BOUND ( 'NONE', #3537, .T. ) ;
#2978 =( LENGTH_UNIT ( ) NAMED_UNIT ( * ) SI_UNIT ( .MILLI., .METRE. ) );
#2979 = DIRECTION ( 'NONE',  ( 0.000000000000000000, -1.000000000000000000, 0.000000000000000000 ) ) ;
#2980 = EDGE_CURVE ( 'NONE', #1652, #608, #3962, .T. ) ;
#2981 = DIRECTION ( 'NONE',  ( -1.000000000000000000, 0.000000000000000000, 0.000000000000000000 ) ) ;
#2982 = PLANE ( 'NONE',  #3004 ) ;
#2983 = CARTESIAN_POINT ( 'NONE',  ( -2.950000000000000178, -0.5954946213070567707, 0.2000000000000000111 ) ) ;
#2984 = CARTESIAN_POINT ( 'NONE',  ( 0.3018065944804311229, 1.350000000000000089, -0.5159459123212694065 ) ) ;
#2985 = ORIENTED_EDGE ( 'NONE', *, *, #2717, .F. ) ;
#2986 = VECTOR ( 'NONE', #2027, 1000.000000000000000 ) ;
#2987 = EDGE_CURVE ( 'NONE', #38, #1563, #2974, .T. ) ;
#2988 = ORIENTED_EDGE ( 'NONE', *, *, #901, .F. ) ;
#2989 = DIRECTION ( 'NONE',  ( 0.000000000000000000, 1.000000000000000000, 0.000000000000000000 ) ) ;
#2990 = SURFACE_STYLE_USAGE ( .BOTH. , #2018 ) ;
#2991 = VECTOR ( 'NONE', #3084, 1000.000000000000000 ) ;
#2992 = VERTEX_POINT ( 'NONE', #5868 ) ;
#2993 = CARTESIAN_POINT ( 'NONE',  ( -2.350000000000000089, -0.5954946213070572147, 0.2000000000000000111 ) ) ;
#2994 = LINE ( 'NONE', #44, #541 ) ;
#2995 = CARTESIAN_POINT ( 'NONE',  ( -0.4502168081889539875, 0.7272569623863829325, 1.524958015046800064 ) ) ;
#2996 = VECTOR ( 'NONE', #4335, 1000.000000000000000 ) ;
#2997 =( NAMED_UNIT ( * ) PLANE_ANGLE_UNIT ( ) SI_UNIT ( $, .RADIAN. ) );
#2998 = SURFACE_SIDE_STYLE ('',( #1032 ) ) ;
#2999 = ORIENTED_EDGE ( 'NONE', *, *, #1815, .F. ) ;
#3000 =( GEOMETRIC_REPRESENTATION_CONTEXT ( 3 ) GLOBAL_UNCERTAINTY_ASSIGNED_CONTEXT ( ( #3763 ) ) GLOBAL_UNIT_ASSIGNED_CONTEXT ( ( #1381, #5772, #1805 ) ) REPRESENTATION_CONTEXT ( 'NONE', 'WORKASPACE' ) );
#3001 = ORIENTED_EDGE ( 'NONE', *, *, #704, .T. ) ;
#3002 = DIRECTION ( 'NONE',  ( 0.9999999988448023958, 4.806657061659141619E-05, -1.195825008555001137E-15 ) ) ;
#3003 = EDGE_CURVE ( 'NONE', #842, #3200, #2416, .T. ) ;
#3004 = AXIS2_PLACEMENT_3D ( 'NONE', #4003, #4461, #2886 ) ;
#3005 = PRESENTATION_LAYER_ASSIGNMENT (  '', '', ( #4881 ) ) ;
#3006 = DIRECTION ( 'NONE',  ( 0.000000000000000000, 0.000000000000000000, -1.000000000000000000 ) ) ;
#3007 = AXIS2_PLACEMENT_3D ( 'NONE', #518, #1056, #3017 ) ;
#3008 = VERTEX_POINT ( 'NONE', #2038 ) ;
#3009 = COLOUR_RGB ( '',0.2000000000000000111, 0.2000000000000000111, 0.2000000000000000111 ) ;
#3010 = ORIENTED_EDGE ( 'NONE', *, *, #200, .T. ) ;
#3011 = PRESENTATION_STYLE_ASSIGNMENT (( #1938 ) ) ;
#3012 =( GEOMETRIC_REPRESENTATION_CONTEXT ( 3 ) GLOBAL_UNCERTAINTY_ASSIGNED_CONTEXT ( ( #5283 ) ) GLOBAL_UNIT_ASSIGNED_CONTEXT ( ( #4390, #4927, #1890 ) ) REPRESENTATION_CONTEXT ( 'NONE', 'WORKASPACE' ) );
#3013 = COLOUR_RGB ( '',0.2000000000000000111, 0.2000000000000000111, 0.2000000000000000111 ) ;
#3014 = CLOSED_SHELL ( 'NONE', ( #1456, #2785, #5455, #5023, #83, #2965 ) ) ;
#3015 = CARTESIAN_POINT ( 'NONE',  ( 1.742310449531560002, -1.732450861759520011, 1.573093652385120222 ) ) ;
#3016 = PLANE ( 'NONE',  #1553 ) ;
#3017 = DIRECTION ( 'NONE',  ( 0.000000000000000000, -1.000000000000000000, 0.000000000000000000 ) ) ;
#3018 = CARTESIAN_POINT ( 'NONE',  ( 1.774318189909330101, -1.639330840868030048, 1.524958015046800064 ) ) ;
#3019 = ADVANCED_FACE ( 'NONE', ( #4400 ), #2293, .T. ) ;
#3020 =( NAMED_UNIT ( * ) PLANE_ANGLE_UNIT ( ) SI_UNIT ( $, .RADIAN. ) );
#3021 = ORIENTED_EDGE ( 'NONE', *, *, #4515, .F. ) ;
#3022 =( GEOMETRIC_REPRESENTATION_CONTEXT ( 3 ) GLOBAL_UNCERTAINTY_ASSIGNED_CONTEXT ( ( #4189 ) ) GLOBAL_UNIT_ASSIGNED_CONTEXT ( ( #1670, #1700, #4650 ) ) REPRESENTATION_CONTEXT ( 'NONE', 'WORKASPACE' ) );
#3023 = ADVANCED_FACE ( 'NONE', ( #5172 ), #3633, .T. ) ;
#3024 = DIRECTION ( 'NONE',  ( -1.000000000000000000, 0.000000000000000000, 0.000000000000000000 ) ) ;
#3025 = VECTOR ( 'NONE', #6095, 1000.000000000000000 ) ;
#3026 = ORIENTED_EDGE ( 'NONE', *, *, #2324, .T. ) ;
#3027 = ADVANCED_FACE ( 'NONE', ( #1197 ), #3540, .T. ) ;
#3028 = DIRECTION ( 'NONE',  ( 0.000000000000000000, 0.000000000000000000, -1.000000000000000000 ) ) ;
#3029 = STYLED_ITEM ( 'NONE', ( #5413 ), #6115 ) ;
#3030 = FILL_AREA_STYLE ('',( #1573 ) ) ;
#3031 = ORIENTED_EDGE ( 'NONE', *, *, #648, .F. ) ;
#3032 = VERTEX_POINT ( 'NONE', #2100 ) ;
#3033 = DIRECTION ( 'NONE',  ( 0.000000000000000000, 0.000000000000000000, -1.000000000000000000 ) ) ;
#3034 = DIRECTION ( 'NONE',  ( 0.000000000000000000, 0.000000000000000000, -1.000000000000000000 ) ) ;
#3035 = DIRECTION ( 'NONE',  ( 0.000000000000000000, 1.000000000000000000, 0.000000000000000000 ) ) ;
#3036 = DIRECTION ( 'NONE',  ( 0.000000000000000000, 0.000000000000000000, 1.000000000000000000 ) ) ;
#3037 = ORIENTED_EDGE ( 'NONE', *, *, #2720, .F. ) ;
#3038 = DIRECTION ( 'NONE',  ( -1.000000000000000000, 0.000000000000000000, 0.000000000000000000 ) ) ;
#3039 = FILL_AREA_STYLE ('',( #3920 ) ) ;
#3040 =( GEOMETRIC_REPRESENTATION_CONTEXT ( 3 ) GLOBAL_UNCERTAINTY_ASSIGNED_CONTEXT ( ( #3331 ) ) GLOBAL_UNIT_ASSIGNED_CONTEXT ( ( #2492, #4479, #3690 ) ) REPRESENTATION_CONTEXT ( 'NONE', 'WORKASPACE' ) );
#3041 = DIRECTION ( 'NONE',  ( -6.123031769111888756E-17, -1.000000000000000000, 0.000000000000000000 ) ) ;
#3042 = ORIENTED_EDGE ( 'NONE', *, *, #5056, .F. ) ;
#3043 = ORIENTED_EDGE ( 'NONE', *, *, #6113, .T. ) ;
#3044 = PLANE ( 'NONE',  #2889 ) ;
#3045 = CARTESIAN_POINT ( 'NONE',  ( 1.772510222112170020, -1.632498726640150055, 1.670000000000000151 ) ) ;
#3046 = FILL_AREA_STYLE_COLOUR ( '', #4999 ) ;
#3047 = DIRECTION ( 'NONE',  ( 0.000000000000000000, 0.000000000000000000, 1.000000000000000000 ) ) ;
#3048 = CARTESIAN_POINT ( 'NONE',  ( 2.950000000000000622, 0.6045053786929398543, 0.000000000000000000 ) ) ;
#3049 =( NAMED_UNIT ( * ) PLANE_ANGLE_UNIT ( ) SI_UNIT ( $, .RADIAN. ) );
#3050 = LINE ( 'NONE', #5758, #1846 ) ;
#3051 = CARTESIAN_POINT ( 'NONE',  ( 2.950000000000000622, -0.5954946213070572147, 0.000000000000000000 ) ) ;
#3052 = DIRECTION ( 'NONE',  ( 1.000000000000000000, 0.000000000000000000, 0.000000000000000000 ) ) ;
#3053 = VERTEX_POINT ( 'NONE', #162 ) ;
#3054 = EDGE_CURVE ( 'NONE', #1238, #5696, #400, .T. ) ;
#3055 = EDGE_LOOP ( 'NONE', ( #4955, #2932, #4747, #104 ) ) ;
#3056 = PRESENTATION_STYLE_ASSIGNMENT (( #6137 ) ) ;
#3057 = CARTESIAN_POINT ( 'NONE',  ( -1.244408477699840088, -1.558656565019939988, 1.524958015046800064 ) ) ;
#3058 = CARTESIAN_POINT ( 'NONE',  ( -1.244408477699840088, -1.732498726640149922, 0.9499004956727240545 ) ) ;
#3059 = EDGE_LOOP ( 'NONE', ( #285, #191, #6375, #6190 ) ) ;
#3060 = FILL_AREA_STYLE ('',( #3132 ) ) ;
#3061 = ADVANCED_FACE ( 'NONE', ( #2701 ), #5536, .F. ) ;
#3062 = CARTESIAN_POINT ( 'NONE',  ( -0.7025842957044551307, -1.614001858628919983, 1.670000000000000151 ) ) ;
#3063 = UNCERTAINTY_MEASURE_WITH_UNIT (LENGTH_MEASURE( 1.000000000000000082E-05 ), #3731, 'distance_accuracy_value', 'NONE');
#3064 = EDGE_CURVE ( 'NONE', #5381, #509, #190, .T. ) ;
#3065 = PRESENTATION_STYLE_ASSIGNMENT (( #3948 ) ) ;
#3066 = ORIENTED_EDGE ( 'NONE', *, *, #2593, .T. ) ;
#3067 = ORIENTED_EDGE ( 'NONE', *, *, #6300, .F. ) ;
#3068 = LINE ( 'NONE', #1034, #2986 ) ;
#3069 = DIRECTION ( 'NONE',  ( 0.000000000000000000, 0.000000000000000000, 1.000000000000000000 ) ) ;
#3070 = CARTESIAN_POINT ( 'NONE',  ( 1.244408477699840088, -1.732498726640149922, 1.670000000000000151 ) ) ;
#3071 = LINE ( 'NONE', #6057, #1067 ) ;
#3072 = VERTEX_POINT ( 'NONE', #3671 ) ;
#3073 = DIRECTION ( 'NONE',  ( 4.806657061659141619E-05, -0.9999999988448025068, 0.000000000000000000 ) ) ;
#3074 = DIRECTION ( 'NONE',  ( 0.000000000000000000, 0.000000000000000000, -1.000000000000000000 ) ) ;
#3075 = VERTEX_POINT ( 'NONE', #5670 ) ;
#3076 = ORIENTED_EDGE ( 'NONE', *, *, #4235, .F. ) ;
#3077 = DIRECTION ( 'NONE',  ( 0.000000000000000000, 0.000000000000000000, -1.000000000000000000 ) ) ;
#3078 = EDGE_LOOP ( 'NONE', ( #4361, #3888, #3136, #6145 ) ) ;
#3079 =( NAMED_UNIT ( * ) SI_UNIT ( $, .STERADIAN. ) SOLID_ANGLE_UNIT ( ) );
#3080 = VECTOR ( 'NONE', #5780, 1000.000000000000000 ) ;
#3081 = CARTESIAN_POINT ( 'NONE',  ( 8.266092888301050437E-17, 1.350000000000000089, -0.5159459123212694065 ) ) ;
#3082 = AXIS2_PLACEMENT_3D ( 'NONE', #1546, #4360, #881 ) ;
#3083 = CARTESIAN_POINT ( 'NONE',  ( 1.742310449531560002, -1.732498726640149922, 1.670000000000000151 ) ) ;
#3084 = DIRECTION ( 'NONE',  ( 0.000000000000000000, 1.000000000000000000, 0.000000000000000000 ) ) ;
#3085 = LINE ( 'NONE', #2616, #4575 ) ;
#3086 = EDGE_LOOP ( 'NONE', ( #1218, #4574, #189, #4863 ) ) ;
#3087 = VECTOR ( 'NONE', #5668, 1000.000000000000000 ) ;
#3088 = ORIENTED_EDGE ( 'NONE', *, *, #1412, .T. ) ;
#3089 = CARTESIAN_POINT ( 'NONE',  ( 1.135441809735770136, 1.657498726640149966, 1.670000000000000151 ) ) ;
#3090 = CARTESIAN_POINT ( 'NONE',  ( -8.266092888301050437E-17, -1.350000000000000089, -0.5159459123212694065 ) ) ;
#3091 = VERTEX_POINT ( 'NONE', #1651 ) ;
#3092 =( NAMED_UNIT ( * ) SI_UNIT ( $, .STERADIAN. ) SOLID_ANGLE_UNIT ( ) );
#3093 = COLOUR_RGB ( '',0.6980392156862744724, 0.6980392156862744724, 0.6980392156862744724 ) ;
#3094 = CARTESIAN_POINT ( 'NONE',  ( 2.330606684319190158, 1.388146906716230200, 1.670000000000000151 ) ) ;
#3095 = ADVANCED_FACE ( 'NONE', ( #5107 ), #3044, .F. ) ;
#3096 = VECTOR ( 'NONE', #511, 1000.000000000000000 ) ;
#3097 = ORIENTED_EDGE ( 'NONE', *, *, #126, .T. ) ;
#3098 =( LENGTH_UNIT ( ) NAMED_UNIT ( * ) SI_UNIT ( .MILLI., .METRE. ) );
#3099 = ORIENTED_EDGE ( 'NONE', *, *, #1345, .T. ) ;
#3100 = ORIENTED_EDGE ( 'NONE', *, *, #483, .F. ) ;
#3101 = SURFACE_SIDE_STYLE ('',( #1151 ) ) ;
#3102 = DIRECTION ( 'NONE',  ( 0.000000000000000000, 1.000000000000000000, 0.000000000000000000 ) ) ;
#3103 = FACE_OUTER_BOUND ( 'NONE', #1849, .T. ) ;
#3104 = ORIENTED_EDGE ( 'NONE', *, *, #4397, .F. ) ;
#3105 = MECHANICAL_DESIGN_GEOMETRIC_PRESENTATION_REPRESENTATION (  '', ( #4259 ), #1783 ) ;
#3106 = MECHANICAL_DESIGN_GEOMETRIC_PRESENTATION_REPRESENTATION (  '', ( #3824 ), #4686 ) ;
#3107 = EDGE_CURVE ( 'NONE', #4946, #2314, #3575, .T. ) ;
#3108 = PLANE ( 'NONE',  #5951 ) ;
#3109 = PRESENTATION_LAYER_ASSIGNMENT (  '', '', ( #3318 ) ) ;
#3110 =( LENGTH_UNIT ( ) NAMED_UNIT ( * ) SI_UNIT ( .MILLI., .METRE. ) );
#3111 =( NAMED_UNIT ( * ) PLANE_ANGLE_UNIT ( ) SI_UNIT ( $, .RADIAN. ) );
#3112 = ORIENTED_EDGE ( 'NONE', *, *, #848, .F. ) ;
#3113 = ORIENTED_EDGE ( 'NONE', *, *, #4394, .T. ) ;
#3114 =( NAMED_UNIT ( * ) SI_UNIT ( $, .STERADIAN. ) SOLID_ANGLE_UNIT ( ) );
#3115 = ORIENTED_EDGE ( 'NONE', *, *, #2070, .T. ) ;
#3116 = SURFACE_STYLE_FILL_AREA ( #1551 ) ;
#3117 = ADVANCED_FACE ( 'NONE', ( #5072 ), #1897, .T. ) ;
#3118 = AXIS2_PLACEMENT_3D ( 'NONE', #4802, #4322, #3934 ) ;
#3119 = VECTOR ( 'NONE', #2477, 999.9999999999998863 ) ;
#3120 = DIRECTION ( 'NONE',  ( -1.000000000000000000, 0.000000000000000000, 0.000000000000000000 ) ) ;
#3121 = DIRECTION ( 'NONE',  ( 1.000000000000000000, 0.000000000000000000, 0.000000000000000000 ) ) ;
#3122 = CARTESIAN_POINT ( 'NONE',  ( 1.198636379818660114, -1.466061860831830099, 0.000000000000000000 ) ) ;
#3123 = DIRECTION ( 'NONE',  ( 0.000000000000000000, 0.000000000000000000, 1.000000000000000000 ) ) ;
#3124 = PLANE ( 'NONE',  #1681 ) ;
#3125 = ORIENTED_EDGE ( 'NONE', *, *, #4755, .F. ) ;
#3126 = AXIS2_PLACEMENT_3D ( 'NONE', #1565, #2518, #6359 ) ;
#3127 = SURFACE_STYLE_FILL_AREA ( #5084 ) ;
#3128 =( LENGTH_UNIT ( ) NAMED_UNIT ( * ) SI_UNIT ( .MILLI., .METRE. ) );
#3129 = COLOUR_RGB ( '',0.2000000000000000111, 0.2000000000000000111, 0.2000000000000000111 ) ;
#3130 = DIRECTION ( 'NONE',  ( 0.000000000000000000, 0.000000000000000000, 1.000000000000000000 ) ) ;
#3131 = ORIENTED_EDGE ( 'NONE', *, *, #2255, .T. ) ;
#3132 = FILL_AREA_STYLE_COLOUR ( '', #5438 ) ;
#3133 = EDGE_CURVE ( 'NONE', #5275, #403, #5821, .T. ) ;
#3134 = MECHANICAL_DESIGN_GEOMETRIC_PRESENTATION_REPRESENTATION (  '', ( #5223 ), #1075 ) ;
#3135 = DIRECTION ( 'NONE',  ( -3.124171273918740215E-16, 1.000000000000000000, 0.000000000000000000 ) ) ;
#3136 = ORIENTED_EDGE ( 'NONE', *, *, #3376, .F. ) ;
#3137 = ORIENTED_EDGE ( 'NONE', *, *, #4977, .T. ) ;
#3138 = DIRECTION ( 'NONE',  ( 0.000000000000000000, 0.000000000000000000, 1.000000000000000000 ) ) ;
#3139 = SURFACE_STYLE_USAGE ( .BOTH. , #5259 ) ;
#3140 = SURFACE_SIDE_STYLE ('',( #2530 ) ) ;
#3141 = LINE ( 'NONE', #644, #4797 ) ;
#3142 = ORIENTED_EDGE ( 'NONE', *, *, #1203, .T. ) ;
#3143 = COLOUR_RGB ( '',0.6980392156862744724, 0.6980392156862744724, 0.6980392156862744724 ) ;
#3144 = FACE_OUTER_BOUND ( 'NONE', #1781, .T. ) ;
#3145 = EDGE_CURVE ( 'NONE', #2631, #5275, #1771, .T. ) ;
#3146 = VECTOR ( 'NONE', #5624, 1000.000000000000000 ) ;
#3147 = ORIENTED_EDGE ( 'NONE', *, *, #1412, .F. ) ;
#3148 = EDGE_LOOP ( 'NONE', ( #6023, #3602, #6027, #1981 ) ) ;
#3149 = EDGE_CURVE ( 'NONE', #2549, #2950, #3696, .T. ) ;
#3150 = EDGE_LOOP ( 'NONE', ( #6381, #726, #5914, #2858 ) ) ;
#3151 =( LENGTH_UNIT ( ) NAMED_UNIT ( * ) SI_UNIT ( .MILLI., .METRE. ) );
#3152 = AXIS2_PLACEMENT_3D ( 'NONE', #2115, #2659, #6111 ) ;
#3153 = EDGE_CURVE ( 'NONE', #6024, #3583, #3212, .T. ) ;
#3154 = FILL_AREA_STYLE ('',( #1201 ) ) ;
#3155 = CARTESIAN_POINT ( 'NONE',  ( 0.3018065944804311229, 1.350000000000000089, 0.000000000000000000 ) ) ;
#3156 = CARTESIAN_POINT ( 'NONE',  ( -0.7025842957044551307, -1.614001858628919983, 1.524958015046800064 ) ) ;
#3157 = ADVANCED_FACE ( 'NONE', ( #1832 ), #810, .T. ) ;
#3158 = VECTOR ( 'NONE', #3102, 1000.000000000000000 ) ;
#3159 = CARTESIAN_POINT ( 'NONE',  ( 2.166808320000790378, -1.388146906716230200, 1.670000000000000151 ) ) ;
#3160 = EDGE_LOOP ( 'NONE', ( #3664, #1079, #5574, #184, #3221, #5771, #1705, #936 ) ) ;
#3161 = ADVANCED_BREP_SHAPE_REPRESENTATION ( 'PTCF-V-T-R', ( #1074, #3206, #5353, #1060, #3195, #3874 ), #3040 ) ;
#3162 = SURFACE_STYLE_USAGE ( .BOTH. , #5651 ) ;
#3163 = DIRECTION ( 'NONE',  ( 1.000000000000000000, 0.000000000000000000, 0.000000000000000000 ) ) ;
#3164 = ORIENTED_EDGE ( 'NONE', *, *, #3981, .F. ) ;
#3165 = DIRECTION ( 'NONE',  ( 0.000000000000000000, 2.187487421391570106E-16, -1.000000000000000000 ) ) ;
#3166 = PLANE ( 'NONE',  #208 ) ;
#3167 = ORIENTED_EDGE ( 'NONE', *, *, #1736, .F. ) ;
#3168 = SURFACE_SIDE_STYLE ('',( #1182 ) ) ;
#3169 = DIRECTION ( 'NONE',  ( 7.228014483236693597E-16, -1.000000000000000000, 0.000000000000000000 ) ) ;
#3170 = VERTEX_POINT ( 'NONE', #2820 ) ;
#3171 = CARTESIAN_POINT ( 'NONE',  ( 2.166808320000790378, -1.551945271034630203, 1.670000000000000151 ) ) ;
#3172 = CARTESIAN_POINT ( 'NONE',  ( -0.4502168081889539875, 0.7272569623863829325, 1.670000000000000151 ) ) ;
#3173 = ORIENTED_EDGE ( 'NONE', *, *, #249, .T. ) ;
#3174 = LINE ( 'NONE', #2639, #1076 ) ;
#3175 = CARTESIAN_POINT ( 'NONE',  ( 1.194532035297049877, 1.517608363321570009, 1.524958015046800064 ) ) ;
#3176 = ORIENTED_EDGE ( 'NONE', *, *, #5418, .T. ) ;
#3177 = DIRECTION ( 'NONE',  ( 0.000000000000000000, 0.000000000000000000, 1.000000000000000000 ) ) ;
#3178 = ORIENTED_EDGE ( 'NONE', *, *, #5128, .T. ) ;
#3179 = CARTESIAN_POINT ( 'NONE',  ( -0.4647840932999509622, 0.7115629572946600145, 1.524958015046800064 ) ) ;
#3180 = EDGE_CURVE ( 'NONE', #3917, #5845, #6284, .T. ) ;
#3181 = VECTOR ( 'NONE', #4945, 1000.000000000000000 ) ;
#3182 = EDGE_CURVE ( 'NONE', #571, #2301, #4996, .T. ) ;
#3183 = DIRECTION ( 'NONE',  ( 1.000000000000000000, 0.000000000000000000, 0.000000000000000000 ) ) ;
#3184 = DIRECTION ( 'NONE',  ( 1.000000000000000000, 0.000000000000000000, 0.000000000000000000 ) ) ;
#3185 = CARTESIAN_POINT ( 'NONE',  ( 0.000000000000000000, 1.732498726640149922, 1.670000000000000151 ) ) ;
#3186 = CARTESIAN_POINT ( 'NONE',  ( -1.244408477699840088, -1.731509940961710070, 1.524958015046800064 ) ) ;
#3187 =( LENGTH_UNIT ( ) NAMED_UNIT ( * ) SI_UNIT ( .MILLI., .METRE. ) );
#3188 = AXIS2_PLACEMENT_3D ( 'NONE', #3450, #4971, #1912 ) ;
#3189 = EDGE_CURVE ( 'NONE', #3200, #4817, #3760, .T. ) ;
#3190 = EDGE_CURVE ( 'NONE', #509, #20, #2283, .T. ) ;
#3191 = MECHANICAL_DESIGN_GEOMETRIC_PRESENTATION_REPRESENTATION (  '', ( #2366 ), #3611 ) ;
#3192 = SURFACE_SIDE_STYLE ('',( #4310 ) ) ;
#3193 = CARTESIAN_POINT ( 'NONE',  ( 1.187565630244470150, -2.286241185967940126, 0.9499004956727240545 ) ) ;
#3194 = ORIENTED_EDGE ( 'NONE', *, *, #1820, .F. ) ;
#3195 = MANIFOLD_SOLID_BREP ( 'Boss-Extrude2', #1900 ) ;
#3196 = VECTOR ( 'NONE', #2734, 1000.000000000000000 ) ;
#3197 = UNCERTAINTY_MEASURE_WITH_UNIT (LENGTH_MEASURE( 1.000000000000000082E-05 ), #984, 'distance_accuracy_value', 'NONE');
#3198 = FACE_OUTER_BOUND ( 'NONE', #1037, .T. ) ;
#3199 = VECTOR ( 'NONE', #1702, 1000.000000000000000 ) ;
#3200 = VERTEX_POINT ( 'NONE', #5957 ) ;
#3201 = DIRECTION ( 'NONE',  ( 1.000000000000000000, 0.000000000000000000, 0.000000000000000000 ) ) ;
#3202 = LINE ( 'NONE', #179, #6269 ) ;
#3203 = DIRECTION ( 'NONE',  ( 0.000000000000000000, 0.000000000000000000, 1.000000000000000000 ) ) ;
#3204 = CARTESIAN_POINT ( 'NONE',  ( 2.166808320000790378, -1.551945271034630203, 1.524958015046800064 ) ) ;
#3205 = ORIENTED_EDGE ( 'NONE', *, *, #3339, .T. ) ;
#3206 = MANIFOLD_SOLID_BREP ( 'Boss-Extrude1[2]', #427 ) ;
#3207 = STYLED_ITEM ( 'NONE', ( #3282 ), #2898 ) ;
#3208 = PRESENTATION_STYLE_ASSIGNMENT (( #3599 ) ) ;
#3209 = PRESENTATION_STYLE_ASSIGNMENT (( #3694 ) ) ;
#3210 = MECHANICAL_DESIGN_GEOMETRIC_PRESENTATION_REPRESENTATION (  '', ( #4865 ), #5083 ) ;
#3211 = ORIENTED_EDGE ( 'NONE', *, *, #2447, .F. ) ;
#3212 = LINE ( 'NONE', #4328, #3954 ) ;
#3213 = ORIENTED_EDGE ( 'NONE', *, *, #142, .F. ) ;
#3214 = ADVANCED_FACE ( 'NONE', ( #2231 ), #1958, .T. ) ;
#3215 =( GEOMETRIC_REPRESENTATION_CONTEXT ( 3 ) GLOBAL_UNCERTAINTY_ASSIGNED_CONTEXT ( ( #1324 ) ) GLOBAL_UNIT_ASSIGNED_CONTEXT ( ( #3187, #5081, #6076 ) ) REPRESENTATION_CONTEXT ( 'NONE', 'WORKASPACE' ) );
#3216 = PRESENTATION_STYLE_ASSIGNMENT (( #3304 ) ) ;
#3217 = FILL_AREA_STYLE ('',( #4780 ) ) ;
#3218 = FILL_AREA_STYLE_COLOUR ( '', #3013 ) ;
#3219 = CARTESIAN_POINT ( 'NONE',  ( -1.399999999999999911, -2.286241185967940126, 1.670000000000000151 ) ) ;
#3220 = CARTESIAN_POINT ( 'NONE',  ( 1.198636379818660114, 1.750000000000000000, 0.9912762577585830792 ) ) ;
#3221 = ORIENTED_EDGE ( 'NONE', *, *, #3133, .F. ) ;
#3222 =( NAMED_UNIT ( * ) PLANE_ANGLE_UNIT ( ) SI_UNIT ( $, .RADIAN. ) );
#3223 =( LENGTH_UNIT ( ) NAMED_UNIT ( * ) SI_UNIT ( .MILLI., .METRE. ) );
#3224 = AXIS2_PLACEMENT_3D ( 'NONE', #4601, #1586, #5607 ) ;
#3225 =( GEOMETRIC_REPRESENTATION_CONTEXT ( 3 ) GLOBAL_UNCERTAINTY_ASSIGNED_CONTEXT ( ( #2345 ) ) GLOBAL_UNIT_ASSIGNED_CONTEXT ( ( #6150, #5662, #1342 ) ) REPRESENTATION_CONTEXT ( 'NONE', 'WORKASPACE' ) );
#3226 = SURFACE_STYLE_FILL_AREA ( #5253 ) ;
#3227 =( NAMED_UNIT ( * ) PLANE_ANGLE_UNIT ( ) SI_UNIT ( $, .RADIAN. ) );
#3228 = VECTOR ( 'NONE', #663, 1000.000000000000000 ) ;
#3229 = PRESENTATION_LAYER_ASSIGNMENT (  '', '', ( #3745 ) ) ;
#3230 = EDGE_CURVE ( 'NONE', #1927, #1064, #3432, .T. ) ;
#3231 = VECTOR ( 'NONE', #1351, 1000.000000000000000 ) ;
#3232 = COLOUR_RGB ( '',0.2000000000000000111, 0.2000000000000000111, 0.2000000000000000111 ) ;
#3233 = DIRECTION ( 'NONE',  ( 0.000000000000000000, 0.000000000000000000, 1.000000000000000000 ) ) ;
#3234 = DIRECTION ( 'NONE',  ( 1.000000000000000000, 0.000000000000000000, 0.000000000000000000 ) ) ;
#3235 = EDGE_CURVE ( 'NONE', #2760, #373, #4862, .T. ) ;
#3236 = VERTEX_POINT ( 'NONE', #2404 ) ;
#3237 = DIRECTION ( 'NONE',  ( 0.000000000000000000, 0.000000000000000000, -1.000000000000000000 ) ) ;
#3238 = CARTESIAN_POINT ( 'NONE',  ( 0.000000000000000000, 0.000000000000000000, 1.524958015046800064 ) ) ;
#3239 = FACE_OUTER_BOUND ( 'NONE', #277, .T. ) ;
#3240 = MECHANICAL_DESIGN_GEOMETRIC_PRESENTATION_REPRESENTATION (  '', ( #2223 ), #430 ) ;
#3241 = CARTESIAN_POINT ( 'NONE',  ( 2.350000000000000089, -1.750000000000000000, 1.670000000000000151 ) ) ;
#3242 = DIRECTION ( 'NONE',  ( 1.000000000000000000, 0.000000000000000000, 0.000000000000000000 ) ) ;
#3243 =( GEOMETRIC_REPRESENTATION_CONTEXT ( 3 ) GLOBAL_UNCERTAINTY_ASSIGNED_CONTEXT ( ( #3654 ) ) GLOBAL_UNIT_ASSIGNED_CONTEXT ( ( #4736, #6202, #729 ) ) REPRESENTATION_CONTEXT ( 'NONE', 'WORKASPACE' ) );
#3244 = ORIENTED_EDGE ( 'NONE', *, *, #6373, .F. ) ;
#3245 = PRESENTATION_STYLE_ASSIGNMENT (( #2761 ) ) ;
#3246 = EDGE_LOOP ( 'NONE', ( #4100, #2559, #1701, #4481 ) ) ;
#3247 = DIRECTION ( 'NONE',  ( 0.000000000000000000, 0.000000000000000000, 1.000000000000000000 ) ) ;
#3248 = UNCERTAINTY_MEASURE_WITH_UNIT (LENGTH_MEASURE( 1.000000000000000082E-05 ), #3151, 'distance_accuracy_value', 'NONE');
#3249 = MECHANICAL_DESIGN_GEOMETRIC_PRESENTATION_REPRESENTATION (  '', ( #2427 ), #2239 ) ;
#3250 =( NAMED_UNIT ( * ) PLANE_ANGLE_UNIT ( ) SI_UNIT ( $, .RADIAN. ) );
#3251 = DIRECTION ( 'NONE',  ( -1.000000000000000000, 0.000000000000000000, 0.000000000000000000 ) ) ;
#3252 = SURFACE_STYLE_USAGE ( .BOTH. , #4174 ) ;
#3253 = VECTOR ( 'NONE', #4184, 1000.000000000000000 ) ;
#3254 = DIRECTION ( 'NONE',  ( -1.000000000000000000, 0.000000000000000000, 0.000000000000000000 ) ) ;
#3255 = ORIENTED_EDGE ( 'NONE', *, *, #5065, .F. ) ;
#3256 = LINE ( 'NONE', #5249, #5198 ) ;
#3257 = CIRCLE ( 'NONE', #5441, 0.1637983643183980875 ) ;
#3258 = DIRECTION ( 'NONE',  ( 1.000000000000000000, 0.000000000000000000, 0.000000000000000000 ) ) ;
#3259 = LINE ( 'NONE', #5719, #4849 ) ;
#3260 = ORIENTED_EDGE ( 'NONE', *, *, #3411, .T. ) ;
#3261 = EDGE_CURVE ( 'NONE', #4057, #3785, #2169, .T. ) ;
#3262 = UNCERTAINTY_MEASURE_WITH_UNIT (LENGTH_MEASURE( 1.000000000000000082E-05 ), #3128, 'distance_accuracy_value', 'NONE');
#3263 = DIRECTION ( 'NONE',  ( 0.000000000000000000, 0.000000000000000000, -1.000000000000000000 ) ) ;
#3264 = EDGE_CURVE ( 'NONE', #5925, #459, #6372, .T. ) ;
#3265 = SURFACE_STYLE_FILL_AREA ( #869 ) ;
#3266 = VERTEX_POINT ( 'NONE', #5423 ) ;
#3267 = CARTESIAN_POINT ( 'NONE',  ( 8.266092888301050437E-17, 1.350000000000000089, -0.6035212073282351097 ) ) ;
#3268 = CARTESIAN_POINT ( 'NONE',  ( -2.291979555982049721, -1.558682985728889969, 0.5872380108679859934 ) ) ;
#3269 = DIRECTION ( 'NONE',  ( 1.000000000000000000, 0.000000000000000000, 0.000000000000000000 ) ) ;
#3270 = DIRECTION ( 'NONE',  ( 1.000000000000000000, 0.000000000000000000, 0.000000000000000000 ) ) ;
#3271 = ORIENTED_EDGE ( 'NONE', *, *, #4162, .F. ) ;
#3272 = EDGE_CURVE ( 'NONE', #509, #2617, #938, .T. ) ;
#3273 = DIRECTION ( 'NONE',  ( 0.000000000000000000, 0.000000000000000000, -1.000000000000000000 ) ) ;
#3274 = CARTESIAN_POINT ( 'NONE',  ( 2.214855333278670013, 1.473734927972049968, 0.9360832168907079476 ) ) ;
#3275 = ORIENTED_EDGE ( 'NONE', *, *, #5152, .F. ) ;
#3276 = ORIENTED_EDGE ( 'NONE', *, *, #2461, .F. ) ;
#3277 = DIRECTION ( 'NONE',  ( -1.000000000000000000, 0.000000000000000000, 0.000000000000000000 ) ) ;
#3278 = LINE ( 'NONE', #723, #4085 ) ;
#3279 = PLANE ( 'NONE',  #524 ) ;
#3280 = ORIENTED_EDGE ( 'NONE', *, *, #1599, .F. ) ;
#3281 = ORIENTED_EDGE ( 'NONE', *, *, #4555, .T. ) ;
#3282 = PRESENTATION_STYLE_ASSIGNMENT (( #5180 ) ) ;
#3283 = LINE ( 'NONE', #3736, #2996 ) ;
#3284 = FACE_OUTER_BOUND ( 'NONE', #3685, .T. ) ;
#3285 = CARTESIAN_POINT ( 'NONE',  ( 1.244408477699840088, -1.732498726640149922, 1.570000000000000062 ) ) ;
#3286 = DIRECTION ( 'NONE',  ( 0.000000000000000000, 0.000000000000000000, -1.000000000000000000 ) ) ;
#3287 = CARTESIAN_POINT ( 'NONE',  ( -0.2756685251360169731, 0.7015834068728459272, 1.524958015046800064 ) ) ;
#3288 = FILL_AREA_STYLE_COLOUR ( '', #6052 ) ;
#3289 = DIRECTION ( 'NONE',  ( 0.000000000000000000, 0.000000000000000000, 1.000000000000000000 ) ) ;
#3290 = ORIENTED_EDGE ( 'NONE', *, *, #1861, .F. ) ;
#3291 = DIRECTION ( 'NONE',  ( 0.9999999988448025068, 4.806657061659141619E-05, 0.000000000000000000 ) ) ;
#3292 = STYLED_ITEM ( 'NONE', ( #2133 ), #2180 ) ;
#3293 = DIRECTION ( 'NONE',  ( -1.000000000000000000, 0.000000000000000000, 0.000000000000000000 ) ) ;
#3294 = VECTOR ( 'NONE', #3915, 1000.000000000000000 ) ;
#3295 = ORIENTED_EDGE ( 'NONE', *, *, #1203, .F. ) ;
#3296 = CARTESIAN_POINT ( 'NONE',  ( -2.350000000000000089, -1.466061860831830099, 0.9929113569124999872 ) ) ;
#3297 = VERTEX_POINT ( 'NONE', #3916 ) ;
#3298 = DIRECTION ( 'NONE',  ( 0.000000000000000000, 0.000000000000000000, 1.000000000000000000 ) ) ;
#3299 = EDGE_LOOP ( 'NONE', ( #1293, #5038, #6402, #1450 ) ) ;
#3300 = DIRECTION ( 'NONE',  ( -0.000000000000000000, 1.000000000000000000, 0.000000000000000000 ) ) ;
#3301 = PRESENTATION_LAYER_ASSIGNMENT (  '', '', ( #5285 ) ) ;
#3302 = EDGE_CURVE ( 'NONE', #1196, #238, #2935, .T. ) ;
#3303 = UNCERTAINTY_MEASURE_WITH_UNIT (LENGTH_MEASURE( 1.000000000000000082E-05 ), #6287, 'distance_accuracy_value', 'NONE');
#3304 = SURFACE_STYLE_USAGE ( .BOTH. , #321 ) ;
#3305 =( NAMED_UNIT ( * ) PLANE_ANGLE_UNIT ( ) SI_UNIT ( $, .RADIAN. ) );
#3306 = CARTESIAN_POINT ( 'NONE',  ( -1.198636379818660114, 1.750000000000000000, 0.9912762577585830792 ) ) ;
#3307 = EDGE_CURVE ( 'NONE', #1966, #3598, #223, .T. ) ;
#3308 = DIRECTION ( 'NONE',  ( 1.000000000000000000, 0.000000000000000000, 0.000000000000000000 ) ) ;
#3309 = ORIENTED_EDGE ( 'NONE', *, *, #1426, .T. ) ;
#3310 = CARTESIAN_POINT ( 'NONE',  ( 1.198636379818660114, 1.475072618217709852, 0.9360832168907079476 ) ) ;
#3311 = PLANE ( 'NONE',  #6140 ) ;
#3312 = VECTOR ( 'NONE', #4271, 1000.000000000000000 ) ;
#3313 = DIRECTION ( 'NONE',  ( 0.000000000000000000, 1.000000000000000000, 0.000000000000000000 ) ) ;
#3314 = DIRECTION ( 'NONE',  ( 1.000000000000000000, 0.000000000000000000, 0.000000000000000000 ) ) ;
#3315 = ORIENTED_EDGE ( 'NONE', *, *, #5870, .F. ) ;
#3316 = FILL_AREA_STYLE ('',( #6234 ) ) ;
#3317 = CARTESIAN_POINT ( 'NONE',  ( -1.279333081627950008, 1.732498726640149922, 0.08104293853427260719 ) ) ;
#3318 = STYLED_ITEM ( 'NONE', ( #4692 ), #5023 ) ;
#3319 = AXIS2_PLACEMENT_3D ( 'NONE', #4972, #4916, #5900 ) ;
#3320 =( NAMED_UNIT ( * ) SI_UNIT ( $, .STERADIAN. ) SOLID_ANGLE_UNIT ( ) );
#3321 = PRESENTATION_STYLE_ASSIGNMENT (( #276 ) ) ;
#3322 = ORIENTED_EDGE ( 'NONE', *, *, #5828, .F. ) ;
#3323 = DIRECTION ( 'NONE',  ( 0.000000000000000000, 0.000000000000000000, -1.000000000000000000 ) ) ;
#3324 = DIRECTION ( 'NONE',  ( 0.000000000000000000, 0.000000000000000000, -1.000000000000000000 ) ) ;
#3325 = VECTOR ( 'NONE', #216, 1000.000000000000000 ) ;
#3326 = DIRECTION ( 'NONE',  ( 0.000000000000000000, 1.000000000000000000, 0.000000000000000000 ) ) ;
#3327 = VECTOR ( 'NONE', #5386, 999.9999999999998863 ) ;
#3328 = AXIS2_PLACEMENT_3D ( 'NONE', #435, #1371, #496 ) ;
#3329 = CIRCLE ( 'NONE', #2215, 0.1637983643183980875 ) ;
#3330 = CARTESIAN_POINT ( 'NONE',  ( 1.187565630244470150, -2.286241185967940126, 1.448687028813379962 ) ) ;
#3331 = UNCERTAINTY_MEASURE_WITH_UNIT (LENGTH_MEASURE( 1.000000000000000082E-05 ), #2492, 'distance_accuracy_value', 'NONE');
#3332 = EDGE_LOOP ( 'NONE', ( #913, #4527, #6090, #1389 ) ) ;
#3333 = CARTESIAN_POINT ( 'NONE',  ( -2.291971193085020175, -1.732668708283519932, 0.9499004956727240545 ) ) ;
#3334 =( NAMED_UNIT ( * ) SI_UNIT ( $, .STERADIAN. ) SOLID_ANGLE_UNIT ( ) );
#3335 =( GEOMETRIC_REPRESENTATION_CONTEXT ( 3 ) GLOBAL_UNCERTAINTY_ASSIGNED_CONTEXT ( ( #5756 ) ) GLOBAL_UNIT_ASSIGNED_CONTEXT ( ( #3098, #742, #4581 ) ) REPRESENTATION_CONTEXT ( 'NONE', 'WORKASPACE' ) );
#3336 = ORIENTED_EDGE ( 'NONE', *, *, #4464, .F. ) ;
#3337 = VECTOR ( 'NONE', #4904, 1000.000000000000000 ) ;
#3338 = PLANE ( 'NONE',  #4265 ) ;
#3339 = EDGE_CURVE ( 'NONE', #4132, #6398, #3071, .T. ) ;
#3340 = VECTOR ( 'NONE', #5020, 999.9999999999998863 ) ;
#3341 = VECTOR ( 'NONE', #5731, 1000.000000000000000 ) ;
#3342 = DIRECTION ( 'NONE',  ( 1.000000000000000000, 0.000000000000000000, 0.000000000000000000 ) ) ;
#3343 = LINE ( 'NONE', #5391, #5145 ) ;
#3344 = EDGE_CURVE ( 'NONE', #1368, #1741, #956, .T. ) ;
#3345 = LINE ( 'NONE', #5332, #4243 ) ;
#3346 = VERTEX_POINT ( 'NONE', #1577 ) ;
#3347 = ORIENTED_EDGE ( 'NONE', *, *, #4893, .T. ) ;
#3348 =( LENGTH_UNIT ( ) NAMED_UNIT ( * ) SI_UNIT ( .MILLI., .METRE. ) );
#3349 = FACE_OUTER_BOUND ( 'NONE', #1328, .T. ) ;
#3350 = CIRCLE ( 'NONE', #5545, 0.1745482830529370144 ) ;
#3351 = CARTESIAN_POINT ( 'NONE',  ( -0.5844210245061349784, -1.732498726640149922, 1.670000000000000151 ) ) ;
#3352 = SURFACE_STYLE_USAGE ( .BOTH. , #6447 ) ;
#3353 = LINE ( 'NONE', #32, #4702 ) ;
#3354 = EDGE_CURVE ( 'NONE', #4169, #4651, #1704, .T. ) ;
#3355 = CARTESIAN_POINT ( 'NONE',  ( 1.922816040256440040, 1.732450861759520011, 1.670000000000000151 ) ) ;
#3356 = VERTEX_POINT ( 'NONE', #4551 ) ;
#3357 = SURFACE_STYLE_FILL_AREA ( #5838 ) ;
#3358 = DIRECTION ( 'NONE',  ( 1.000000000000000000, 0.000000000000000000, 0.000000000000000000 ) ) ;
#3359 = VECTOR ( 'NONE', #1421, 1000.000000000000000 ) ;
#3360 = ORIENTED_EDGE ( 'NONE', *, *, #1742, .T. ) ;
#3361 = CARTESIAN_POINT ( 'NONE',  ( -1.198636379818660114, 1.475072618217709852, 0.4956381288792919837 ) ) ;
#3362 =( LENGTH_UNIT ( ) NAMED_UNIT ( * ) SI_UNIT ( .MILLI., .METRE. ) );
#3363 = LINE ( 'NONE', #398, #4488 ) ;
#3364 = PRESENTATION_STYLE_ASSIGNMENT (( #4832 ) ) ;
#3365 = ORIENTED_EDGE ( 'NONE', *, *, #696, .F. ) ;
#3366 = ORIENTED_EDGE ( 'NONE', *, *, #1547, .T. ) ;
#3367 = CARTESIAN_POINT ( 'NONE',  ( 1.244408477699840088, -1.731509940961710070, 1.584027809471529880 ) ) ;
#3368 = FILL_AREA_STYLE_COLOUR ( '', #4485 ) ;
#3369 = ORIENTED_EDGE ( 'NONE', *, *, #2508, .F. ) ;
#3370 = DIRECTION ( 'NONE',  ( 0.000000000000000000, 0.000000000000000000, 1.000000000000000000 ) ) ;
#3371 = DIRECTION ( 'NONE',  ( 0.000000000000000000, 0.000000000000000000, 1.000000000000000000 ) ) ;
#3372 = VERTEX_POINT ( 'NONE', #3567 ) ;
#3373 = ORIENTED_EDGE ( 'NONE', *, *, #1932, .F. ) ;
#3374 = PRESENTATION_STYLE_ASSIGNMENT (( #1425 ) ) ;
#3375 = ADVANCED_FACE ( 'NONE', ( #4127 ), #1153, .F. ) ;
#3376 = EDGE_CURVE ( 'NONE', #4627, #3008, #3141, .T. ) ;
#3377 = CARTESIAN_POINT ( 'NONE',  ( -0.2756685251360169731, 0.7272569623863829325, 1.524958015046800064 ) ) ;
#3378 = PLANE ( 'NONE',  #1628 ) ;
#3379 = LINE ( 'NONE', #4405, #4604 ) ;
#3380 = CARTESIAN_POINT ( 'NONE',  ( -1.135441809735770136, 1.475072618217709852, 0.9912762577585830792 ) ) ;
#3381 = DIRECTION ( 'NONE',  ( -0.000000000000000000, 1.000000000000000000, -0.000000000000000000 ) ) ;
#3382 = CARTESIAN_POINT ( 'NONE',  ( -1.742310449531560002, -1.732450861759520011, 1.573093652385120222 ) ) ;
#3383 = EDGE_CURVE ( 'NONE', #608, #1635, #540, .T. ) ;
#3384 = EDGE_CURVE ( 'NONE', #6307, #6065, #6026, .T. ) ;
#3385 = EDGE_CURVE ( 'NONE', #381, #679, #4022, .T. ) ;
#3386 = VECTOR ( 'NONE', #3976, 1000.000000000000000 ) ;
#3387 = CARTESIAN_POINT ( 'NONE',  ( -1.774318189909330101, -1.750000000000000000, 0.9929113569124999872 ) ) ;
#3388 = SURFACE_STYLE_FILL_AREA ( #5284 ) ;
#3389 = ORIENTED_EDGE ( 'NONE', *, *, #4067, .F. ) ;
#3390 = CARTESIAN_POINT ( 'NONE',  ( 1.214088521629310025, -1.632498726640150055, 1.670000000000000151 ) ) ;
#3391 = DIRECTION ( 'NONE',  ( 1.000000000000000000, 0.000000000000000000, 0.000000000000000000 ) ) ;
#3392 = ADVANCED_FACE ( 'NONE', ( #3597 ), #5597, .F. ) ;
#3393 = FACE_OUTER_BOUND ( 'NONE', #5831, .T. ) ;
#3394 = VECTOR ( 'NONE', #2981, 1000.000000000000000 ) ;
#3395 = AXIS2_PLACEMENT_3D ( 'NONE', #4959, #911, #2880 ) ;
#3396 =( NAMED_UNIT ( * ) SI_UNIT ( $, .STERADIAN. ) SOLID_ANGLE_UNIT ( ) );
#3397 = ORIENTED_EDGE ( 'NONE', *, *, #2286, .F. ) ;
#3398 = DIRECTION ( 'NONE',  ( 0.000000000000000000, -0.000000000000000000, -1.000000000000000000 ) ) ;
#3399 = CARTESIAN_POINT ( 'NONE',  ( -2.291979555982049721, -1.558682985728889969, 0.9499004956727240545 ) ) ;
#3400 = ORIENTED_EDGE ( 'NONE', *, *, #772, .T. ) ;
#3401 = CARTESIAN_POINT ( 'NONE',  ( -2.214855333278670013, 1.732498726640149922, 0.5420601227958389279 ) ) ;
#3402 = CARTESIAN_POINT ( 'NONE',  ( 1.187565630244470150, 0.000000000000000000, 0.000000000000000000 ) ) ;
#3403 = ADVANCED_FACE ( 'NONE', ( #2531 ), #4055, .T. ) ;
#3404 = CARTESIAN_POINT ( 'NONE',  ( -1.135441809735770136, 1.732450861759520011, 1.670000000000000151 ) ) ;
#3405 = ORIENTED_EDGE ( 'NONE', *, *, #6034, .T. ) ;
#3406 = ORIENTED_EDGE ( 'NONE', *, *, #483, .T. ) ;
#3407 = SURFACE_STYLE_FILL_AREA ( #3505 ) ;
#3408 = CARTESIAN_POINT ( 'NONE',  ( -1.922816040256440040, -1.732450861759520011, 1.670000000000000151 ) ) ;
#3409 = CARTESIAN_POINT ( 'NONE',  ( 1.198636379818660114, -1.750000000000000000, 0.9929113569124999872 ) ) ;
#3410 = CARTESIAN_POINT ( 'NONE',  ( 1.742310449531560002, -1.732474794199829971, 1.524958015046800064 ) ) ;
#3411 = EDGE_CURVE ( 'NONE', #1830, #2019, #1187, .T. ) ;
#3412 = CARTESIAN_POINT ( 'NONE',  ( 1.198636379818660114, 1.750000000000000000, 0.9912762577585830792 ) ) ;
#3413 = DIRECTION ( 'NONE',  ( 0.000000000000000000, -1.000000000000000000, 0.000000000000000000 ) ) ;
#3414 = EDGE_LOOP ( 'NONE', ( #2910, #6098, #6001, #4187 ) ) ;
#3415 = PRESENTATION_LAYER_ASSIGNMENT (  '', '', ( #6236 ) ) ;
#3416 = EDGE_CURVE ( 'NONE', #2777, #1254, #5030, .T. ) ;
#3417 = ORIENTED_EDGE ( 'NONE', *, *, #1332, .F. ) ;
#3418 =( GEOMETRIC_REPRESENTATION_CONTEXT ( 3 ) GLOBAL_UNCERTAINTY_ASSIGNED_CONTEXT ( ( #5271 ) ) GLOBAL_UNIT_ASSIGNED_CONTEXT ( ( #1010, #3992, #4484 ) ) REPRESENTATION_CONTEXT ( 'NONE', 'WORKASPACE' ) );
#3419 = CARTESIAN_POINT ( 'NONE',  ( 1.067585657234540131, -1.554687120496410113, 1.524958015046800064 ) ) ;
#3420 = CARTESIAN_POINT ( 'NONE',  ( 1.742310449531560002, 1.732498726640149922, 1.524958015046800064 ) ) ;
#3421 = EDGE_LOOP ( 'NONE', ( #3561, #1476, #3786, #6304 ) ) ;
#3422 = FILL_AREA_STYLE ('',( #1568 ) ) ;
#3423 = CARTESIAN_POINT ( 'NONE',  ( -1.244408477699840088, -1.731509940961710070, 1.670000000000000151 ) ) ;
#3424 = ADVANCED_FACE ( 'NONE', ( #3103 ), #5099, .F. ) ;
#3425 = CARTESIAN_POINT ( 'NONE',  ( -1.742310449531560002, -1.558656565019939988, 1.524958015046800064 ) ) ;
#3426 = EDGE_CURVE ( 'NONE', #3681, #2816, #634, .T. ) ;
#3427 = AXIS2_PLACEMENT_3D ( 'NONE', #5560, #3342, #48 ) ;
#3428 = DIRECTION ( 'NONE',  ( -1.000000000000000000, 7.442719519967450478E-15, 0.000000000000000000 ) ) ;
#3429 = VECTOR ( 'NONE', #1530, 1000.000000000000000 ) ;
#3430 = ORIENTED_EDGE ( 'NONE', *, *, #2526, .F. ) ;
#3431 = SURFACE_STYLE_FILL_AREA ( #469 ) ;
#3432 = LINE ( 'NONE', #5857, #2504 ) ;
#3433 = VERTEX_POINT ( 'NONE', #5261 ) ;
#3434 = DIRECTION ( 'NONE',  ( 0.9999999988448025068, 4.806657061652912878E-05, 1.067981445985650602E-16 ) ) ;
#3435 =( GEOMETRIC_REPRESENTATION_CONTEXT ( 3 ) GLOBAL_UNCERTAINTY_ASSIGNED_CONTEXT ( ( #3712 ) ) GLOBAL_UNIT_ASSIGNED_CONTEXT ( ( #201, #2551, #2657 ) ) REPRESENTATION_CONTEXT ( 'NONE', 'WORKASPACE' ) );
#3436 = LINE ( 'NONE', #1089, #4383 ) ;
#3437 = COLOUR_RGB ( '',0.7921568627450980005, 0.8196078431372548767, 0.9333333333333333481 ) ;
#3438 = VECTOR ( 'NONE', #3489, 1000.000000000000000 ) ;
#3439 = DIRECTION ( 'NONE',  ( 1.000000000000000000, -6.123031769111888756E-17, 0.000000000000000000 ) ) ;
#3440 = CIRCLE ( 'NONE', #5637, 0.2018258699228371034 ) ;
#3441 = FILL_AREA_STYLE ('',( #5891 ) ) ;
#3442 = EDGE_LOOP ( 'NONE', ( #1068, #3176, #4483, #4644 ) ) ;
#3443 = ORIENTED_EDGE ( 'NONE', *, *, #5308, .T. ) ;
#3444 =( NAMED_UNIT ( * ) PLANE_ANGLE_UNIT ( ) SI_UNIT ( $, .RADIAN. ) );
#3445 = FILL_AREA_STYLE_COLOUR ( '', #2598 ) ;
#3446 = MECHANICAL_DESIGN_GEOMETRIC_PRESENTATION_REPRESENTATION (  '', ( #1396 ), #3022 ) ;
#3447 =( NAMED_UNIT ( * ) SI_UNIT ( $, .STERADIAN. ) SOLID_ANGLE_UNIT ( ) );
#3448 = FILL_AREA_STYLE_COLOUR ( '', #3972 ) ;
#3449 =( LENGTH_UNIT ( ) NAMED_UNIT ( * ) SI_UNIT ( .MILLI., .METRE. ) );
#3450 = CARTESIAN_POINT ( 'NONE',  ( 1.922816040256440040, -1.732450861759520011, 1.670000000000000151 ) ) ;
#3451 = PLANE ( 'NONE',  #3007 ) ;
#3452 =( NAMED_UNIT ( * ) SI_UNIT ( $, .STERADIAN. ) SOLID_ANGLE_UNIT ( ) );
#3453 = LINE ( 'NONE', #1560, #4787 ) ;
#3454 = ORIENTED_EDGE ( 'NONE', *, *, #2853, .T. ) ;
#3455 = ORIENTED_EDGE ( 'NONE', *, *, #6223, .T. ) ;
#3456 =( NAMED_UNIT ( * ) PLANE_ANGLE_UNIT ( ) SI_UNIT ( $, .RADIAN. ) );
#3457 = ORIENTED_EDGE ( 'NONE', *, *, #2064, .T. ) ;
#3458 = CARTESIAN_POINT ( 'NONE',  ( 1.228044805657254379, -1.653149272140577608, 1.670000000000019691 ) ) ;
#3459 = MECHANICAL_DESIGN_GEOMETRIC_PRESENTATION_REPRESENTATION (  '', ( #3766 ), #2647 ) ;
#3460 = CARTESIAN_POINT ( 'NONE',  ( -2.950000000000000178, -1.095494621307057770, 0.000000000000000000 ) ) ;
#3461 = EDGE_CURVE ( 'NONE', #3729, #1823, #1343, .T. ) ;
#3462 = VECTOR ( 'NONE', #3710, 1000.000000000000000 ) ;
#3463 = EDGE_CURVE ( 'NONE', #667, #4670, #6183, .T. ) ;
#3464 = FACE_OUTER_BOUND ( 'NONE', #202, .T. ) ;
#3465 = ORIENTED_EDGE ( 'NONE', *, *, #5406, .T. ) ;
#3466 = DIRECTION ( 'NONE',  ( 0.000000000000000000, 0.000000000000000000, -1.000000000000000000 ) ) ;
#3467 = VECTOR ( 'NONE', #5522, 1000.000000000000000 ) ;
#3468 = DIRECTION ( 'NONE',  ( 0.000000000000000000, 0.000000000000000000, -1.000000000000000000 ) ) ;
#3469 = SURFACE_STYLE_FILL_AREA ( #2901 ) ;
#3470 = ORIENTED_EDGE ( 'NONE', *, *, #4750, .T. ) ;
#3471 = FILL_AREA_STYLE ('',( #1517 ) ) ;
#3472 = ADVANCED_FACE ( 'NONE', ( #2276 ), #4717, .F. ) ;
#3473 = ADVANCED_FACE ( 'NONE', ( #5289 ), #3691, .T. ) ;
#3474 = DIRECTION ( 'NONE',  ( 0.000000000000000000, 0.000000000000000000, -1.000000000000000000 ) ) ;
#3475 = LINE ( 'NONE', #2849, #6222 ) ;
#3476 = ORIENTED_EDGE ( 'NONE', *, *, #5234, .T. ) ;
#3477 = ORIENTED_EDGE ( 'NONE', *, *, #5808, .T. ) ;
#3478 =( NAMED_UNIT ( * ) SI_UNIT ( $, .STERADIAN. ) SOLID_ANGLE_UNIT ( ) );
#3479 = CARTESIAN_POINT ( 'NONE',  ( -1.774318189909330101, -1.466061860831830099, 1.524958015046800064 ) ) ;
#3480 = CARTESIAN_POINT ( 'NONE',  ( -1.742310449531560002, 1.732498726640149922, 1.670000000000000151 ) ) ;
#3481 = CARTESIAN_POINT ( 'NONE',  ( -0.6550263814446110056, 0.7115629572946600145, 1.670000000000000151 ) ) ;
#3482 = SURFACE_STYLE_USAGE ( .BOTH. , #1732 ) ;
#3483 = PLANE ( 'NONE',  #5290 ) ;
#3484 = EDGE_LOOP ( 'NONE', ( #5297, #1956, #3614, #4870 ) ) ;
#3485 = DIRECTION ( 'NONE',  ( -1.000000000000000000, 0.000000000000000000, -1.004436343290279943E-16 ) ) ;
#3486 = CARTESIAN_POINT ( 'NONE',  ( 0.8454977628303629311, -1.756512990419249798, 1.670000000000000151 ) ) ;
#3487 = ORIENTED_EDGE ( 'NONE', *, *, #3064, .F. ) ;
#3488 = EDGE_CURVE ( 'NONE', #935, #5943, #1852, .T. ) ;
#3489 = DIRECTION ( 'NONE',  ( -1.000000000000000000, 0.000000000000000000, 0.000000000000000000 ) ) ;
#3490 = COLOUR_RGB ( '',0.2000000000000000111, 0.2000000000000000111, 0.2000000000000000111 ) ;
#3491 =( LENGTH_UNIT ( ) NAMED_UNIT ( * ) SI_UNIT ( .MILLI., .METRE. ) );
#3492 =( NAMED_UNIT ( * ) PLANE_ANGLE_UNIT ( ) SI_UNIT ( $, .RADIAN. ) );
#3493 = VERTEX_POINT ( 'NONE', #1250 ) ;
#3494 = DIRECTION ( 'NONE',  ( 0.000000000000000000, 1.000000000000000000, 0.000000000000000000 ) ) ;
#3495 = CARTESIAN_POINT ( 'NONE',  ( -2.350000000000000089, 1.750000000000000000, 1.670000000000000151 ) ) ;
#3496 = VECTOR ( 'NONE', #3827, 1000.000000000000000 ) ;
#3497 = DIRECTION ( 'NONE',  ( 0.000000000000000000, 0.000000000000000000, 1.000000000000000000 ) ) ;
#3498 = VERTEX_POINT ( 'NONE', #1317 ) ;
#3499 = PRESENTATION_STYLE_ASSIGNMENT (( #502 ) ) ;
#3500 = VERTEX_POINT ( 'NONE', #3204 ) ;
#3501 = MECHANICAL_DESIGN_GEOMETRIC_PRESENTATION_REPRESENTATION (  '', ( #1355 ), #1452 ) ;
#3502 = CARTESIAN_POINT ( 'NONE',  ( 2.350000000000000089, 1.104505378692939743, 0.2000000000000000111 ) ) ;
#3503 = ORIENTED_EDGE ( 'NONE', *, *, #1785, .T. ) ;
#3504 = ORIENTED_EDGE ( 'NONE', *, *, #6416, .T. ) ;
#3505 = FILL_AREA_STYLE ('',( #6383 ) ) ;
#3506 = ADVANCED_FACE ( 'NONE', ( #5197 ), #4771, .F. ) ;
#3507 = VECTOR ( 'NONE', #1864, 1000.000000000000000 ) ;
#3508 = ADVANCED_FACE ( 'NONE', ( #3239 ), #256, .F. ) ;
#3509 = AXIS2_PLACEMENT_3D ( 'NONE', #5701, #6282, #5792 ) ;
#3510 = DIRECTION ( 'NONE',  ( 0.000000000000000000, 0.000000000000000000, -1.000000000000000000 ) ) ;
#3511 = CARTESIAN_POINT ( 'NONE',  ( 1.187565630244470150, -2.286241185967940126, 1.448687028813379962 ) ) ;
#3512 = CARTESIAN_POINT ( 'NONE',  ( 1.135441809735770136, 1.517608363321570009, 1.524958015046800064 ) ) ;
#3513 = FILL_AREA_STYLE ('',( #343 ) ) ;
#3514 = ORIENTED_EDGE ( 'NONE', *, *, #1397, .F. ) ;
#3515 = ORIENTED_EDGE ( 'NONE', *, *, #3735, .F. ) ;
#3516 =( NAMED_UNIT ( * ) SI_UNIT ( $, .STERADIAN. ) SOLID_ANGLE_UNIT ( ) );
#3517 = CARTESIAN_POINT ( 'NONE',  ( 1.742310449531560002, 1.732498726640149922, 1.670000000000000151 ) ) ;
#3518 = CARTESIAN_POINT ( 'NONE',  ( 1.244794689003979160, -1.714740237146768820, 1.629311566701538538 ) ) ;
#3519 = DIRECTION ( 'NONE',  ( -1.000000000000000000, 0.000000000000000000, 0.000000000000000000 ) ) ;
#3520 = AXIS2_PLACEMENT_3D ( 'NONE', #1017, #1451, #5005 ) ;
#3521 = DIRECTION ( 'NONE',  ( 0.000000000000000000, 0.000000000000000000, 1.000000000000000000 ) ) ;
#3522 = ORIENTED_EDGE ( 'NONE', *, *, #1782, .T. ) ;
#3523 = ORIENTED_EDGE ( 'NONE', *, *, #1742, .F. ) ;
#3524 = DIRECTION ( 'NONE',  ( 0.000000000000000000, 0.000000000000000000, -1.000000000000000000 ) ) ;
#3525 = CARTESIAN_POINT ( 'NONE',  ( -1.742310449531560002, -1.558656565019939988, 0.9499004956727240545 ) ) ;
#3526 = LINE ( 'NONE', #279, #3947 ) ;
#3527 = CARTESIAN_POINT ( 'NONE',  ( 1.279333081627950008, 1.473734927972049968, 0.5142042554948410560 ) ) ;
#3528 = AXIS2_PLACEMENT_3D ( 'NONE', #3179, #6160, #5575 ) ;
#3529 = EDGE_LOOP ( 'NONE', ( #2232, #3042, #1291, #3961 ) ) ;
#3530 = FACE_OUTER_BOUND ( 'NONE', #3565, .T. ) ;
#3531 = VECTOR ( 'NONE', #2944, 1000.000000000000000 ) ;
#3532 = EDGE_CURVE ( 'NONE', #3008, #2973, #2460, .T. ) ;
#3533 = VECTOR ( 'NONE', #2003, 1000.000000000000000 ) ;
#3534 = CARTESIAN_POINT ( 'NONE',  ( 2.950000000000000622, 1.104505378692939743, 0.2000000000000000111 ) ) ;
#3535 = LINE ( 'NONE', #5532, #1358 ) ;
#3536 = COLOUR_RGB ( '',0.2000000000000000111, 0.2000000000000000111, 0.2000000000000000111 ) ;
#3537 = EDGE_LOOP ( 'NONE', ( #3477, #1752, #2684, #5048, #6435, #4930, #6049 ) ) ;
#3538 = MECHANICAL_DESIGN_GEOMETRIC_PRESENTATION_REPRESENTATION (  '', ( #5208 ), #3644 ) ;
#3539 = ORIENTED_EDGE ( 'NONE', *, *, #5590, .F. ) ;
#3540 = PLANE ( 'NONE',  #2094 ) ;
#3541 = VECTOR ( 'NONE', #3485, 1000.000000000000000 ) ;
#3542 = ADVANCED_FACE ( 'NONE', ( #4345 ), #5814, .F. ) ;
#3543 = AXIS2_PLACEMENT_3D ( 'NONE', #6417, #888, #4365 ) ;
#3544 = VECTOR ( 'NONE', #3547, 1000.000000000000000 ) ;
#3545 = ADVANCED_FACE ( 'NONE', ( #3393 ), #5378, .F. ) ;
#3546 =( GEOMETRIC_REPRESENTATION_CONTEXT ( 3 ) GLOBAL_UNCERTAINTY_ASSIGNED_CONTEXT ( ( #1304 ) ) GLOBAL_UNIT_ASSIGNED_CONTEXT ( ( #4958, #90, #2033 ) ) REPRESENTATION_CONTEXT ( 'NONE', 'WORKASPACE' ) );
#3547 = DIRECTION ( 'NONE',  ( 0.000000000000000000, 0.000000000000000000, -1.000000000000000000 ) ) ;
#3548 =( NAMED_UNIT ( * ) SI_UNIT ( $, .STERADIAN. ) SOLID_ANGLE_UNIT ( ) );
#3549 = SURFACE_SIDE_STYLE ('',( #4177 ) ) ;
#3550 = PRESENTATION_STYLE_ASSIGNMENT (( #2949 ) ) ;
#3551 = LINE ( 'NONE', #5150, #1795 ) ;
#3552 = ORIENTED_EDGE ( 'NONE', *, *, #848, .T. ) ;
#3553 = PRESENTATION_LAYER_ASSIGNMENT (  '', '', ( #5531 ) ) ;
#3554 = AXIS2_PLACEMENT_3D ( 'NONE', #4087, #834, #2335 ) ;
#3555 = CIRCLE ( 'NONE', #651, 0.1805055907248848679 ) ;
#3556 = EDGE_CURVE ( 'NONE', #308, #3681, #2487, .T. ) ;
#3557 = EDGE_CURVE ( 'NONE', #2402, #2786, #6328, .T. ) ;
#3558 = ORIENTED_EDGE ( 'NONE', *, *, #4966, .F. ) ;
#3559 = PLANE ( 'NONE',  #1303 ) ;
#3560 = CARTESIAN_POINT ( 'NONE',  ( 1.198636379818660114, 1.750000000000000000, 1.524958015046800064 ) ) ;
#3561 = ORIENTED_EDGE ( 'NONE', *, *, #2407, .T. ) ;
#3562 = DIRECTION ( 'NONE',  ( 1.000000000000000000, 0.000000000000000000, 0.000000000000000000 ) ) ;
#3563 =( GEOMETRIC_REPRESENTATION_CONTEXT ( 3 ) GLOBAL_UNCERTAINTY_ASSIGNED_CONTEXT ( ( #1287 ) ) GLOBAL_UNIT_ASSIGNED_CONTEXT ( ( #2978, #2008, #1429 ) ) REPRESENTATION_CONTEXT ( 'NONE', 'WORKASPACE' ) );
#3564 = ORIENTED_EDGE ( 'NONE', *, *, #5489, .F. ) ;
#3565 = EDGE_LOOP ( 'NONE', ( #4505, #6393, #4306, #1257 ) ) ;
#3566 = DIRECTION ( 'NONE',  ( -1.000000000000000000, 0.000000000000000000, 0.000000000000000000 ) ) ;
#3567 = CARTESIAN_POINT ( 'NONE',  ( 2.350000000000000089, 1.104505378692939743, 0.000000000000000000 ) ) ;
#3568 = COLOUR_RGB ( '',0.2000000000000000111, 0.2000000000000000111, 0.2000000000000000111 ) ;
#3569 = EDGE_LOOP ( 'NONE', ( #27, #5852, #1483, #339 ) ) ;
#3570 = DIRECTION ( 'NONE',  ( -1.000000000000000000, 0.000000000000000000, 1.004436343290279943E-16 ) ) ;
#3571 = DIRECTION ( 'NONE',  ( 0.000000000000000000, -1.000000000000000000, 0.000000000000000000 ) ) ;
#3572 = DIRECTION ( 'NONE',  ( -1.000000000000000000, 0.000000000000000000, 0.000000000000000000 ) ) ;
#3573 = VERTEX_POINT ( 'NONE', #8 ) ;
#3574 = ORIENTED_EDGE ( 'NONE', *, *, #3805, .T. ) ;
#3575 = LINE ( 'NONE', #1124, #99 ) ;
#3576 = ORIENTED_EDGE ( 'NONE', *, *, #4977, .F. ) ;
#3577 = DIRECTION ( 'NONE',  ( 1.000000000000000000, 0.000000000000000000, 0.000000000000000000 ) ) ;
#3578 = LINE ( 'NONE', #1129, #753 ) ;
#3579 = DIRECTION ( 'NONE',  ( 1.000000000000000000, 0.000000000000000000, 0.000000000000000000 ) ) ;
#3580 = FILL_AREA_STYLE ('',( #5079 ) ) ;
#3581 = LINE ( 'NONE', #3679, #928 ) ;
#3582 = DIRECTION ( 'NONE',  ( 7.228014483236693597E-16, 1.000000000000000000, 0.000000000000000000 ) ) ;
#3583 = VERTEX_POINT ( 'NONE', #873 ) ;
#3584 = LINE ( 'NONE', #1691, #4891 ) ;
#3585 = CARTESIAN_POINT ( 'NONE',  ( 2.350000000000000089, 1.104505378692939743, 0.2000000000000000111 ) ) ;
#3586 = ORIENTED_EDGE ( 'NONE', *, *, #57, .F. ) ;
#3587 = DIRECTION ( 'NONE',  ( -0.7061093399216817890, 0.7081028174462850044, 0.000000000000000000 ) ) ;
#3588 = EDGE_CURVE ( 'NONE', #3761, #3734, #6080, .T. ) ;
#3589 = CARTESIAN_POINT ( 'NONE',  ( 1.067585657234540131, -1.554687120496410113, 1.524958015046800064 ) ) ;
#3590 = EDGE_CURVE ( 'NONE', #5905, #376, #2022, .T. ) ;
#3591 = ORIENTED_EDGE ( 'NONE', *, *, #2081, .T. ) ;
#3592 = DIRECTION ( 'NONE',  ( 3.669649801424929726E-15, -1.000000000000000000, 0.000000000000000000 ) ) ;
#3593 = VERTEX_POINT ( 'NONE', #3425 ) ;
#3594 = ORIENTED_EDGE ( 'NONE', *, *, #1667, .F. ) ;
#3595 = LINE ( 'NONE', #2663, #4356 ) ;
#3596 = FACE_OUTER_BOUND ( 'NONE', #1380, .T. ) ;
#3597 = FACE_OUTER_BOUND ( 'NONE', #1227, .T. ) ;
#3598 = VERTEX_POINT ( 'NONE', #4831 ) ;
#3599 = SURFACE_STYLE_USAGE ( .BOTH. , #2600 ) ;
#3600 = CIRCLE ( 'NONE', #805, 0.1768228204653010394 ) ;
#3601 = CARTESIAN_POINT ( 'NONE',  ( 1.067585657234540131, -1.731509940961710070, 1.670000000000000151 ) ) ;
#3602 = ORIENTED_EDGE ( 'NONE', *, *, #3488, .F. ) ;
#3603 = ORIENTED_EDGE ( 'NONE', *, *, #6338, .T. ) ;
#3604 = SURFACE_SIDE_STYLE ('',( #4101 ) ) ;
#3605 = ORIENTED_EDGE ( 'NONE', *, *, #2295, .F. ) ;
#3606 =( NAMED_UNIT ( * ) PLANE_ANGLE_UNIT ( ) SI_UNIT ( $, .RADIAN. ) );
#3607 = AXIS2_PLACEMENT_3D ( 'NONE', #2857, #1755, #5341 ) ;
#3608 = EDGE_CURVE ( 'NONE', #1650, #296, #5415, .T. ) ;
#3609 = PRESENTATION_STYLE_ASSIGNMENT (( #5576 ) ) ;
#3610 = DIRECTION ( 'NONE',  ( 1.000000000000000000, 0.000000000000000000, 0.000000000000000000 ) ) ;
#3611 =( GEOMETRIC_REPRESENTATION_CONTEXT ( 3 ) GLOBAL_UNCERTAINTY_ASSIGNED_CONTEXT ( ( #2629 ) ) GLOBAL_UNIT_ASSIGNED_CONTEXT ( ( #6409, #3858, #1013 ) ) REPRESENTATION_CONTEXT ( 'NONE', 'WORKASPACE' ) );
#3612 =( NAMED_UNIT ( * ) PLANE_ANGLE_UNIT ( ) SI_UNIT ( $, .RADIAN. ) );
#3613 = DIRECTION ( 'NONE',  ( 0.000000000000000000, 1.000000000000000000, 0.000000000000000000 ) ) ;
#3614 = ORIENTED_EDGE ( 'NONE', *, *, #2447, .T. ) ;
#3615 = CARTESIAN_POINT ( 'NONE',  ( 1.742310449531560002, -1.732474794199829971, 0.9499004956727240545 ) ) ;
#3616 = ORIENTED_EDGE ( 'NONE', *, *, #4642, .F. ) ;
#3617 = STYLED_ITEM ( 'NONE', ( #3550 ), #2759 ) ;
#3618 = EDGE_CURVE ( 'NONE', #5799, #1698, #3363, .T. ) ;
#3619 = VECTOR ( 'NONE', #1132, 1000.000000000000000 ) ;
#3620 = EDGE_CURVE ( 'NONE', #1857, #4659, #3911, .T. ) ;
#3621 = DIRECTION ( 'NONE',  ( 4.806657061659142297E-05, -0.9999999988448025068, 0.000000000000000000 ) ) ;
#3622 = ORIENTED_EDGE ( 'NONE', *, *, #2001, .T. ) ;
#3623 = DIRECTION ( 'NONE',  ( 0.000000000000000000, 1.000000000000000000, 0.000000000000000000 ) ) ;
#3624 = ORIENTED_EDGE ( 'NONE', *, *, #5406, .F. ) ;
#3625 = CARTESIAN_POINT ( 'NONE',  ( -1.244408477699840088, -1.632498726640150055, 1.570000000000000062 ) ) ;
#3626 = DIRECTION ( 'NONE',  ( 1.694949013756229675E-16, 0.000000000000000000, 1.000000000000000000 ) ) ;
#3627 = ORIENTED_EDGE ( 'NONE', *, *, #1543, .T. ) ;
#3628 = EDGE_CURVE ( 'NONE', #2768, #5494, #1924, .T. ) ;
#3629 = COLOUR_RGB ( '',0.2000000000000000111, 0.2000000000000000111, 0.2000000000000000111 ) ;
#3630 = DIRECTION ( 'NONE',  ( 1.000000000000000000, 0.000000000000000000, 0.000000000000000000 ) ) ;
#3631 = ORIENTED_EDGE ( 'NONE', *, *, #610, .T. ) ;
#3632 = ORIENTED_EDGE ( 'NONE', *, *, #4830, .F. ) ;
#3633 = CYLINDRICAL_SURFACE ( 'NONE', #5390, 0.1637983643183980875 ) ;
#3634 = ORIENTED_EDGE ( 'NONE', *, *, #1744, .F. ) ;
#3635 = COLOUR_RGB ( '',0.6980392156862744724, 0.6980392156862744724, 0.6980392156862744724 ) ;
#3636 = VECTOR ( 'NONE', #6103, 1000.000000000000000 ) ;
#3637 = DIRECTION ( 'NONE',  ( 0.000000000000000000, 0.000000000000000000, 1.000000000000000000 ) ) ;
#3638 =( NAMED_UNIT ( * ) SI_UNIT ( $, .STERADIAN. ) SOLID_ANGLE_UNIT ( ) );
#3639 = DIRECTION ( 'NONE',  ( 0.000000000000000000, -1.000000000000000000, 0.000000000000000000 ) ) ;
#3640 = CARTESIAN_POINT ( 'NONE',  ( 1.187565630244470150, -1.750000000000000000, 1.448687028813379962 ) ) ;
#3641 = DIRECTION ( 'NONE',  ( 0.000000000000000000, 0.000000000000000000, -1.000000000000000000 ) ) ;
#3642 = PLANE ( 'NONE',  #617 ) ;
#3643 = ORIENTED_EDGE ( 'NONE', *, *, #1736, .T. ) ;
#3644 =( GEOMETRIC_REPRESENTATION_CONTEXT ( 3 ) GLOBAL_UNCERTAINTY_ASSIGNED_CONTEXT ( ( #1666 ) ) GLOBAL_UNIT_ASSIGNED_CONTEXT ( ( #2780, #1738, #5695 ) ) REPRESENTATION_CONTEXT ( 'NONE', 'WORKASPACE' ) );
#3645 = STYLED_ITEM ( 'NONE', ( #3675 ), #885 ) ;
#3646 = CARTESIAN_POINT ( 'NONE',  ( -1.135441809735770136, 1.475072618217709852, 1.524958015046800064 ) ) ;
#3647 = CARTESIAN_POINT ( 'NONE',  ( 0.2756685251360169731, -0.5073416627111608790, 1.524958015046800064 ) ) ;
#3648 = SURFACE_STYLE_FILL_AREA ( #4148 ) ;
#3649 = AXIS2_PLACEMENT_3D ( 'NONE', #3527, #3626, #5628 ) ;
#3650 = ORIENTED_EDGE ( 'NONE', *, *, #1215, .T. ) ;
#3651 = FILL_AREA_STYLE ('',( #1604 ) ) ;
#3652 = VECTOR ( 'NONE', #4859, 1000.000000000000000 ) ;
#3653 = COLOUR_RGB ( '',0.6980392156862744724, 0.6980392156862744724, 0.6980392156862744724 ) ;
#3654 = UNCERTAINTY_MEASURE_WITH_UNIT (LENGTH_MEASURE( 1.000000000000000082E-05 ), #4736, 'distance_accuracy_value', 'NONE');
#3655 =( GEOMETRIC_REPRESENTATION_CONTEXT ( 3 ) GLOBAL_UNCERTAINTY_ASSIGNED_CONTEXT ( ( #601 ) ) GLOBAL_UNIT_ASSIGNED_CONTEXT ( ( #5419, #3492, #1763 ) ) REPRESENTATION_CONTEXT ( 'NONE', 'WORKASPACE' ) );
#3656 = FACE_OUTER_BOUND ( 'NONE', #2754, .T. ) ;
#3657 = VERTEX_POINT ( 'NONE', #3945 ) ;
#3658 = CARTESIAN_POINT ( 'NONE',  ( -1.244250284302140130, -1.558632624975810010, 0.5872380108679859934 ) ) ;
#3659 = EDGE_LOOP ( 'NONE', ( #3586, #4263, #3692, #1123, #695, #3347, #2637, #2819 ) ) ;
#3660 = DIRECTION ( 'NONE',  ( -4.806657061659141619E-05, 0.9999999988448023958, 0.000000000000000000 ) ) ;
#3661 = EDGE_CURVE ( 'NONE', #761, #4325, #933, .T. ) ;
#3662 = CARTESIAN_POINT ( 'NONE',  ( 2.350000000000000533, -0.5954946213070567707, 0.2000000000000000111 ) ) ;
#3663 =( NAMED_UNIT ( * ) PLANE_ANGLE_UNIT ( ) SI_UNIT ( $, .RADIAN. ) );
#3664 = ORIENTED_EDGE ( 'NONE', *, *, #1269, .F. ) ;
#3665 = EDGE_CURVE ( 'NONE', #2921, #3266, #1469, .T. ) ;
#3666 = AXIS2_PLACEMENT_3D ( 'NONE', #1813, #2326, #5252 ) ;
#3667 = SURFACE_STYLE_FILL_AREA ( #4258 ) ;
#3668 = ADVANCED_FACE ( 'NONE', ( #4081, #599 ), #6085, .T. ) ;
#3669 = ORIENTED_EDGE ( 'NONE', *, *, #1392, .F. ) ;
#3670 = ORIENTED_EDGE ( 'NONE', *, *, #6337, .F. ) ;
#3671 = CARTESIAN_POINT ( 'NONE',  ( 1.198636379818660114, 1.750000000000000000, 0.9912762577585830792 ) ) ;
#3672 =( NAMED_UNIT ( * ) SI_UNIT ( $, .STERADIAN. ) SOLID_ANGLE_UNIT ( ) );
#3673 = EDGE_CURVE ( 'NONE', #5534, #6370, #1030, .T. ) ;
#3674 = FILL_AREA_STYLE_COLOUR ( '', #6193 ) ;
#3675 = PRESENTATION_STYLE_ASSIGNMENT (( #3252 ) ) ;
#3676 = CARTESIAN_POINT ( 'NONE',  ( 0.8454977628303629311, -1.756512990419249798, 1.670000000000000151 ) ) ;
#3677 = DIRECTION ( 'NONE',  ( 0.000000000000000000, 1.000000000000000000, 0.000000000000000000 ) ) ;
#3678 = CARTESIAN_POINT ( 'NONE',  ( -2.291979555982049721, -1.558682985728889969, 0.5872380108679859934 ) ) ;
#3679 = CARTESIAN_POINT ( 'NONE',  ( 1.187565630244470150, -1.750000000000000000, 1.670000000000000151 ) ) ;
#3680 = MECHANICAL_DESIGN_GEOMETRIC_PRESENTATION_REPRESENTATION (  '', ( #5666 ), #6286 ) ;
#3681 = VERTEX_POINT ( 'NONE', #4117 ) ;
#3682 = ORIENTED_EDGE ( 'NONE', *, *, #6197, .F. ) ;
#3683 = CARTESIAN_POINT ( 'NONE',  ( -2.950000000000000178, -0.5954946213070567707, 0.2000000000000000111 ) ) ;
#3684 = CARTESIAN_POINT ( 'NONE',  ( -1.922816040256440040, -1.551945271034630203, 1.670000000000000151 ) ) ;
#3685 = EDGE_LOOP ( 'NONE', ( #4634, #5140, #4197, #2644 ) ) ;
#3686 = CARTESIAN_POINT ( 'NONE',  ( 1.198636379818660114, -1.466061860831830099, 0.9929113569124999872 ) ) ;
#3687 = EDGE_CURVE ( 'NONE', #4833, #1140, #535, .T. ) ;
#3688 = ORIENTED_EDGE ( 'NONE', *, *, #1543, .F. ) ;
#3689 =( NAMED_UNIT ( * ) SI_UNIT ( $, .STERADIAN. ) SOLID_ANGLE_UNIT ( ) );
#3690 =( NAMED_UNIT ( * ) SI_UNIT ( $, .STERADIAN. ) SOLID_ANGLE_UNIT ( ) );
#3691 = PLANE ( 'NONE',  #4172 ) ;
#3692 = ORIENTED_EDGE ( 'NONE', *, *, #3190, .F. ) ;
#3693 = FILL_AREA_STYLE ('',( #2225 ) ) ;
#3694 = SURFACE_STYLE_USAGE ( .BOTH. , #2228 ) ;
#3695 = ORIENTED_EDGE ( 'NONE', *, *, #4346, .F. ) ;
#3696 = LINE ( 'NONE', #782, #4894 ) ;
#3697 = VERTEX_POINT ( 'NONE', #4615 ) ;
#3698 = DIRECTION ( 'NONE',  ( 1.000000000000000000, 0.000000000000000000, 0.000000000000000000 ) ) ;
#3699 = COLOUR_RGB ( '',0.6980392156862744724, 0.6980392156862744724, 0.6980392156862744724 ) ;
#3700 = SURFACE_STYLE_USAGE ( .BOTH. , #5884 ) ;
#3701 = EDGE_CURVE ( 'NONE', #4440, #1059, #2054, .T. ) ;
#3702 = CARTESIAN_POINT ( 'NONE',  ( 0.2756685251360169731, 0.7015834068728459272, 1.670000000000000151 ) ) ;
#3703 = VERTEX_POINT ( 'NONE', #6050 ) ;
#3704 = ORIENTED_EDGE ( 'NONE', *, *, #4554, .T. ) ;
#3705 = PLANE ( 'NONE',  #1676 ) ;
#3706 = CIRCLE ( 'NONE', #3607, 0.3018065944804310119 ) ;
#3707 = VERTEX_POINT ( 'NONE', #1072 ) ;
#3708 = STYLED_ITEM ( 'NONE', ( #4907 ), #2142 ) ;
#3709 = VERTEX_POINT ( 'NONE', #5089 ) ;
#3710 = DIRECTION ( 'NONE',  ( 0.000000000000000000, -1.000000000000000000, 0.000000000000000000 ) ) ;
#3711 =( GEOMETRIC_REPRESENTATION_CONTEXT ( 3 ) GLOBAL_UNCERTAINTY_ASSIGNED_CONTEXT ( ( #1144 ) ) GLOBAL_UNIT_ASSIGNED_CONTEXT ( ( #6371, #374, #3885 ) ) REPRESENTATION_CONTEXT ( 'NONE', 'WORKASPACE' ) );
#3712 = UNCERTAINTY_MEASURE_WITH_UNIT (LENGTH_MEASURE( 1.000000000000000082E-05 ), #201, 'distance_accuracy_value', 'NONE');
#3713 = SURFACE_SIDE_STYLE ('',( #2861 ) ) ;
#3714 = SURFACE_STYLE_FILL_AREA ( #6114 ) ;
#3715 = VERTEX_POINT ( 'NONE', #5514 ) ;
#3716 = FILL_AREA_STYLE ('',( #1217 ) ) ;
#3717 = SURFACE_STYLE_USAGE ( .BOTH. , #2219 ) ;
#3718 = LINE ( 'NONE', #5935, #5934 ) ;
#3719 = SURFACE_STYLE_FILL_AREA ( #1766 ) ;
#3720 = ORIENTED_EDGE ( 'NONE', *, *, #4635, .T. ) ;
#3721 = VECTOR ( 'NONE', #358, 1000.000000000000000 ) ;
#3722 = DIRECTION ( 'NONE',  ( 0.000000000000000000, 0.000000000000000000, -1.000000000000000000 ) ) ;
#3723 = UNCERTAINTY_MEASURE_WITH_UNIT (LENGTH_MEASURE( 1.000000000000000082E-05 ), #4078, 'distance_accuracy_value', 'NONE');
#3724 = LINE ( 'NONE', #2309, #3807 ) ;
#3725 =( GEOMETRIC_REPRESENTATION_CONTEXT ( 3 ) GLOBAL_UNCERTAINTY_ASSIGNED_CONTEXT ( ( #2299 ) ) GLOBAL_UNIT_ASSIGNED_CONTEXT ( ( #2912, #3444, #718 ) ) REPRESENTATION_CONTEXT ( 'NONE', 'WORKASPACE' ) );
#3726 = ORIENTED_EDGE ( 'NONE', *, *, #4430, .T. ) ;
#3727 = ORIENTED_EDGE ( 'NONE', *, *, #6330, .F. ) ;
#3728 = CARTESIAN_POINT ( 'NONE',  ( -8.266092888301050437E-17, -1.350000000000000089, -0.5159459123212694065 ) ) ;
#3729 = VERTEX_POINT ( 'NONE', #5984 ) ;
#3730 = DIRECTION ( 'NONE',  ( 1.000000000000000000, 0.000000000000000000, 0.000000000000000000 ) ) ;
#3731 =( LENGTH_UNIT ( ) NAMED_UNIT ( * ) SI_UNIT ( .MILLI., .METRE. ) );
#3732 = SURFACE_SIDE_STYLE ('',( #4731 ) ) ;
#3733 =( LENGTH_UNIT ( ) NAMED_UNIT ( * ) SI_UNIT ( .MILLI., .METRE. ) );
#3734 = VERTEX_POINT ( 'NONE', #4986 ) ;
#3735 = EDGE_CURVE ( 'NONE', #1238, #1679, #5021, .T. ) ;
#3736 = CARTESIAN_POINT ( 'NONE',  ( 1.922816040256440040, -1.551945271034630203, 1.670000000000000151 ) ) ;
#3737 = AXIS2_PLACEMENT_3D ( 'NONE', #6093, #3988, #5566 ) ;
#3738 = ADVANCED_FACE ( 'NONE', ( #5556 ), #2585, .T. ) ;
#3739 = AXIS2_PLACEMENT_3D ( 'NONE', #4647, #5657, #3135 ) ;
#3740 = VECTOR ( 'NONE', #5466, 1000.000000000000000 ) ;
#3741 = DIRECTION ( 'NONE',  ( 7.228014483236693597E-16, -1.000000000000000000, 0.000000000000000000 ) ) ;
#3742 = CARTESIAN_POINT ( 'NONE',  ( 1.135441809735770136, 1.475072618217709852, 0.9912762577585830792 ) ) ;
#3743 = EDGE_CURVE ( 'NONE', #3852, #714, #957, .T. ) ;
#3744 = STYLED_ITEM ( 'NONE', ( #6289 ), #4318 ) ;
#3745 = STYLED_ITEM ( 'NONE', ( #699 ), #480 ) ;
#3746 = EDGE_CURVE ( 'NONE', #675, #4627, #1639, .T. ) ;
#3747 = VECTOR ( 'NONE', #406, 1000.000000000000000 ) ;
#3748 = CIRCLE ( 'NONE', #3543, 0.1000000000000000472 ) ;
#3749 = PRESENTATION_LAYER_ASSIGNMENT (  '', '', ( #4798 ) ) ;
#3750 = CARTESIAN_POINT ( 'NONE',  ( -1.774318189909330101, -1.466061860831830099, 1.524958015046800064 ) ) ;
#3751 = ORIENTED_EDGE ( 'NONE', *, *, #399, .T. ) ;
#3752 = CARTESIAN_POINT ( 'NONE',  ( -1.757754739180613202, -1.654687696706015121, 1.670000000006379937 ) ) ;
#3753 = CARTESIAN_POINT ( 'NONE',  ( 1.135441809735770136, 1.732498726640149922, 1.594999999999999973 ) ) ;
#3754 = DIRECTION ( 'NONE',  ( 0.000000000000000000, 0.000000000000000000, 1.000000000000000000 ) ) ;
#3755 = AXIS2_PLACEMENT_3D ( 'NONE', #2122, #5058, #5195 ) ;
#3756 = STYLED_ITEM ( 'NONE', ( #3364 ), #212 ) ;
#3757 =( NAMED_UNIT ( * ) SI_UNIT ( $, .STERADIAN. ) SOLID_ANGLE_UNIT ( ) );
#3758 = DIRECTION ( 'NONE',  ( 0.0002296219591804603754, 0.000000000000000000, 0.9999999736368776482 ) ) ;
#3759 = ORIENTED_EDGE ( 'NONE', *, *, #3354, .T. ) ;
#3760 = LINE ( 'NONE', #4809, #2213 ) ;
#3761 = VERTEX_POINT ( 'NONE', #4542 ) ;
#3762 = CARTESIAN_POINT ( 'NONE',  ( -1.198636379818660114, 1.475072618217709852, 1.524958015046800064 ) ) ;
#3763 = UNCERTAINTY_MEASURE_WITH_UNIT (LENGTH_MEASURE( 1.000000000000000082E-05 ), #1381, 'distance_accuracy_value', 'NONE');
#3764 = AXIS2_PLACEMENT_3D ( 'NONE', #2839, #6275, #833 ) ;
#3765 = DIRECTION ( 'NONE',  ( 0.000000000000000000, 1.000000000000000000, 0.000000000000000000 ) ) ;
#3766 = STYLED_ITEM ( 'NONE', ( #5272 ), #5639 ) ;
#3767 = LINE ( 'NONE', #2235, #1177 ) ;
#3768 = ORIENTED_EDGE ( 'NONE', *, *, #3735, .T. ) ;
#3769 = SURFACE_STYLE_FILL_AREA ( #5777 ) ;
#3770 = CARTESIAN_POINT ( 'NONE',  ( -2.350000000000000089, 1.750000000000000000, 1.670000000000000151 ) ) ;
#3771 = CARTESIAN_POINT ( 'NONE',  ( 1.198636379818660114, -1.466061860831830099, 0.9929113569124999872 ) ) ;
#3772 = CARTESIAN_POINT ( 'NONE',  ( -2.350000000000000089, -1.750000000000000000, 0.9929113569124999872 ) ) ;
#3773 = CARTESIAN_POINT ( 'NONE',  ( -1.198636379818660114, -1.466061860831830099, 1.524958015046800064 ) ) ;
#3774 = ADVANCED_FACE ( 'NONE', ( #5055 ), #2083, .T. ) ;
#3775 = DIRECTION ( 'NONE',  ( 1.000000000000000000, 0.000000000000000000, 0.000000000000000000 ) ) ;
#3776 = CARTESIAN_POINT ( 'NONE',  ( 8.266092888301050437E-17, 1.350000000000000089, -0.5988918829267962929 ) ) ;
#3777 = ORIENTED_EDGE ( 'NONE', *, *, #2362, .F. ) ;
#3778 = CARTESIAN_POINT ( 'NONE',  ( -2.330606684319190158, 1.388146906716230200, 1.670000000000000151 ) ) ;
#3779 = PLANE ( 'NONE',  #1907 ) ;
#3780 = EDGE_CURVE ( 'NONE', #6314, #4086, #1141, .T. ) ;
#3781 = CARTESIAN_POINT ( 'NONE',  ( -0.2756685251360169731, -0.4990275020653580085, 1.670000000000000151 ) ) ;
#3782 = CARTESIAN_POINT ( 'NONE',  ( 1.198636379818660114, 1.475072618217709852, 0.08104293853427260719 ) ) ;
#3783 = UNCERTAINTY_MEASURE_WITH_UNIT (LENGTH_MEASURE( 1.000000000000000082E-05 ), #4793, 'distance_accuracy_value', 'NONE');
#3784 =( NAMED_UNIT ( * ) SI_UNIT ( $, .STERADIAN. ) SOLID_ANGLE_UNIT ( ) );
#3785 = VERTEX_POINT ( 'NONE', #4014 ) ;
#3786 = ORIENTED_EDGE ( 'NONE', *, *, #1631, .T. ) ;
#3787 = ORIENTED_EDGE ( 'NONE', *, *, #5365, .T. ) ;
#3788 = CARTESIAN_POINT ( 'NONE',  ( -1.772510222112170020, -1.632498726640150055, 1.670000000000000151 ) ) ;
#3789 = DIRECTION ( 'NONE',  ( 0.000000000000000000, 1.000000000000000000, 2.187487421391570106E-16 ) ) ;
#3790 = FACE_OUTER_BOUND ( 'NONE', #2376, .T. ) ;
#3791 = DIRECTION ( 'NONE',  ( 0.000000000000000000, 0.000000000000000000, -1.000000000000000000 ) ) ;
#3792 = ORIENTED_EDGE ( 'NONE', *, *, #4857, .F. ) ;
#3793 = DIRECTION ( 'NONE',  ( 0.000000000000000000, 1.000000000000000000, 0.000000000000000000 ) ) ;
#3794 =( LENGTH_UNIT ( ) NAMED_UNIT ( * ) SI_UNIT ( .MILLI., .METRE. ) );
#3795 = CARTESIAN_POINT ( 'NONE',  ( -2.350000000000000089, 1.750000000000000000, 0.9912762577585830792 ) ) ;
#3796 = CIRCLE ( 'NONE', #1659, 0.2018258699228371034 ) ;
#3797 = PLANE ( 'NONE',  #1096 ) ;
#3798 = LINE ( 'NONE', #2801, #5716 ) ;
#3799 = VECTOR ( 'NONE', #2752, 1000.000000000000000 ) ;
#3800 = SURFACE_STYLE_USAGE ( .BOTH. , #3713 ) ;
#3801 = LINE ( 'NONE', #2358, #5589 ) ;
#3802 = EDGE_LOOP ( 'NONE', ( #1831, #5446, #5203, #4245 ) ) ;
#3803 = CYLINDRICAL_SURFACE ( 'NONE', #5433, 0.1768228204653010394 ) ;
#3804 = PRESENTATION_LAYER_ASSIGNMENT (  '', '', ( #3292 ) ) ;
#3805 = EDGE_CURVE ( 'NONE', #1865, #1264, #6019, .T. ) ;
#3806 = ADVANCED_FACE ( 'NONE', ( #2628 ), #146, .T. ) ;
#3807 = VECTOR ( 'NONE', #2341, 1000.000000000000000 ) ;
#3808 = FILL_AREA_STYLE_COLOUR ( '', #4392 ) ;
#3809 = ORIENTED_EDGE ( 'NONE', *, *, #157, .T. ) ;
#3810 = CARTESIAN_POINT ( 'NONE',  ( 2.950000000000000622, 0.6045053786929398543, 0.2000000000000000111 ) ) ;
#3811 = SURFACE_SIDE_STYLE ('',( #1256 ) ) ;
#3812 = ORIENTED_EDGE ( 'NONE', *, *, #1111, .T. ) ;
#3813 = CARTESIAN_POINT ( 'NONE',  ( 2.350000000000000533, -0.5954946213070567707, 0.000000000000000000 ) ) ;
#3814 = EDGE_CURVE ( 'NONE', #3973, #2284, #4938, .T. ) ;
#3815 = EDGE_CURVE ( 'NONE', #286, #5799, #3956, .T. ) ;
#3816 = UNCERTAINTY_MEASURE_WITH_UNIT (LENGTH_MEASURE( 1.000000000000000082E-05 ), #53, 'distance_accuracy_value', 'NONE');
#3817 = CARTESIAN_POINT ( 'NONE',  ( 1.774318189909330101, -1.466061860831830099, 0.9929113569124999872 ) ) ;
#3818 = CYLINDRICAL_SURFACE ( 'NONE', #2343, 0.07499999999999998335 ) ;
#3819 = FACE_OUTER_BOUND ( 'NONE', #1006, .T. ) ;
#3820 = CARTESIAN_POINT ( 'NONE',  ( 1.198636379818660114, 1.475072618217709852, 0.000000000000000000 ) ) ;
#3821 = ORIENTED_EDGE ( 'NONE', *, *, #428, .F. ) ;
#3822 = PLANE ( 'NONE',  #5496 ) ;
#3823 = DIRECTION ( 'NONE',  ( -1.000000000000000000, 0.000000000000000000, 0.000000000000000000 ) ) ;
#3824 = STYLED_ITEM ( 'NONE', ( #5967 ), #4884 ) ;
#3825 = LINE ( 'NONE', #1239, #342 ) ;
#3826 = FILL_AREA_STYLE_COLOUR ( '', #6070 ) ;
#3827 = DIRECTION ( 'NONE',  ( 0.000000000000000000, 0.000000000000000000, 1.000000000000000000 ) ) ;
#3828 = EDGE_LOOP ( 'NONE', ( #2068, #2036, #2669, #5026 ) ) ;
#3829 = SURFACE_SIDE_STYLE ('',( #3357 ) ) ;
#3830 = VECTOR ( 'NONE', #3510, 1000.000000000000000 ) ;
#3831 = VECTOR ( 'NONE', #2756, 1000.000000000000000 ) ;
#3832 = DIRECTION ( 'NONE',  ( -0.000000000000000000, 1.000000000000000000, 0.000000000000000000 ) ) ;
#3833 = CIRCLE ( 'NONE', #1062, 0.3018065944804310119 ) ;
#3834 = ORIENTED_EDGE ( 'NONE', *, *, #6071, .T. ) ;
#3835 = LINE ( 'NONE', #5846, #3975 ) ;
#3836 = PRESENTATION_LAYER_ASSIGNMENT (  '', '', ( #5208 ) ) ;
#3837 = VECTOR ( 'NONE', #5509, 1000.000000000000000 ) ;
#3838 = CARTESIAN_POINT ( 'NONE',  ( -1.244968699308478755, -1.715548868595888399, 1.628647670129955705 ) ) ;
#3839 = AXIS2_PLACEMENT_3D ( 'NONE', #3990, #4353, #5991 ) ;
#3840 = AXIS2_PLACEMENT_3D ( 'NONE', #466, #1880, #5347 ) ;
#3841 = STYLED_ITEM ( 'NONE', ( #1415 ), #895 ) ;
#3842 = COLOUR_RGB ( '',0.6980392156862744724, 0.6980392156862744724, 0.6980392156862744724 ) ;
#3843 = DIRECTION ( 'NONE',  ( 0.000000000000000000, 0.000000000000000000, 1.000000000000000000 ) ) ;
#3844 = EDGE_CURVE ( 'NONE', #1637, #2402, #3748, .T. ) ;
#3845 = ORIENTED_EDGE ( 'NONE', *, *, #817, .T. ) ;
#3846 = FACE_OUTER_BOUND ( 'NONE', #2350, .T. ) ;
#3847 = EDGE_LOOP ( 'NONE', ( #316, #2871, #2159, #6199, #4329, #2985 ) ) ;
#3848 = FILL_AREA_STYLE_COLOUR ( '', #722 ) ;
#3849 = DIRECTION ( 'NONE',  ( -1.000000000000000000, 0.000000000000000000, 0.000000000000000000 ) ) ;
#3850 = VECTOR ( 'NONE', #3637, 1000.000000000000000 ) ;
#3851 = ADVANCED_FACE ( 'NONE', ( #2977 ), #2854, .F. ) ;
#3852 = VERTEX_POINT ( 'NONE', #3377 ) ;
#3853 = VECTOR ( 'NONE', #2842, 1000.000000000000000 ) ;
#3854 = FACE_OUTER_BOUND ( 'NONE', #5453, .T. ) ;
#3855 = AXIS2_PLACEMENT_3D ( 'NONE', #4441, #1439, #5473 ) ;
#3856 = EDGE_CURVE ( 'NONE', #5916, #1459, #3967, .T. ) ;
#3857 =( LENGTH_UNIT ( ) NAMED_UNIT ( * ) SI_UNIT ( .MILLI., .METRE. ) );
#3858 =( NAMED_UNIT ( * ) PLANE_ANGLE_UNIT ( ) SI_UNIT ( $, .RADIAN. ) );
#3859 = ORIENTED_EDGE ( 'NONE', *, *, #2524, .T. ) ;
#3860 = ORIENTED_EDGE ( 'NONE', *, *, #5104, .T. ) ;
#3861 = CARTESIAN_POINT ( 'NONE',  ( 0.2756685251360169731, 0.7272569623863829325, 1.670000000000000151 ) ) ;
#3862 = EDGE_CURVE ( 'NONE', #2816, #2549, #4968, .T. ) ;
#3863 = FILL_AREA_STYLE ('',( #4873 ) ) ;
#3864 =( GEOMETRIC_REPRESENTATION_CONTEXT ( 3 ) GLOBAL_UNCERTAINTY_ASSIGNED_CONTEXT ( ( #2789 ) ) GLOBAL_UNIT_ASSIGNED_CONTEXT ( ( #3974, #3456, #3516 ) ) REPRESENTATION_CONTEXT ( 'NONE', 'WORKASPACE' ) );
#3865 = EDGE_CURVE ( 'NONE', #3500, #5422, #4403, .T. ) ;
#3866 = AXIS2_PLACEMENT_3D ( 'NONE', #3408, #6388, #4913 ) ;
#3867 =( NAMED_UNIT ( * ) PLANE_ANGLE_UNIT ( ) SI_UNIT ( $, .RADIAN. ) );
#3868 = LINE ( 'NONE', #4877, #426 ) ;
#3869 = DIRECTION ( 'NONE',  ( 0.000000000000000000, -1.000000000000000000, 0.000000000000000000 ) ) ;
#3870 = VERTEX_POINT ( 'NONE', #3896 ) ;
#3871 = FACE_OUTER_BOUND ( 'NONE', #6290, .T. ) ;
#3872 = MECHANICAL_DESIGN_GEOMETRIC_PRESENTATION_REPRESENTATION (  '', ( #2141 ), #4309 ) ;
#3873 = ORIENTED_EDGE ( 'NONE', *, *, #4824, .T. ) ;
#3874 = AXIS2_PLACEMENT_3D ( 'NONE', #154, #2188, #775 ) ;
#3875 = DIRECTION ( 'NONE',  ( -0.000000000000000000, 1.000000000000000000, -0.000000000000000000 ) ) ;
#3876 = CARTESIAN_POINT ( 'NONE',  ( 1.135441809735770136, 1.732498726640149922, 0.9360832168907079476 ) ) ;
#3877 = FACE_OUTER_BOUND ( 'NONE', #5202, .T. ) ;
#3878 = VERTEX_POINT ( 'NONE', #5896 ) ;
#3879 = LINE ( 'NONE', #4376, #4083 ) ;
#3880 = CARTESIAN_POINT ( 'NONE',  ( -0.6550263814446110056, 0.7115629572946600145, 1.524958015046800064 ) ) ;
#3881 = CARTESIAN_POINT ( 'NONE',  ( -1.214088521629310025, -1.632498726640150055, 1.670000000000000151 ) ) ;
#3882 = EDGE_CURVE ( 'NONE', #4926, #5943, #10, .T. ) ;
#3883 = DIRECTION ( 'NONE',  ( 0.000000000000000000, -1.957775783960479877E-16, 1.000000000000000000 ) ) ;
#3884 = ORIENTED_EDGE ( 'NONE', *, *, #9, .F. ) ;
#3885 =( NAMED_UNIT ( * ) SI_UNIT ( $, .STERADIAN. ) SOLID_ANGLE_UNIT ( ) );
#3886 = ORIENTED_EDGE ( 'NONE', *, *, #5299, .F. ) ;
#3887 = CARTESIAN_POINT ( 'NONE',  ( -1.410375791641969023, -1.732626333015848008, 0.9499004956727240545 ) ) ;
#3888 = ORIENTED_EDGE ( 'NONE', *, *, #3532, .F. ) ;
#3889 = DIRECTION ( 'NONE',  ( 0.000000000000000000, 0.000000000000000000, -1.000000000000000000 ) ) ;
#3890 = DIRECTION ( 'NONE',  ( 0.000000000000000000, 0.000000000000000000, 1.000000000000000000 ) ) ;
#3891 = ORIENTED_EDGE ( 'NONE', *, *, #6109, .T. ) ;
#3892 = ORIENTED_EDGE ( 'NONE', *, *, #2148, .T. ) ;
#3893 = CARTESIAN_POINT ( 'NONE',  ( 1.198636379818660114, 1.475072618217709852, 0.9912762577585830792 ) ) ;
#3894 = EDGE_CURVE ( 'NONE', #1647, #2197, #1454, .T. ) ;
#3895 = EDGE_CURVE ( 'NONE', #2643, #1865, #951, .T. ) ;
#3896 = CARTESIAN_POINT ( 'NONE',  ( -2.350000000000000089, 1.104505378692939743, 0.2000000000000000111 ) ) ;
#3897 = CARTESIAN_POINT ( 'NONE',  ( 2.350000000000000089, 1.475072618217709852, 0.9912762577585830792 ) ) ;
#3898 = CARTESIAN_POINT ( 'NONE',  ( 0.4807147255954329901, -0.6968490896672390189, 1.670000000000000151 ) ) ;
#3899 = LINE ( 'NONE', #486, #3119 ) ;
#3900 = DIRECTION ( 'NONE',  ( -0.000000000000000000, 0.000000000000000000, 1.000000000000000000 ) ) ;
#3901 = SURFACE_SIDE_STYLE ('',( #488 ) ) ;
#3902 = ORIENTED_EDGE ( 'NONE', *, *, #1434, .T. ) ;
#3903 = ORIENTED_EDGE ( 'NONE', *, *, #4235, .T. ) ;
#3904 = EDGE_CURVE ( 'NONE', #1563, #2147, #4912, .T. ) ;
#3905 = ORIENTED_EDGE ( 'NONE', *, *, #5952, .T. ) ;
#3906 = SURFACE_SIDE_STYLE ('',( #1948 ) ) ;
#3907 = DIRECTION ( 'NONE',  ( -0.000000000000000000, 1.000000000000000000, 0.000000000000000000 ) ) ;
#3908 = CARTESIAN_POINT ( 'NONE',  ( 1.742310449531560002, 1.732498726640149922, 1.524958015046800064 ) ) ;
#3909 = ORIENTED_EDGE ( 'NONE', *, *, #521, .F. ) ;
#3910 = PLANE ( 'NONE',  #5765 ) ;
#3911 = LINE ( 'NONE', #4378, #2722 ) ;
#3912 = VECTOR ( 'NONE', #1166, 1000.000000000000000 ) ;
#3913 = PRESENTATION_LAYER_ASSIGNMENT (  '', '', ( #1355 ) ) ;
#3914 = ORIENTED_EDGE ( 'NONE', *, *, #4276, .F. ) ;
#3915 = DIRECTION ( 'NONE',  ( 1.000000000000000000, 0.000000000000000000, 0.000000000000000000 ) ) ;
#3916 = CARTESIAN_POINT ( 'NONE',  ( -1.198636379818660114, 1.750000000000000000, 1.524958015046800064 ) ) ;
#3917 = VERTEX_POINT ( 'NONE', #3928 ) ;
#3918 = DIRECTION ( 'NONE',  ( 0.000000000000000000, 0.000000000000000000, 1.000000000000000000 ) ) ;
#3919 = AXIS2_PLACEMENT_3D ( 'NONE', #4028, #159, #3630 ) ;
#3920 = FILL_AREA_STYLE_COLOUR ( '', #3842 ) ;
#3921 = CARTESIAN_POINT ( 'NONE',  ( 2.292007969290591696, -1.732448372125148683, 0.9499004956727240545 ) ) ;
#3922 = CARTESIAN_POINT ( 'NONE',  ( 0.2756685251360169731, -0.4990275020653580085, 1.524958015046800064 ) ) ;
#3923 = COLOUR_RGB ( '',0.2000000000000000111, 0.2000000000000000111, 0.2000000000000000111 ) ;
#3924 = LINE ( 'NONE', #5923, #6347 ) ;
#3925 = ORIENTED_EDGE ( 'NONE', *, *, #6071, .F. ) ;
#3926 = EDGE_LOOP ( 'NONE', ( #4843, #3670, #4934, #5544 ) ) ;
#3927 = DIRECTION ( 'NONE',  ( 0.000000000000000000, -1.000000000000000000, 0.000000000000000000 ) ) ;
#3928 = CARTESIAN_POINT ( 'NONE',  ( -1.244329381000990109, -1.558644594997879995, 0.9499004956727240545 ) ) ;
#3929 = CARTESIAN_POINT ( 'NONE',  ( -2.350000000000000089, -1.750000000000000000, 1.524958015046800064 ) ) ;
#3930 = DIRECTION ( 'NONE',  ( 0.000000000000000000, -1.000000000000000000, 0.000000000000000000 ) ) ;
#3931 = EDGE_CURVE ( 'NONE', #809, #5350, #5929, .T. ) ;
#3932 = LINE ( 'NONE', #994, #416 ) ;
#3933 = DIRECTION ( 'NONE',  ( 0.000000000000000000, 0.000000000000000000, 1.000000000000000000 ) ) ;
#3934 = DIRECTION ( 'NONE',  ( 0.000000000000000000, 1.000000000000000000, 0.000000000000000000 ) ) ;
#3935 = ORIENTED_EDGE ( 'NONE', *, *, #4025, .F. ) ;
#3936 =( GEOMETRIC_REPRESENTATION_CONTEXT ( 3 ) GLOBAL_UNCERTAINTY_ASSIGNED_CONTEXT ( ( #1775 ) ) GLOBAL_UNIT_ASSIGNED_CONTEXT ( ( #4965, #915, #2417 ) ) REPRESENTATION_CONTEXT ( 'NONE', 'WORKASPACE' ) );
#3937 = EDGE_CURVE ( 'NONE', #4651, #5294, #2611, .T. ) ;
#3938 = VERTEX_POINT ( 'NONE', #2649 ) ;
#3939 = VECTOR ( 'NONE', #5205, 1000.000000000000000 ) ;
#3940 = SURFACE_STYLE_USAGE ( .BOTH. , #4009 ) ;
#3941 = EDGE_CURVE ( 'NONE', #5553, #4086, #4170, .T. ) ;
#3942 = ORIENTED_EDGE ( 'NONE', *, *, #1265, .T. ) ;
#3943 = CARTESIAN_POINT ( 'NONE',  ( 2.166808320000790378, 1.551945271034630203, 1.670000000000000151 ) ) ;
#3944 = DIRECTION ( 'NONE',  ( 0.000000000000000000, 0.000000000000000000, -1.000000000000000000 ) ) ;
#3945 = CARTESIAN_POINT ( 'NONE',  ( -1.244408477699840088, -1.732498726640149922, 1.524958015046800064 ) ) ;
#3946 = EDGE_CURVE ( 'NONE', #573, #1647, #6072, .T. ) ;
#3947 = VECTOR ( 'NONE', #6242, 1000.000000000000000 ) ;
#3948 = SURFACE_STYLE_USAGE ( .BOTH. , #2998 ) ;
#3949 = CARTESIAN_POINT ( 'NONE',  ( -1.922816040256440040, 1.732450861759520011, 1.670000000000000151 ) ) ;
#3950 = CARTESIAN_POINT ( 'NONE',  ( -1.742310449531560002, -1.732498726640149922, 1.524958015046800064 ) ) ;
#3951 =( NAMED_UNIT ( * ) SI_UNIT ( $, .STERADIAN. ) SOLID_ANGLE_UNIT ( ) );
#3952 = ORIENTED_EDGE ( 'NONE', *, *, #200, .F. ) ;
#3953 = DIRECTION ( 'NONE',  ( -1.000000000000000000, -7.228014483236692611E-16, -0.000000000000000000 ) ) ;
#3954 = VECTOR ( 'NONE', #1859, 999.9999999999998863 ) ;
#3955 = AXIS2_PLACEMENT_3D ( 'NONE', #2060, #2158, #5063 ) ;
#3956 = CIRCLE ( 'NONE', #1189, 0.1895074269560790003 ) ;
#3957 = VECTOR ( 'NONE', #3968, 1000.000000000000000 ) ;
#3958 = PLANE ( 'NONE',  #291 ) ;
#3959 = LINE ( 'NONE', #1614, #5515 ) ;
#3960 = VERTEX_POINT ( 'NONE', #5644 ) ;
#3961 = ORIENTED_EDGE ( 'NONE', *, *, #2442, .T. ) ;
#3962 = LINE ( 'NONE', #946, #94 ) ;
#3963 = CARTESIAN_POINT ( 'NONE',  ( -1.067585657234540131, -1.554687120496410113, 1.524958015046800064 ) ) ;
#3964 = VECTOR ( 'NONE', #5130, 1000.000000000000000 ) ;
#3965 = AXIS2_PLACEMENT_3D ( 'NONE', #716, #2782, #371 ) ;
#3966 = EDGE_CURVE ( 'NONE', #5799, #1741, #4530, .T. ) ;
#3967 = LINE ( 'NONE', #514, #1799 ) ;
#3968 = DIRECTION ( 'NONE',  ( -0.7061093399216813449, 0.7081028174462854485, 0.000000000000000000 ) ) ;
#3969 = DIRECTION ( 'NONE',  ( 0.000000000000000000, 0.000000000000000000, -1.000000000000000000 ) ) ;
#3970 = DIRECTION ( 'NONE',  ( -1.000000000000000000, 0.000000000000000000, 0.000000000000000000 ) ) ;
#3971 = EDGE_LOOP ( 'NONE', ( #4175, #156, #657, #263, #1916, #2194, #5142 ) ) ;
#3972 = COLOUR_RGB ( '',0.2000000000000000111, 0.2000000000000000111, 0.2000000000000000111 ) ;
#3973 = VERTEX_POINT ( 'NONE', #2200 ) ;
#3974 =( LENGTH_UNIT ( ) NAMED_UNIT ( * ) SI_UNIT ( .MILLI., .METRE. ) );
#3975 = VECTOR ( 'NONE', #4800, 1000.000000000000000 ) ;
#3976 = DIRECTION ( 'NONE',  ( 7.811265782002810413E-32, 1.275718643402660005E-15, 1.000000000000000000 ) ) ;
#3977 = PLANE ( 'NONE',  #3152 ) ;
#3978 = CARTESIAN_POINT ( 'NONE',  ( 1.922816040256440040, -1.632498726640150055, 1.670000000000000151 ) ) ;
#3979 = CARTESIAN_POINT ( 'NONE',  ( -1.067585657234540131, -1.554687120496410113, 1.670000000000000151 ) ) ;
#3980 = AXIS2_PLACEMENT_3D ( 'NONE', #5619, #5689, #247 ) ;
#3981 = EDGE_CURVE ( 'NONE', #5420, #4827, #4171, .T. ) ;
#3982 = CARTESIAN_POINT ( 'NONE',  ( 0.000000000000000000, 0.000000000000000000, 0.000000000000000000 ) ) ;
#3983 = ORIENTED_EDGE ( 'NONE', *, *, #1111, .F. ) ;
#3984 = ORIENTED_EDGE ( 'NONE', *, *, #894, .F. ) ;
#3985 =( LENGTH_UNIT ( ) NAMED_UNIT ( * ) SI_UNIT ( .MILLI., .METRE. ) );
#3986 = COLOUR_RGB ( '',0.7921568627450980005, 0.8196078431372548767, 0.9333333333333333481 ) ;
#3987 = LINE ( 'NONE', #3495, #1213 ) ;
#3988 = DIRECTION ( 'NONE',  ( 4.355082862985549938E-16, -1.000000000000000000, 0.000000000000000000 ) ) ;
#3989 = ORIENTED_EDGE ( 'NONE', *, *, #9, .T. ) ;
#3990 = CARTESIAN_POINT ( 'NONE',  ( -2.350000000000000089, -0.5954946213070572147, 0.2000000000000000111 ) ) ;
#3991 = VERTEX_POINT ( 'NONE', #4036 ) ;
#3992 =( NAMED_UNIT ( * ) PLANE_ANGLE_UNIT ( ) SI_UNIT ( $, .RADIAN. ) );
#3993 = ADVANCED_FACE ( 'NONE', ( #1590 ), #1053, .T. ) ;
#3994 = CARTESIAN_POINT ( 'NONE',  ( 0.5844210245061349784, -1.732498726640149922, 1.670000000000000151 ) ) ;
#3995 = PRESENTATION_LAYER_ASSIGNMENT (  '', '', ( #360 ) ) ;
#3996 = ORIENTED_EDGE ( 'NONE', *, *, #392, .T. ) ;
#3997 = VERTEX_POINT ( 'NONE', #3817 ) ;
#3998 = SURFACE_STYLE_FILL_AREA ( #1048 ) ;
#3999 = DIRECTION ( 'NONE',  ( 1.000000000000000000, 0.000000000000000000, 0.000000000000000000 ) ) ;
#4000 = DIRECTION ( 'NONE',  ( 0.000000000000000000, 0.000000000000000000, 1.000000000000000000 ) ) ;
#4001 = DIRECTION ( 'NONE',  ( -0.000000000000000000, 1.000000000000000000, 0.000000000000000000 ) ) ;
#4002 = CARTESIAN_POINT ( 'NONE',  ( -0.4807147255954329901, -0.6968490896672400181, 1.670000000000000151 ) ) ;
#4003 = CARTESIAN_POINT ( 'NONE',  ( -1.742310449531560002, -1.732498726640149922, 1.670000000000000151 ) ) ;
#4004 = FILL_AREA_STYLE ('',( #487 ) ) ;
#4005 =( NAMED_UNIT ( * ) PLANE_ANGLE_UNIT ( ) SI_UNIT ( $, .RADIAN. ) );
#4006 = ORIENTED_EDGE ( 'NONE', *, *, #473, .T. ) ;
#4007 = ORIENTED_EDGE ( 'NONE', *, *, #6295, .F. ) ;
#4008 = CARTESIAN_POINT ( 'NONE',  ( 1.198636379818660114, 1.750000000000000000, 0.4956381288792919837 ) ) ;
#4009 = SURFACE_SIDE_STYLE ('',( #3388 ) ) ;
#4010 = DIRECTION ( 'NONE',  ( 0.000000000000000000, -1.000000000000000000, 0.000000000000000000 ) ) ;
#4011 = ORIENTED_EDGE ( 'NONE', *, *, #3844, .F. ) ;
#4012 = DIRECTION ( 'NONE',  ( 1.000000000000000000, 0.000000000000000000, 0.000000000000000000 ) ) ;
#4013 = DIRECTION ( 'NONE',  ( -8.151181148566260731E-16, 0.000000000000000000, -1.000000000000000000 ) ) ;
#4014 = CARTESIAN_POINT ( 'NONE',  ( -1.742310444304469907, -1.732583541087969969, 0.9499004956727240545 ) ) ;
#4015 = ORIENTED_EDGE ( 'NONE', *, *, #259, .F. ) ;
#4016 = ORIENTED_EDGE ( 'NONE', *, *, #817, .F. ) ;
#4017 = SURFACE_STYLE_USAGE ( .BOTH. , #3101 ) ;
#4018 = CARTESIAN_POINT ( 'NONE',  ( -2.350000000000000089, 1.104505378692939743, 0.2000000000000000111 ) ) ;
#4019 = ADVANCED_FACE ( 'NONE', ( #2085 ), #4866, .T. ) ;
#4020 = MECHANICAL_DESIGN_GEOMETRIC_PRESENTATION_REPRESENTATION (  '', ( #6421 ), #1758 ) ;
#4021 = CARTESIAN_POINT ( 'NONE',  ( -1.922816040256440040, 1.551945271034630203, 1.524958015046800064 ) ) ;
#4022 = LINE ( 'NONE', #1673, #230 ) ;
#4023 = EDGE_LOOP ( 'NONE', ( #4942, #3397, #645, #3622 ) ) ;
#4024 = CYLINDRICAL_SURFACE ( 'NONE', #4082, 0.1745482830529370144 ) ;
#4025 = EDGE_CURVE ( 'NONE', #2883, #2197, #2121, .T. ) ;
#4026 = VECTOR ( 'NONE', #5964, 1000.000000000000000 ) ;
#4027 = CARTESIAN_POINT ( 'NONE',  ( -1.244241921405110141, -1.732618347530439973, 0.5872380108679859934 ) ) ;
#4028 = CARTESIAN_POINT ( 'NONE',  ( -0.8454977628303629311, -1.756512990419249798, 1.670000000000000151 ) ) ;
#4029 = PRESENTATION_STYLE_ASSIGNMENT (( #6096 ) ) ;
#4030 = EDGE_CURVE ( 'NONE', #2777, #38, #757, .T. ) ;
#4031 = ORIENTED_EDGE ( 'NONE', *, *, #2001, .F. ) ;
#4032 = EDGE_LOOP ( 'NONE', ( #1005, #3373, #433, #2882 ) ) ;
#4033 = SURFACE_STYLE_USAGE ( .BOTH. , #1710 ) ;
#4034 = VECTOR ( 'NONE', #4125, 1000.000000000000000 ) ;
#4035 = EDGE_CURVE ( 'NONE', #5345, #6134, #1214, .T. ) ;
#4036 = CARTESIAN_POINT ( 'NONE',  ( -2.350000000000000089, 1.750000000000000000, 1.524958015046800064 ) ) ;
#4037 = CARTESIAN_POINT ( 'NONE',  ( -2.350000000000000089, 0.6045053786929398543, 0.2000000000000000111 ) ) ;
#4038 = DIRECTION ( 'NONE',  ( 0.000000000000000000, 0.000000000000000000, -1.000000000000000000 ) ) ;
#4039 = CARTESIAN_POINT ( 'NONE',  ( -0.7025842957044551307, -1.614001858628919983, 1.670000000000000151 ) ) ;
#4040 = DIRECTION ( 'NONE',  ( 1.000000000000000000, -3.707679647491810223E-32, 1.694949013756229675E-16 ) ) ;
#4041 = VERTEX_POINT ( 'NONE', #4120 ) ;
#4042 = ORIENTED_EDGE ( 'NONE', *, *, #6136, .T. ) ;
#4043 =( NAMED_UNIT ( * ) PLANE_ANGLE_UNIT ( ) SI_UNIT ( $, .RADIAN. ) );
#4044 = ORIENTED_EDGE ( 'NONE', *, *, #389, .F. ) ;
#4045 = PLANE ( 'NONE',  #5330 ) ;
#4046 = LINE ( 'NONE', #3978, #867 ) ;
#4047 = CARTESIAN_POINT ( 'NONE',  ( -1.742310449531560002, 1.732498726640149922, 1.670000000000000151 ) ) ;
#4048 = UNCERTAINTY_MEASURE_WITH_UNIT (LENGTH_MEASURE( 1.000000000000000082E-05 ), #3449, 'distance_accuracy_value', 'NONE');
#4049 = AXIS2_PLACEMENT_3D ( 'NONE', #4448, #3918, #1892 ) ;
#4050 = FACE_OUTER_BOUND ( 'NONE', #3421, .T. ) ;
#4051 = EDGE_LOOP ( 'NONE', ( #1663, #4834, #3552, #5704 ) ) ;
#4052 = FILL_AREA_STYLE_COLOUR ( '', #2191 ) ;
#4053 = PLANE ( 'NONE',  #5773 ) ;
#4054 = PLANE ( 'NONE',  #4693 ) ;
#4055 = PLANE ( 'NONE',  #857 ) ;
#4056 = VECTOR ( 'NONE', #5993, 1000.000000000000000 ) ;
#4057 = VERTEX_POINT ( 'NONE', #5230 ) ;
#4058 = CARTESIAN_POINT ( 'NONE',  ( -1.774318189909330101, -1.466061860831830099, 1.524958015046800064 ) ) ;
#4059 = ADVANCED_FACE ( 'NONE', ( #3198 ), #1697, .F. ) ;
#4060 = STYLED_ITEM ( 'NONE', ( #36 ), #4605 ) ;
#4061 = CARTESIAN_POINT ( 'NONE',  ( 1.198636379818660114, 0.000000000000000000, 0.000000000000000000 ) ) ;
#4062 = CARTESIAN_POINT ( 'NONE',  ( -1.198636379818660114, -1.466061860831830099, 1.524958015046800064 ) ) ;
#4063 = ORIENTED_EDGE ( 'NONE', *, *, #4207, .T. ) ;
#4064 = ORIENTED_EDGE ( 'NONE', *, *, #6453, .F. ) ;
#4065 = AXIS2_PLACEMENT_3D ( 'NONE', #2580, #5121, #1601 ) ;
#4066 = FILL_AREA_STYLE_COLOUR ( '', #4979 ) ;
#4067 = EDGE_CURVE ( 'NONE', #1196, #1516, #4618, .T. ) ;
#4068 = AXIS2_PLACEMENT_3D ( 'NONE', #5567, #3036, #1117 ) ;
#4069 = AXIS2_PLACEMENT_3D ( 'NONE', #1110, #2523, #6112 ) ;
#4070 = SURFACE_SIDE_STYLE ('',( #5146 ) ) ;
#4071 = ADVANCED_FACE ( 'NONE', ( #3656 ), #1180, .T. ) ;
#4072 = FACE_OUTER_BOUND ( 'NONE', #582, .T. ) ;
#4073 = LINE ( 'NONE', #4141, #1260 ) ;
#4074 = CARTESIAN_POINT ( 'NONE',  ( -0.3018065944804311229, -1.350000000000000089, 0.05835212073282350365 ) ) ;
#4075 = ORIENTED_EDGE ( 'NONE', *, *, #259, .T. ) ;
#4076 = VECTOR ( 'NONE', #2086, 1000.000000000000000 ) ;
#4077 = ADVANCED_FACE ( 'NONE', ( #2587 ), #3166, .T. ) ;
#4078 =( LENGTH_UNIT ( ) NAMED_UNIT ( * ) SI_UNIT ( .MILLI., .METRE. ) );
#4079 = SURFACE_SIDE_STYLE ('',( #4186 ) ) ;
#4080 = ORIENTED_EDGE ( 'NONE', *, *, #1509, .F. ) ;
#4081 = FACE_OUTER_BOUND ( 'NONE', #5634, .T. ) ;
#4082 = AXIS2_PLACEMENT_3D ( 'NONE', #1579, #1087, #2062 ) ;
#4083 = VECTOR ( 'NONE', #1314, 1000.000000000000000 ) ;
#4084 =( NAMED_UNIT ( * ) SI_UNIT ( $, .STERADIAN. ) SOLID_ANGLE_UNIT ( ) );
#4085 = VECTOR ( 'NONE', #5797, 1000.000000000000000 ) ;
#4086 = VERTEX_POINT ( 'NONE', #2217 ) ;
#4087 = CARTESIAN_POINT ( 'NONE',  ( -8.266092888301050437E-17, -1.350000000000000089, -0.6035212073282351097 ) ) ;
#4088 = VERTEX_POINT ( 'NONE', #177 ) ;
#4089 = LINE ( 'NONE', #2156, #1361 ) ;
#4090 = DIRECTION ( 'NONE',  ( 0.000000000000000000, 0.000000000000000000, -1.000000000000000000 ) ) ;
#4091 = DIRECTION ( 'NONE',  ( 1.000000000000000000, 0.000000000000000000, 0.000000000000000000 ) ) ;
#4092 = CARTESIAN_POINT ( 'NONE',  ( 2.350000000000000089, 0.6045053786929398543, 0.000000000000000000 ) ) ;
#4093 = AXIS2_PLACEMENT_3D ( 'NONE', #865, #3286, #4313 ) ;
#4094 = ORIENTED_EDGE ( 'NONE', *, *, #5013, .F. ) ;
#4095 = ADVANCED_FACE ( 'NONE', ( #2182 ), #2919, .T. ) ;
#4096 = CARTESIAN_POINT ( 'NONE',  ( 1.198636379818660114, 1.475072618217709852, 1.524958015046800064 ) ) ;
#4097 =( NAMED_UNIT ( * ) PLANE_ANGLE_UNIT ( ) SI_UNIT ( $, .RADIAN. ) );
#4098 = LINE ( 'NONE', #2971, #982 ) ;
#4099 = ORIENTED_EDGE ( 'NONE', *, *, #5111, .T. ) ;
#4100 = ORIENTED_EDGE ( 'NONE', *, *, #4561, .F. ) ;
#4101 = SURFACE_STYLE_FILL_AREA ( #4633 ) ;
#4102 = ORIENTED_EDGE ( 'NONE', *, *, #5722, .F. ) ;
#4103 = CARTESIAN_POINT ( 'NONE',  ( -1.135441809735770136, 1.475072618217709852, 1.524958015046800064 ) ) ;
#4104 = CARTESIAN_POINT ( 'NONE',  ( -1.067585657234540131, -1.554687120496410113, 1.670000000000000151 ) ) ;
#4105 = CARTESIAN_POINT ( 'NONE',  ( -0.2756685251360169731, 0.7272569623863829325, 1.670000000000000151 ) ) ;
#4106 = PRESENTATION_STYLE_ASSIGNMENT (( #2075 ) ) ;
#4107 = LINE ( 'NONE', #3051, #1874 ) ;
#4108 = ADVANCED_FACE ( 'NONE', ( #2509 ), #2982, .T. ) ;
#4109 = LINE ( 'NONE', #6201, #5723 ) ;
#4110 = ORIENTED_EDGE ( 'NONE', *, *, #2987, .F. ) ;
#4111 = EDGE_CURVE ( 'NONE', #4135, #376, #1023, .T. ) ;
#4112 = DIRECTION ( 'NONE',  ( -0.000000000000000000, 1.000000000000000000, 0.000000000000000000 ) ) ;
#4113 = DIRECTION ( 'NONE',  ( 0.000000000000000000, 0.000000000000000000, -1.000000000000000000 ) ) ;
#4114 = PLANE ( 'NONE',  #5899 ) ;
#4115 = ORIENTED_EDGE ( 'NONE', *, *, #4576, .F. ) ;
#4116 = ADVANCED_FACE ( 'NONE', ( #1432 ), #3451, .T. ) ;
#4117 = CARTESIAN_POINT ( 'NONE',  ( -0.2756685251360169731, 0.7272569623863829325, 1.670000000000000151 ) ) ;
#4118 = UNCERTAINTY_MEASURE_WITH_UNIT (LENGTH_MEASURE( 1.000000000000000082E-05 ), #4625, 'distance_accuracy_value', 'NONE');
#4119 = FILL_AREA_STYLE ('',( #636 ) ) ;
#4120 = CARTESIAN_POINT ( 'NONE',  ( 0.1966118409089785135, 1.350000000000000089, -0.6035212073282351097 ) ) ;
#4121 = ORIENTED_EDGE ( 'NONE', *, *, #4936, .T. ) ;
#4122 = LINE ( 'NONE', #741, #2030 ) ;
#4123 = FACE_OUTER_BOUND ( 'NONE', #2051, .T. ) ;
#4124 = ORIENTED_EDGE ( 'NONE', *, *, #4397, .T. ) ;
#4125 = DIRECTION ( 'NONE',  ( 0.000000000000000000, 0.000000000000000000, -1.000000000000000000 ) ) ;
#4126 = DIRECTION ( 'NONE',  ( 0.000000000000000000, -1.000000000000000000, 0.000000000000000000 ) ) ;
#4127 = FACE_OUTER_BOUND ( 'NONE', #4631, .T. ) ;
#4128 = ORIENTED_EDGE ( 'NONE', *, *, #2442, .F. ) ;
#4129 = VECTOR ( 'NONE', #432, 1000.000000000000000 ) ;
#4130 = FACE_OUTER_BOUND ( 'NONE', #1026, .T. ) ;
#4131 = FACE_OUTER_BOUND ( 'NONE', #1149, .T. ) ;
#4132 = VERTEX_POINT ( 'NONE', #1977 ) ;
#4133 = ORIENTED_EDGE ( 'NONE', *, *, #2295, .T. ) ;
#4134 = DIRECTION ( 'NONE',  ( 0.000000000000000000, 0.000000000000000000, -1.000000000000000000 ) ) ;
#4135 = VERTEX_POINT ( 'NONE', #2384 ) ;
#4136 = DIRECTION ( 'NONE',  ( -0.000000000000000000, 1.000000000000000000, 0.000000000000000000 ) ) ;
#4137 = CIRCLE ( 'NONE', #1348, 0.3018065944804310119 ) ;
#4138 = CARTESIAN_POINT ( 'NONE',  ( -1.244408477699840088, -1.632498726640150055, 1.570000000000000062 ) ) ;
#4139 = FACE_OUTER_BOUND ( 'NONE', #5987, .T. ) ;
#4140 = DIRECTION ( 'NONE',  ( 0.000000000000000000, 0.000000000000000000, 1.000000000000000000 ) ) ;
#4141 = CARTESIAN_POINT ( 'NONE',  ( 0.6550263814446110056, 0.7115629572946600145, 1.670000000000000151 ) ) ;
#4142 = CARTESIAN_POINT ( 'NONE',  ( 1.742310449531560002, -1.732498726640149922, 1.570000000000000062 ) ) ;
#4143 = ORIENTED_EDGE ( 'NONE', *, *, #1231, .F. ) ;
#4144 = AXIS2_PLACEMENT_3D ( 'NONE', #2067, #6031, #1583 ) ;
#4145 = EDGE_CURVE ( 'NONE', #773, #4212, #3932, .T. ) ;
#4146 =( NAMED_UNIT ( * ) SI_UNIT ( $, .STERADIAN. ) SOLID_ANGLE_UNIT ( ) );
#4147 = SURFACE_STYLE_FILL_AREA ( #2682 ) ;
#4148 = FILL_AREA_STYLE ('',( #6108 ) ) ;
#4149 = VERTEX_POINT ( 'NONE', #5010 ) ;
#4150 = PRESENTATION_STYLE_ASSIGNMENT (( #5158 ) ) ;
#4151 = EDGE_CURVE ( 'NONE', #2549, #415, #4694, .T. ) ;
#4152 = EDGE_CURVE ( 'NONE', #5, #5585, #3899, .T. ) ;
#4153 =( GEOMETRIC_REPRESENTATION_CONTEXT ( 3 ) GLOBAL_UNCERTAINTY_ASSIGNED_CONTEXT ( ( #796 ) ) GLOBAL_UNIT_ASSIGNED_CONTEXT ( ( #790, #298, #3478 ) ) REPRESENTATION_CONTEXT ( 'NONE', 'WORKASPACE' ) );
#4154 = FILL_AREA_STYLE_COLOUR ( '', #4883 ) ;
#4155 = ORIENTED_EDGE ( 'NONE', *, *, #5022, .F. ) ;
#4156 = LINE ( 'NONE', #2661, #141 ) ;
#4157 = EDGE_LOOP ( 'NONE', ( #682, #227, #95, #944 ) ) ;
#4158 = EDGE_CURVE ( 'NONE', #4920, #3072, #1457, .T. ) ;
#4159 = FILL_AREA_STYLE_COLOUR ( '', #3093 ) ;
#4160 = PRESENTATION_STYLE_ASSIGNMENT (( #122 ) ) ;
#4161 = ORIENTED_EDGE ( 'NONE', *, *, #5299, .T. ) ;
#4162 = EDGE_CURVE ( 'NONE', #4724, #2992, #1656, .T. ) ;
#4163 = DIRECTION ( 'NONE',  ( 0.000000000000000000, 0.000000000000000000, 1.000000000000000000 ) ) ;
#4164 = CIRCLE ( 'NONE', #5396, 0.1000000000000000472 ) ;
#4165 = DIRECTION ( 'NONE',  ( 0.000000000000000000, 0.000000000000000000, -1.000000000000000000 ) ) ;
#4166 = ORIENTED_EDGE ( 'NONE', *, *, #2480, .T. ) ;
#4167 = ORIENTED_EDGE ( 'NONE', *, *, #970, .T. ) ;
#4168 = CARTESIAN_POINT ( 'NONE',  ( -1.067585657234540131, -1.731509940961710070, 1.524958015046800064 ) ) ;
#4169 = VERTEX_POINT ( 'NONE', #3155 ) ;
#4170 = CIRCLE ( 'NONE', #1589, 0.1637983643183980875 ) ;
#4171 = LINE ( 'NONE', #1554, #3830 ) ;
#4172 = AXIS2_PLACEMENT_3D ( 'NONE', #713, #4323, #5787 ) ;
#4173 = CARTESIAN_POINT ( 'NONE',  ( 2.350000000000000089, 1.104505378692939743, 0.2000000000000000111 ) ) ;
#4174 = SURFACE_SIDE_STYLE ('',( #6225 ) ) ;
#4175 = ORIENTED_EDGE ( 'NONE', *, *, #4342, .T. ) ;
#4176 = CYLINDRICAL_SURFACE ( 'NONE', #711, 0.2018258699228369923 ) ;
#4177 = SURFACE_STYLE_FILL_AREA ( #590 ) ;
#4178 = FACE_OUTER_BOUND ( 'NONE', #1833, .T. ) ;
#4179 = CARTESIAN_POINT ( 'NONE',  ( 2.291999606393563038, -1.558462649570529157, 0.5872380108679859934 ) ) ;
#4180 = EDGE_LOOP ( 'NONE', ( #2535, #3430, #1770, #2807 ) ) ;
#4181 =( GEOMETRIC_REPRESENTATION_CONTEXT ( 3 ) GLOBAL_UNCERTAINTY_ASSIGNED_CONTEXT ( ( #147 ) ) GLOBAL_UNIT_ASSIGNED_CONTEXT ( ( #1378, #1801, #3334 ) ) REPRESENTATION_CONTEXT ( 'NONE', 'WORKASPACE' ) );
#4182 = AXIS2_PLACEMENT_3D ( 'NONE', #4138, #3120, #5609 ) ;
#4183 = ADVANCED_FACE ( 'NONE', ( #692 ), #2408, .T. ) ;
#4184 = DIRECTION ( 'NONE',  ( 0.000000000000000000, -1.000000000000000000, 0.000000000000000000 ) ) ;
#4185 = DIRECTION ( 'NONE',  ( 0.000000000000000000, -1.000000000000000000, 0.000000000000000000 ) ) ;
#4186 = SURFACE_STYLE_FILL_AREA ( #1240 ) ;
#4187 = ORIENTED_EDGE ( 'NONE', *, *, #3966, .T. ) ;
#4188 = MECHANICAL_DESIGN_GEOMETRIC_PRESENTATION_REPRESENTATION (  '', ( #5531 ), #5842 ) ;
#4189 = UNCERTAINTY_MEASURE_WITH_UNIT (LENGTH_MEASURE( 1.000000000000000082E-05 ), #1670, 'distance_accuracy_value', 'NONE');
#4190 = VECTOR ( 'NONE', #4013, 1000.000000000000000 ) ;
#4191 =( GEOMETRIC_REPRESENTATION_CONTEXT ( 3 ) GLOBAL_UNCERTAINTY_ASSIGNED_CONTEXT ( ( #4790 ) ) GLOBAL_UNIT_ASSIGNED_CONTEXT ( ( #1367, #4285, #3320 ) ) REPRESENTATION_CONTEXT ( 'NONE', 'WORKASPACE' ) );
#4192 = CARTESIAN_POINT ( 'NONE',  ( 0.4502168081889539875, 0.7272569623863829325, 1.670000000000000151 ) ) ;
#4193 = ORIENTED_EDGE ( 'NONE', *, *, #5874, .F. ) ;
#4194 = COLOUR_RGB ( '',0.7921568627450980005, 0.8196078431372548767, 0.9333333333333333481 ) ;
#4195 = SURFACE_STYLE_FILL_AREA ( #1283 ) ;
#4196 = SURFACE_STYLE_FILL_AREA ( #4255 ) ;
#4197 = ORIENTED_EDGE ( 'NONE', *, *, #3665, .F. ) ;
#4198 = COLOUR_RGB ( '',0.2000000000000000111, 0.2000000000000000111, 0.2000000000000000111 ) ;
#4199 = EDGE_CURVE ( 'NONE', #2368, #5916, #2575, .T. ) ;
#4200 = MECHANICAL_DESIGN_GEOMETRIC_PRESENTATION_REPRESENTATION (  '', ( #4503 ), #3563 ) ;
#4201 = LINE ( 'NONE', #5103, #759 ) ;
#4202 = FACE_OUTER_BOUND ( 'NONE', #1175, .T. ) ;
#4203 = ORIENTED_EDGE ( 'NONE', *, *, #4030, .F. ) ;
#4204 = SURFACE_STYLE_USAGE ( .BOTH. , #3811 ) ;
#4205 = ORIENTED_EDGE ( 'NONE', *, *, #4151, .T. ) ;
#4206 = DIRECTION ( 'NONE',  ( 1.000000000000000000, 0.000000000000000000, 0.000000000000000000 ) ) ;
#4207 = EDGE_CURVE ( 'NONE', #5300, #1264, #6040, .T. ) ;
#4208 = AXIS2_PLACEMENT_3D ( 'NONE', #5001, #4630, #549 ) ;
#4209 = DIRECTION ( 'NONE',  ( 1.000000000000000000, 0.000000000000000000, 0.000000000000000000 ) ) ;
#4210 = FACE_OUTER_BOUND ( 'NONE', #2605, .T. ) ;
#4211 = SURFACE_SIDE_STYLE ('',( #1299 ) ) ;
#4212 = VERTEX_POINT ( 'NONE', #1100 ) ;
#4213 = SURFACE_SIDE_STYLE ('',( #34 ) ) ;
#4214 = ORIENTED_EDGE ( 'NONE', *, *, #5874, .T. ) ;
#4215 = DIRECTION ( 'NONE',  ( 1.000000000000000000, 7.228014483236693597E-16, 0.000000000000000000 ) ) ;
#4216 = SURFACE_SIDE_STYLE ('',( #3226 ) ) ;
#4217 = LINE ( 'NONE', #1139, #5697 ) ;
#4218 = ORIENTED_EDGE ( 'NONE', *, *, #5373, .F. ) ;
#4219 = CARTESIAN_POINT ( 'NONE',  ( -1.244408477699840088, -1.732498726640149922, 1.524958015046800064 ) ) ;
#4220 = ORIENTED_EDGE ( 'NONE', *, *, #1582, .T. ) ;
#4221 = LINE ( 'NONE', #253, #1920 ) ;
#4222 = FILL_AREA_STYLE_COLOUR ( '', #4291 ) ;
#4223 = PRODUCT_RELATED_PRODUCT_CATEGORY ( 'part', '', ( #2160 ) ) ;
#4224 = LINE ( 'NONE', #1249, #4371 ) ;
#4225 = DIRECTION ( 'NONE',  ( 1.000000000000000000, 0.000000000000000000, 0.000000000000000000 ) ) ;
#4226 = DIRECTION ( 'NONE',  ( 1.000000000000000000, 0.000000000000000000, 0.000000000000000000 ) ) ;
#4227 = EDGE_CURVE ( 'NONE', #5381, #573, #6075, .T. ) ;
#4228 = DIRECTION ( 'NONE',  ( 1.000000000000000000, 0.000000000000000000, 0.000000000000000000 ) ) ;
#4229 = EDGE_LOOP ( 'NONE', ( #2579, #975, #5535, #2478 ) ) ;
#4230 =( NAMED_UNIT ( * ) PLANE_ANGLE_UNIT ( ) SI_UNIT ( $, .RADIAN. ) );
#4231 = ADVANCED_FACE ( 'NONE', ( #5045 ), #2170, .F. ) ;
#4232 = VERTEX_POINT ( 'NONE', #5678 ) ;
#4233 = CARTESIAN_POINT ( 'NONE',  ( 1.774318189909330101, -1.466061860831830099, 0.9929113569124999872 ) ) ;
#4234 = UNCERTAINTY_MEASURE_WITH_UNIT (LENGTH_MEASURE( 1.000000000000000082E-05 ), #2896, 'distance_accuracy_value', 'NONE');
#4235 = EDGE_CURVE ( 'NONE', #2256, #4424, #1233, .T. ) ;
#4236 =( LENGTH_UNIT ( ) NAMED_UNIT ( * ) SI_UNIT ( .MILLI., .METRE. ) );
#4237 = LINE ( 'NONE', #4303, #2687 ) ;
#4238 = CARTESIAN_POINT ( 'NONE',  ( -2.350000000000000089, -1.750000000000000000, 1.524958015046800064 ) ) ;
#4239 = ORIENTED_EDGE ( 'NONE', *, *, #3618, .T. ) ;
#4240 = ORIENTED_EDGE ( 'NONE', *, *, #5338, .F. ) ;
#4241 = DIRECTION ( 'NONE',  ( 0.000000000000000000, -1.000000000000000000, 0.000000000000000000 ) ) ;
#4242 = CARTESIAN_POINT ( 'NONE',  ( -1.187565630244470150, -1.750000000000000000, 0.9499004956727240545 ) ) ;
#4243 = VECTOR ( 'NONE', #5774, 1000.000000000000000 ) ;
#4244 = LINE ( 'NONE', #6292, #6012 ) ;
#4245 = ORIENTED_EDGE ( 'NONE', *, *, #88, .T. ) ;
#4246 = PRESENTATION_STYLE_ASSIGNMENT (( #1402 ) ) ;
#4247 = UNCERTAINTY_MEASURE_WITH_UNIT (LENGTH_MEASURE( 1.000000000000000082E-05 ), #4373, 'distance_accuracy_value', 'NONE');
#4248 = CARTESIAN_POINT ( 'NONE',  ( -1.742310449531560002, -1.732498726640149922, 1.670000000000000151 ) ) ;
#4249 = CARTESIAN_POINT ( 'NONE',  ( -2.350000000000000089, 1.104505378692939743, 0.000000000000000000 ) ) ;
#4250 = STYLED_ITEM ( 'NONE', ( #5988 ), #2599 ) ;
#4251 = VERTEX_POINT ( 'NONE', #1594 ) ;
#4252 = CARTESIAN_POINT ( 'NONE',  ( -1.244329381000990109, -1.558644594997879995, 0.9499004956727240545 ) ) ;
#4253 = DIRECTION ( 'NONE',  ( -1.000000000000000000, 0.000000000000000000, -0.000000000000000000 ) ) ;
#4254 = LINE ( 'NONE', #215, #2401 ) ;
#4255 = FILL_AREA_STYLE ('',( #5764 ) ) ;
#4256 = CARTESIAN_POINT ( 'NONE',  ( 8.266092888301050437E-17, 1.350000000000000089, 0.05835212073282350365 ) ) ;
#4257 = UNCERTAINTY_MEASURE_WITH_UNIT (LENGTH_MEASURE( 1.000000000000000082E-05 ), #2685, 'distance_accuracy_value', 'NONE');
#4258 = FILL_AREA_STYLE ('',( #6305 ) ) ;
#4259 = STYLED_ITEM ( 'NONE', ( #1094 ), #3061 ) ;
#4260 = ORIENTED_EDGE ( 'NONE', *, *, #4030, .T. ) ;
#4261 = FILL_AREA_STYLE_COLOUR ( '', #1178 ) ;
#4262 = PRESENTATION_LAYER_ASSIGNMENT (  '', '', ( #2704 ) ) ;
#4263 = ORIENTED_EDGE ( 'NONE', *, *, #1354, .T. ) ;
#4264 = CARTESIAN_POINT ( 'NONE',  ( 0.000000000000000000, 0.7015834068728459272, 1.524958015046800064 ) ) ;
#4265 = AXIS2_PLACEMENT_3D ( 'NONE', #2739, #3277, #3247 ) ;
#4266 = ADVANCED_FACE ( 'NONE', ( #4305 ), #2290, .F. ) ;
#4267 = SURFACE_STYLE_USAGE ( .BOTH. , #3732 ) ;
#4268 = ORIENTED_EDGE ( 'NONE', *, *, #2751, .F. ) ;
#4269 = ORIENTED_EDGE ( 'NONE', *, *, #3931, .T. ) ;
#4270 = LINE ( 'NONE', #5335, #4457 ) ;
#4271 = DIRECTION ( 'NONE',  ( 1.000000000000000000, 0.000000000000000000, 0.000000000000000000 ) ) ;
#4272 = EDGE_CURVE ( 'NONE', #1603, #6134, #3767, .T. ) ;
#4273 = AXIS2_PLACEMENT_3D ( 'NONE', #5367, #4407, #6391 ) ;
#4274 = UNCERTAINTY_MEASURE_WITH_UNIT (LENGTH_MEASURE( 1.000000000000000082E-05 ), #5229, 'distance_accuracy_value', 'NONE');
#4275 = VECTOR ( 'NONE', #1083, 1000.000000000000000 ) ;
#4276 = EDGE_CURVE ( 'NONE', #1761, #286, #1780, .T. ) ;
#4277 = CARTESIAN_POINT ( 'NONE',  ( -0.4807147255954329901, -0.6968490896672400181, 1.670000000000000151 ) ) ;
#4278 = CARTESIAN_POINT ( 'NONE',  ( 2.350000000000000089, -1.466061860831830099, 0.9929113569124999872 ) ) ;
#4279 = CARTESIAN_POINT ( 'NONE',  ( -2.350000000000000089, 1.104505378692939743, 0.2000000000000000111 ) ) ;
#4280 = PRESENTATION_LAYER_ASSIGNMENT (  '', '', ( #6253 ) ) ;
#4281 = CIRCLE ( 'NONE', #4710, 0.3018065944804310119 ) ;
#4282 = EDGE_CURVE ( 'NONE', #1459, #3072, #2767, .T. ) ;
#4283 = VECTOR ( 'NONE', #1954, 1000.000000000000000 ) ;
#4284 = PRESENTATION_LAYER_ASSIGNMENT (  '', '', ( #3645 ) ) ;
#4285 =( NAMED_UNIT ( * ) PLANE_ANGLE_UNIT ( ) SI_UNIT ( $, .RADIAN. ) );
#4286 = ORIENTED_EDGE ( 'NONE', *, *, #4719, .F. ) ;
#4287 = DIRECTION ( 'NONE',  ( -1.000000000000000000, 0.000000000000000000, 0.000000000000000000 ) ) ;
#4288 = LINE ( 'NONE', #2459, #3340 ) ;
#4289 = LINE ( 'NONE', #681, #5100 ) ;
#4290 = SURFACE_STYLE_USAGE ( .BOTH. , #6243 ) ;
#4291 = COLOUR_RGB ( '',0.7921568627450980005, 0.8196078431372548767, 0.9333333333333333481 ) ;
#4292 = PRESENTATION_LAYER_ASSIGNMENT (  '', '', ( #4804 ) ) ;
#4293 = LINE ( 'NONE', #6280, #1086 ) ;
#4294 = LINE ( 'NONE', #717, #2689 ) ;
#4295 = VERTEX_POINT ( 'NONE', #6198 ) ;
#4296 = DIRECTION ( 'NONE',  ( 0.000000000000000000, 0.000000000000000000, 1.000000000000000000 ) ) ;
#4297 = ORIENTED_EDGE ( 'NONE', *, *, #4976, .T. ) ;
#4298 = FILL_AREA_STYLE_COLOUR ( '', #313 ) ;
#4299 = EDGE_CURVE ( 'NONE', #4705, #4674, #1747, .T. ) ;
#4300 = COLOUR_RGB ( '',0.6980392156862744724, 0.6980392156862744724, 0.6980392156862744724 ) ;
#4301 = UNCERTAINTY_MEASURE_WITH_UNIT (LENGTH_MEASURE( 1.000000000000000082E-05 ), #2621, 'distance_accuracy_value', 'NONE');
#4302 = VECTOR ( 'NONE', #1878, 1000.000000000000000 ) ;
#4303 = CARTESIAN_POINT ( 'NONE',  ( 1.399999999999999911, -2.753959618851870239, 0.2700000000000000178 ) ) ;
#4304 = COLOUR_RGB ( '',0.2000000000000000111, 0.2000000000000000111, 0.2000000000000000111 ) ;
#4305 = FACE_OUTER_BOUND ( 'NONE', #5094, .T. ) ;
#4306 = ORIENTED_EDGE ( 'NONE', *, *, #1265, .F. ) ;
#4307 = SURFACE_STYLE_USAGE ( .BOTH. , #6258 ) ;
#4308 = PLANE ( 'NONE',  #2294 ) ;
#4309 =( GEOMETRIC_REPRESENTATION_CONTEXT ( 3 ) GLOBAL_UNCERTAINTY_ASSIGNED_CONTEXT ( ( #3783 ) ) GLOBAL_UNIT_ASSIGNED_CONTEXT ( ( #4793, #363, #2800 ) ) REPRESENTATION_CONTEXT ( 'NONE', 'WORKASPACE' ) );
#4310 = SURFACE_STYLE_FILL_AREA ( #1270 ) ;
#4311 = CARTESIAN_POINT ( 'NONE',  ( 1.194532035297049877, 1.732498726640149922, 1.524958015046800064 ) ) ;
#4312 = EDGE_CURVE ( 'NONE', #3008, #3091, #5798, .T. ) ;
#4313 = DIRECTION ( 'NONE',  ( 0.000000000000000000, -1.000000000000000000, 0.000000000000000000 ) ) ;
#4314 = LINE ( 'NONE', #4339, #1259 ) ;
#4315 = EDGE_CURVE ( 'NONE', #4169, #5548, #3833, .T. ) ;
#4316 = UNCERTAINTY_MEASURE_WITH_UNIT (LENGTH_MEASURE( 1.000000000000000082E-05 ), #988, 'distance_accuracy_value', 'NONE');
#4317 = PRESENTATION_STYLE_ASSIGNMENT (( #3800 ) ) ;
#4318 = ADVANCED_FACE ( 'NONE', ( #6256 ), #3279, .F. ) ;
#4319 = ORIENTED_EDGE ( 'NONE', *, *, #5587, .T. ) ;
#4320 = FACE_OUTER_BOUND ( 'NONE', #3059, .T. ) ;
#4321 = SURFACE_STYLE_FILL_AREA ( #6240 ) ;
#4322 = DIRECTION ( 'NONE',  ( -1.000000000000000000, 0.000000000000000000, 8.151181148566260731E-16 ) ) ;
#4323 = DIRECTION ( 'NONE',  ( -0.000000000000000000, 1.000000000000000000, 0.000000000000000000 ) ) ;
#4324 = UNCERTAINTY_MEASURE_WITH_UNIT (LENGTH_MEASURE( 1.000000000000000082E-05 ), #2179, 'distance_accuracy_value', 'NONE');
#4325 = VERTEX_POINT ( 'NONE', #6410 ) ;
#4326 = CARTESIAN_POINT ( 'NONE',  ( 1.244353609985937359, -1.558513006320854988, 0.9499004956727240545 ) ) ;
#4327 = EDGE_LOOP ( 'NONE', ( #1641, #5354, #4239, #5859 ) ) ;
#4328 = CARTESIAN_POINT ( 'NONE',  ( 2.291999606393563038, -1.558462649570529157, 0.5872380108679859934 ) ) ;
#4329 = ORIENTED_EDGE ( 'NONE', *, *, #1788, .F. ) ;
#4330 = LINE ( 'NONE', #6221, #6446 ) ;
#4331 =( NAMED_UNIT ( * ) SI_UNIT ( $, .STERADIAN. ) SOLID_ANGLE_UNIT ( ) );
#4332 = CARTESIAN_POINT ( 'NONE',  ( 2.350000000000000089, 0.6045053786929398543, 0.000000000000000000 ) ) ;
#4333 = SURFACE_STYLE_FILL_AREA ( #819 ) ;
#4334 = ORIENTED_EDGE ( 'NONE', *, *, #2837, .F. ) ;
#4335 = DIRECTION ( 'NONE',  ( 0.000000000000000000, 0.000000000000000000, -1.000000000000000000 ) ) ;
#4336 = DIRECTION ( 'NONE',  ( -1.000000000000000000, 0.000000000000000000, 0.000000000000000000 ) ) ;
#4337 = VECTOR ( 'NONE', #5008, 1000.000000000000000 ) ;
#4338 = DIRECTION ( 'NONE',  ( -0.9999999988448025068, 4.806657061659141619E-05, 0.000000000000000000 ) ) ;
#4339 = CARTESIAN_POINT ( 'NONE',  ( -1.774318189909330101, -1.466061860831830099, 0.9929113569124999872 ) ) ;
#4340 = EDGE_CURVE ( 'NONE', #577, #571, #4841, .T. ) ;
#4341 = CARTESIAN_POINT ( 'NONE',  ( 0.6550263814446110056, 0.7115629572946600145, 1.524958015046800064 ) ) ;
#4342 = EDGE_CURVE ( 'NONE', #4251, #1419, #5999, .T. ) ;
#4343 = ORIENTED_EDGE ( 'NONE', *, *, #1932, .T. ) ;
#4344 = CARTESIAN_POINT ( 'NONE',  ( 1.198636379818660114, 1.732498726640149922, 1.524958015046800064 ) ) ;
#4345 = FACE_OUTER_BOUND ( 'NONE', #3971, .T. ) ;
#4346 = EDGE_CURVE ( 'NONE', #6151, #4924, #3924, .T. ) ;
#4347 = PRESENTATION_LAYER_ASSIGNMENT (  '', '', ( #1252 ) ) ;
#4348 = SURFACE_SIDE_STYLE ('',( #2365 ) ) ;
#4349 = EDGE_CURVE ( 'NONE', #1251, #5345, #4932, .T. ) ;
#4350 = DIRECTION ( 'NONE',  ( 1.000000000000000000, 0.000000000000000000, 0.000000000000000000 ) ) ;
#4351 = ORIENTED_EDGE ( 'NONE', *, *, #1969, .F. ) ;
#4352 = DIRECTION ( 'NONE',  ( -1.000000000000000000, 0.000000000000000000, 0.000000000000000000 ) ) ;
#4353 = DIRECTION ( 'NONE',  ( 1.000000000000000000, 0.000000000000000000, 0.000000000000000000 ) ) ;
#4354 = EDGE_LOOP ( 'NONE', ( #2078, #209, #372, #6010 ) ) ;
#4355 = CARTESIAN_POINT ( 'NONE',  ( 1.194532035297049877, 1.517608363321570009, 1.892038733626690172 ) ) ;
#4356 = VECTOR ( 'NONE', #3494, 1000.000000000000000 ) ;
#4357 = UNCERTAINTY_MEASURE_WITH_UNIT (LENGTH_MEASURE( 1.000000000000000082E-05 ), #3223, 'distance_accuracy_value', 'NONE');
#4358 = VECTOR ( 'NONE', #3123, 1000.000000000000000 ) ;
#4359 = CARTESIAN_POINT ( 'NONE',  ( -2.330606684319190158, 1.388146906716230200, 1.524958015046800064 ) ) ;
#4360 = DIRECTION ( 'NONE',  ( 0.000000000000000000, 0.000000000000000000, 1.000000000000000000 ) ) ;
#4361 = ORIENTED_EDGE ( 'NONE', *, *, #2763, .F. ) ;
#4362 = DIRECTION ( 'NONE',  ( 0.000000000000000000, -1.000000000000000000, 6.022513088650859663E-16 ) ) ;
#4363 = DIRECTION ( 'NONE',  ( 0.000000000000000000, 1.000000000000000000, 0.000000000000000000 ) ) ;
#4364 = VECTOR ( 'NONE', #3927, 1000.000000000000000 ) ;
#4365 = DIRECTION ( 'NONE',  ( 0.000000000000000000, 0.000000000000000000, 1.000000000000000000 ) ) ;
#4366 = DIRECTION ( 'NONE',  ( 0.000000000000000000, 0.000000000000000000, 1.000000000000000000 ) ) ;
#4367 = CARTESIAN_POINT ( 'NONE',  ( 0.000000000000000000, 0.7015834068728459272, 1.670000000000000151 ) ) ;
#4368 = LINE ( 'NONE', #4737, #6317 ) ;
#4369 = LINE ( 'NONE', #4794, #3199 ) ;
#4370 = EDGE_CURVE ( 'NONE', #4057, #5, #3959, .T. ) ;
#4371 = VECTOR ( 'NONE', #776, 1000.000000000000000 ) ;
#4372 = LINE ( 'NONE', #962, #2525 ) ;
#4373 =( LENGTH_UNIT ( ) NAMED_UNIT ( * ) SI_UNIT ( .MILLI., .METRE. ) );
#4374 =( GEOMETRIC_REPRESENTATION_CONTEXT ( 3 ) GLOBAL_UNCERTAINTY_ASSIGNED_CONTEXT ( ( #4813 ) ) GLOBAL_UNIT_ASSIGNED_CONTEXT ( ( #1300, #4696, #295 ) ) REPRESENTATION_CONTEXT ( 'NONE', 'WORKASPACE' ) );
#4375 = ORIENTED_EDGE ( 'NONE', *, *, #5144, .T. ) ;
#4376 = CARTESIAN_POINT ( 'NONE',  ( -1.279333081627950008, 1.475072618217709852, 0.9912762577585830792 ) ) ;
#4377 = LINE ( 'NONE', #3880, #6170 ) ;
#4378 = CARTESIAN_POINT ( 'NONE',  ( 1.922816040256440040, 1.551945271034630203, 1.670000000000000151 ) ) ;
#4379 = EDGE_CURVE ( 'NONE', #6044, #551, #1082, .T. ) ;
#4380 = AXIS2_PLACEMENT_3D ( 'NONE', #3728, #3298, #5703 ) ;
#4381 = VECTOR ( 'NONE', #6005, 1000.000000000000000 ) ;
#4382 = VECTOR ( 'NONE', #6351, 1000.000000000000000 ) ;
#4383 = VECTOR ( 'NONE', #5487, 1000.000000000000000 ) ;
#4384 = ORIENTED_EDGE ( 'NONE', *, *, #1194, .F. ) ;
#4385 = CARTESIAN_POINT ( 'NONE',  ( 1.187565630244470150, -1.750000000000000000, 1.448687028813379962 ) ) ;
#4386 = ORIENTED_EDGE ( 'NONE', *, *, #3307, .F. ) ;
#4387 = CARTESIAN_POINT ( 'NONE',  ( -2.950000000000000178, 0.6045053786929398543, 0.2000000000000000111 ) ) ;
#4388 = ADVANCED_FACE ( 'NONE', ( #3596 ), #1186, .F. ) ;
#4389 = VECTOR ( 'NONE', #3621, 999.9999999999998863 ) ;
#4390 =( LENGTH_UNIT ( ) NAMED_UNIT ( * ) SI_UNIT ( .MILLI., .METRE. ) );
#4391 = ORIENTED_EDGE ( 'NONE', *, *, #3814, .F. ) ;
#4392 = COLOUR_RGB ( '',0.2000000000000000111, 0.2000000000000000111, 0.2000000000000000111 ) ;
#4393 = SURFACE_STYLE_USAGE ( .BOTH. , #5454 ) ;
#4394 = EDGE_CURVE ( 'NONE', #6105, #4659, #2610, .T. ) ;
#4395 = CARTESIAN_POINT ( 'NONE',  ( -1.244408477699840088, -1.731509940961710070, 1.524958015046800064 ) ) ;
#4396 = DIRECTION ( 'NONE',  ( 0.000000000000000000, -2.187487421391570106E-16, 1.000000000000000000 ) ) ;
#4397 = EDGE_CURVE ( 'NONE', #1637, #2435, #4480, .T. ) ;
#4398 = EDGE_LOOP ( 'NONE', ( #2151, #594, #68, #2311, #4547, #5811 ) ) ;
#4399 = ORIENTED_EDGE ( 'NONE', *, *, #3182, .F. ) ;
#4400 = FACE_OUTER_BOUND ( 'NONE', #2707, .T. ) ;
#4401 = CARTESIAN_POINT ( 'NONE',  ( 1.399999999999999911, 0.000000000000000000, 0.000000000000000000 ) ) ;
#4402 = AXIS2_PLACEMENT_3D ( 'NONE', #5944, #1001, #2956 ) ;
#4403 = LINE ( 'NONE', #6387, #5417 ) ;
#4404 = CYLINDRICAL_SURFACE ( 'NONE', #3866, 0.1805055907248848679 ) ;
#4405 = CARTESIAN_POINT ( 'NONE',  ( -1.244408477699840088, -1.558656565019939988, 0.9499004956727240545 ) ) ;
#4406 = DIRECTION ( 'NONE',  ( 0.000000000000000000, 0.000000000000000000, 1.000000000000000000 ) ) ;
#4407 = DIRECTION ( 'NONE',  ( 0.000000000000000000, 0.000000000000000000, 1.000000000000000000 ) ) ;
#4408 =( NAMED_UNIT ( * ) PLANE_ANGLE_UNIT ( ) SI_UNIT ( $, .RADIAN. ) );
#4409 =( GEOMETRIC_REPRESENTATION_CONTEXT ( 3 ) GLOBAL_UNCERTAINTY_ASSIGNED_CONTEXT ( ( #1855 ) ) GLOBAL_UNIT_ASSIGNED_CONTEXT ( ( #386, #5221, #1787 ) ) REPRESENTATION_CONTEXT ( 'NONE', 'WORKASPACE' ) );
#4410 = VECTOR ( 'NONE', #574, 999.9999999999998863 ) ;
#4411 = FILL_AREA_STYLE ('',( #2517 ) ) ;
#4412 = EDGE_LOOP ( 'NONE', ( #6121, #243, #6343, #5493, #2166, #4418 ) ) ;
#4413 = CARTESIAN_POINT ( 'NONE',  ( 1.742310449531560002, 1.732450861759520011, 1.524958015046800064 ) ) ;
#4414 = PLANE ( 'NONE',  #1296 ) ;
#4415 = ORIENTED_EDGE ( 'NONE', *, *, #2566, .F. ) ;
#4416 = CARTESIAN_POINT ( 'NONE',  ( -1.742310449531560002, 1.732450861759520011, 1.670000000000000151 ) ) ;
#4417 = CARTESIAN_POINT ( 'NONE',  ( 1.198636379818660114, -1.466061860831830099, 1.524958015046800064 ) ) ;
#4418 = ORIENTED_EDGE ( 'NONE', *, *, #3235, .F. ) ;
#4419 = CARTESIAN_POINT ( 'NONE',  ( -1.198636379818660114, 1.475072618217709852, 0.000000000000000000 ) ) ;
#4420 = EDGE_CURVE ( 'NONE', #1242, #252, #2562, .T. ) ;
#4421 = CARTESIAN_POINT ( 'NONE',  ( 1.922816040256440040, -1.551945271034630203, 1.670000000000000151 ) ) ;
#4422 = DIRECTION ( 'NONE',  ( 1.000000000000000000, 0.000000000000000000, 0.000000000000000000 ) ) ;
#4423 = ADVANCED_FACE ( 'NONE', ( #5596 ), #4054, .F. ) ;
#4424 = VERTEX_POINT ( 'NONE', #5481 ) ;
#4425 = ORIENTED_EDGE ( 'NONE', *, *, #3701, .T. ) ;
#4426 = CARTESIAN_POINT ( 'NONE',  ( 0.000000000000000000, 0.000000000000000000, 0.000000000000000000 ) ) ;
#4427 = CARTESIAN_POINT ( 'NONE',  ( 0.4807147255954329901, -0.6968490896672400181, 1.524958015046800064 ) ) ;
#4428 = ADVANCED_FACE ( 'NONE', ( #2594 ), #4586, .T. ) ;
#4429 = CARTESIAN_POINT ( 'NONE',  ( 1.194532035297049877, 1.517608363321570009, 1.892038733626690172 ) ) ;
#4430 = EDGE_CURVE ( 'NONE', #3493, #2147, #3526, .T. ) ;
#4431 = CARTESIAN_POINT ( 'NONE',  ( -2.330606684319190158, -1.388146906716230200, 1.670000000000000151 ) ) ;
#4432 =( LENGTH_UNIT ( ) NAMED_UNIT ( * ) SI_UNIT ( .MILLI., .METRE. ) );
#4433 = CARTESIAN_POINT ( 'NONE',  ( -1.774318189909330101, -1.466061860831830099, 1.524958015046800064 ) ) ;
#4434 = LINE ( 'NONE', #6422, #3429 ) ;
#4435 = ORIENTED_EDGE ( 'NONE', *, *, #912, .F. ) ;
#4436 = ORIENTED_EDGE ( 'NONE', *, *, #1707, .T. ) ;
#4437 = CIRCLE ( 'NONE', #175, 0.1768228204653010394 ) ;
#4438 = LINE ( 'NONE', #2952, #1917 ) ;
#4439 = FACE_OUTER_BOUND ( 'NONE', #882, .T. ) ;
#4440 = VERTEX_POINT ( 'NONE', #2693 ) ;
#4441 = CARTESIAN_POINT ( 'NONE',  ( -1.279333081627950008, 1.473734927972049968, 0.08104293853427260719 ) ) ;
#4442 = DIRECTION ( 'NONE',  ( 1.000000000000000000, 0.000000000000000000, 0.000000000000000000 ) ) ;
#4443 = AXIS2_PLACEMENT_3D ( 'NONE', #5610, #2073, #3121 ) ;
#4444 = FILL_AREA_STYLE ('',( #5561 ) ) ;
#4445 = ORIENTED_EDGE ( 'NONE', *, *, #2524, .F. ) ;
#4446 = SURFACE_SIDE_STYLE ('',( #3469 ) ) ;
#4447 = ORIENTED_EDGE ( 'NONE', *, *, #399, .F. ) ;
#4448 = CARTESIAN_POINT ( 'NONE',  ( 1.922816040256440040, -1.732450861759520011, 1.670000000000000151 ) ) ;
#4449 = VECTOR ( 'NONE', #2560, 1000.000000000000000 ) ;
#4450 = PLANE ( 'NONE',  #12 ) ;
#4451 = CARTESIAN_POINT ( 'NONE',  ( -2.330606684319190158, -1.388146906716230200, 1.670000000000000151 ) ) ;
#4452 = AXIS2_PLACEMENT_3D ( 'NONE', #4433, #3933, #1529 ) ;
#4453 = ORIENTED_EDGE ( 'NONE', *, *, #2934, .T. ) ;
#4454 = ORIENTED_EDGE ( 'NONE', *, *, #3746, .T. ) ;
#4455 = DIRECTION ( 'NONE',  ( 0.000000000000000000, 0.000000000000000000, -1.000000000000000000 ) ) ;
#4456 = SURFACE_SIDE_STYLE ('',( #1905 ) ) ;
#4457 = VECTOR ( 'NONE', #5215, 1000.000000000000000 ) ;
#4458 = FILL_AREA_STYLE_COLOUR ( '', #5749 ) ;
#4459 = FACE_OUTER_BOUND ( 'NONE', #5823, .T. ) ;
#4460 = DIRECTION ( 'NONE',  ( 0.000000000000000000, 0.000000000000000000, -1.000000000000000000 ) ) ;
#4461 = DIRECTION ( 'NONE',  ( -1.000000000000000000, 0.000000000000000000, 0.000000000000000000 ) ) ;
#4462 =( NAMED_UNIT ( * ) PLANE_ANGLE_UNIT ( ) SI_UNIT ( $, .RADIAN. ) );
#4463 = ORIENTED_EDGE ( 'NONE', *, *, #5904, .F. ) ;
#4464 = EDGE_CURVE ( 'NONE', #1698, #639, #311, .T. ) ;
#4465 = EDGE_LOOP ( 'NONE', ( #5881, #1739, #224, #2291, #5720, #5394 ) ) ;
#4466 = VECTOR ( 'NONE', #784, 1000.000000000000000 ) ;
#4467 = CARTESIAN_POINT ( 'NONE',  ( 1.198636379818660114, -1.466061860831830099, 0.000000000000000000 ) ) ;
#4468 = SURFACE_STYLE_FILL_AREA ( #2483 ) ;
#4469 = ORIENTED_EDGE ( 'NONE', *, *, #2226, .T. ) ;
#4470 = LINE ( 'NONE', #2894, #6177 ) ;
#4471 = CARTESIAN_POINT ( 'NONE',  ( -1.198636379818660114, -1.612800135353730235, 1.524958015046800064 ) ) ;
#4472 = EDGE_CURVE ( 'NONE', #16, #3372, #4224, .T. ) ;
#4473 = CARTESIAN_POINT ( 'NONE',  ( -0.2756685251360169731, 0.7015834068728459272, 1.670000000000000151 ) ) ;
#4474 = STYLED_ITEM ( 'NONE', ( #643 ), #4423 ) ;
#4475 = VECTOR ( 'NONE', #5775, 1000.000000000000000 ) ;
#4476 = FACE_OUTER_BOUND ( 'NONE', #3299, .T. ) ;
#4477 = ORIENTED_EDGE ( 'NONE', *, *, #3590, .F. ) ;
#4478 = LINE ( 'NONE', #2933, #383 ) ;
#4479 =( NAMED_UNIT ( * ) PLANE_ANGLE_UNIT ( ) SI_UNIT ( $, .RADIAN. ) );
#4480 = LINE ( 'NONE', #3070, #2897 ) ;
#4481 = ORIENTED_EDGE ( 'NONE', *, *, #572, .T. ) ;
#4482 = FILL_AREA_STYLE ('',( #3368 ) ) ;
#4483 = ORIENTED_EDGE ( 'NONE', *, *, #2727, .T. ) ;
#4484 =( NAMED_UNIT ( * ) SI_UNIT ( $, .STERADIAN. ) SOLID_ANGLE_UNIT ( ) );
#4485 = COLOUR_RGB ( '',0.6980392156862744724, 0.6980392156862744724, 0.6980392156862744724 ) ;
#4486 = AXIS2_PLACEMENT_3D ( 'NONE', #6419, #2946, #2979 ) ;
#4487 = SURFACE_STYLE_FILL_AREA ( #3039 ) ;
#4488 = VECTOR ( 'NONE', #2394, 1000.000000000000000 ) ;
#4489 = CARTESIAN_POINT ( 'NONE',  ( -8.266092888301050437E-17, -1.350000000000000089, 0.05835212073282350365 ) ) ;
#4490 = SURFACE_STYLE_USAGE ( .BOTH. , #2908 ) ;
#4491 = STYLED_ITEM ( 'NONE', ( #579 ), #83 ) ;
#4492 = ORIENTED_EDGE ( 'NONE', *, *, #1464, .F. ) ;
#4493 = FILL_AREA_STYLE_COLOUR ( '', #2484 ) ;
#4494 = DIRECTION ( 'NONE',  ( -6.123031769111888756E-17, -1.000000000000000000, 0.000000000000000000 ) ) ;
#4495 = COLOUR_RGB ( '',0.7921568627450980005, 0.8196078431372548767, 0.9333333333333333481 ) ;
#4496 = CARTESIAN_POINT ( 'NONE',  ( 0.4807147255954329901, -0.5225374338180610589, 1.524958015046800064 ) ) ;
#4497 = PRESENTATION_STYLE_ASSIGNMENT (( #2945 ) ) ;
#4498 = PLANE ( 'NONE',  #5750 ) ;
#4499 = CARTESIAN_POINT ( 'NONE',  ( 1.922816040256440040, -1.732450861759520011, 1.524958015046800064 ) ) ;
#4500 = FILL_AREA_STYLE ('',( #4879 ) ) ;
#4501 = CARTESIAN_POINT ( 'NONE',  ( -1.198636379818660114, -1.750000000000000000, 0.000000000000000000 ) ) ;
#4502 = SURFACE_STYLE_USAGE ( .BOTH. , #3901 ) ;
#4503 = STYLED_ITEM ( 'NONE', ( #515 ), #5529 ) ;
#4504 = ADVANCED_FACE ( 'NONE', ( #1794 ), #1220, .T. ) ;
#4505 = ORIENTED_EDGE ( 'NONE', *, *, #5590, .T. ) ;
#4506 = DIRECTION ( 'NONE',  ( 0.000000000000000000, 0.000000000000000000, -1.000000000000000000 ) ) ;
#4507 = LINE ( 'NONE', #1436, #5108 ) ;
#4508 = CARTESIAN_POINT ( 'NONE',  ( -0.2756685251360169731, 0.7015834068728459272, 1.670000000000000151 ) ) ;
#4509 = EDGE_LOOP ( 'NONE', ( #317, #96, #86, #1147, #3021, #4015, #2099, #2925, #6285, #550, #4678, #6116 ) ) ;
#4510 = DIRECTION ( 'NONE',  ( 0.000000000000000000, -1.000000000000000000, 0.000000000000000000 ) ) ;
#4511 = CARTESIAN_POINT ( 'NONE',  ( -2.350000000000000089, 1.104505378692939743, 0.000000000000000000 ) ) ;
#4512 = EDGE_CURVE ( 'NONE', #2760, #2284, #5165, .T. ) ;
#4513 = DIRECTION ( 'NONE',  ( 1.000000000000000000, 0.000000000000000000, 0.000000000000000000 ) ) ;
#4514 = AXIS2_PLACEMENT_3D ( 'NONE', #652, #1045, #2642 ) ;
#4515 = EDGE_CURVE ( 'NONE', #6412, #3697, #4254, .T. ) ;
#4516 = SURFACE_STYLE_FILL_AREA ( #4837 ) ;
#4517 = EDGE_CURVE ( 'NONE', #3573, #5105, #712, .T. ) ;
#4518 = EDGE_LOOP ( 'NONE', ( #5204, #1803 ) ) ;
#4519 = CARTESIAN_POINT ( 'NONE',  ( 0.2756685251360169731, -0.4990275020653580085, 1.670000000000000151 ) ) ;
#4520 = CARTESIAN_POINT ( 'NONE',  ( -2.214855333278670013, 1.473734927972049968, 0.08104293853427260719 ) ) ;
#4521 = DIRECTION ( 'NONE',  ( 0.000000000000000000, 1.000000000000000000, 0.000000000000000000 ) ) ;
#4522 = ORIENTED_EDGE ( 'NONE', *, *, #4207, .F. ) ;
#4523 = LINE ( 'NONE', #544, #5009 ) ;
#4524 = DIRECTION ( 'NONE',  ( 0.000000000000000000, 0.000000000000000000, 1.000000000000000000 ) ) ;
#4525 = LINE ( 'NONE', #5036, #554 ) ;
#4526 = ORIENTED_EDGE ( 'NONE', *, *, #656, .F. ) ;
#4527 = ORIENTED_EDGE ( 'NONE', *, *, #5369, .F. ) ;
#4528 =( NAMED_UNIT ( * ) SI_UNIT ( $, .STERADIAN. ) SOLID_ANGLE_UNIT ( ) );
#4529 = LINE ( 'NONE', #2787, #4466 ) ;
#4530 = LINE ( 'NONE', #4664, #5206 ) ;
#4531 = LINE ( 'NONE', #2650, #2821 ) ;
#4532 = LINE ( 'NONE', #6165, #4850 ) ;
#4533 = DIRECTION ( 'NONE',  ( 0.000000000000000000, 0.000000000000000000, -1.000000000000000000 ) ) ;
#4534 = CARTESIAN_POINT ( 'NONE',  ( 0.4647840932999509622, 0.9018052454393200579, 1.670000000000000151 ) ) ;
#4535 = EDGE_LOOP ( 'NONE', ( #5614, #5031, #2481, #2344 ) ) ;
#4536 = ORIENTED_EDGE ( 'NONE', *, *, #2648, .F. ) ;
#4537 = DIRECTION ( 'NONE',  ( 1.000000000000000000, 0.000000000000000000, 0.000000000000000000 ) ) ;
#4538 = PLANE ( 'NONE',  #2719 ) ;
#4539 = CARTESIAN_POINT ( 'NONE',  ( -1.067585657234540131, -1.731509940961710070, 1.670000000000000151 ) ) ;
#4540 = ORIENTED_EDGE ( 'NONE', *, *, #1143, .F. ) ;
#4541 = DIRECTION ( 'NONE',  ( 0.000000000000000000, 0.000000000000000000, -1.000000000000000000 ) ) ;
#4542 = CARTESIAN_POINT ( 'NONE',  ( -1.214088521629310025, -1.632498726640150055, 1.670000000000000151 ) ) ;
#4543 = EDGE_CURVE ( 'NONE', #451, #1419, #4289, .T. ) ;
#4544 = ADVANCED_FACE ( 'NONE', ( #5260 ), #5763, .F. ) ;
#4545 =( NAMED_UNIT ( * ) PLANE_ANGLE_UNIT ( ) SI_UNIT ( $, .RADIAN. ) );
#4546 = ORIENTED_EDGE ( 'NONE', *, *, #2473, .F. ) ;
#4547 = ORIENTED_EDGE ( 'NONE', *, *, #4742, .T. ) ;
#4548 = DIRECTION ( 'NONE',  ( 0.000000000000000000, -1.000000000000000000, 0.000000000000000000 ) ) ;
#4549 = FACE_OUTER_BOUND ( 'NONE', #4871, .T. ) ;
#4550 = AXIS2_PLACEMENT_3D ( 'NONE', #1130, #3639, #4038 ) ;
#4551 = CARTESIAN_POINT ( 'NONE',  ( -2.330606684319190158, -1.388146906716230200, 1.524958015046800064 ) ) ;
#4552 = ORIENTED_EDGE ( 'NONE', *, *, #6192, .T. ) ;
#4553 = PLANE ( 'NONE',  #4910 ) ;
#4554 = EDGE_CURVE ( 'NONE', #3236, #5381, #5196, .T. ) ;
#4555 = EDGE_CURVE ( 'NONE', #2846, #3346, #4770, .T. ) ;
#4556 = DIRECTION ( 'NONE',  ( 1.000000000000000000, 0.000000000000000000, 0.000000000000000000 ) ) ;
#4557 = LINE ( 'NONE', #4062, #2432 ) ;
#4558 = ORIENTED_EDGE ( 'NONE', *, *, #4379, .T. ) ;
#4559 = ORIENTED_EDGE ( 'NONE', *, *, #3865, .T. ) ;
#4560 = DIRECTION ( 'NONE',  ( 0.000000000000000000, 0.000000000000000000, -1.000000000000000000 ) ) ;
#4561 = EDGE_CURVE ( 'NONE', #5015, #1368, #1737, .T. ) ;
#4562 = MECHANICAL_DESIGN_GEOMETRIC_PRESENTATION_REPRESENTATION (  '', ( #3292 ), #2474 ) ;
#4563 = DIRECTION ( 'NONE',  ( -1.000000000000000000, 0.000000000000000000, 0.000000000000000000 ) ) ;
#4564 = FACE_OUTER_BOUND ( 'NONE', #6229, .T. ) ;
#4565 = ORIENTED_EDGE ( 'NONE', *, *, #2473, .T. ) ;
#4566 = FACE_OUTER_BOUND ( 'NONE', #4327, .T. ) ;
#4567 = SURFACE_STYLE_FILL_AREA ( #1721 ) ;
#4568 = VERTEX_POINT ( 'NONE', #4716 ) ;
#4569 = COLOUR_RGB ( '',0.2000000000000000111, 0.2000000000000000111, 0.2000000000000000111 ) ;
#4570 = FACE_OUTER_BOUND ( 'NONE', #3529, .T. ) ;
#4571 = PRESENTATION_STYLE_ASSIGNMENT (( #2990 ) ) ;
#4572 = CARTESIAN_POINT ( 'NONE',  ( -2.950000000000000178, -0.5954946213070567707, 0.000000000000000000 ) ) ;
#4573 = VECTOR ( 'NONE', #3177, 1000.000000000000000 ) ;
#4574 = ORIENTED_EDGE ( 'NONE', *, *, #4340, .T. ) ;
#4575 = VECTOR ( 'NONE', #4609, 1000.000000000000000 ) ;
#4576 = EDGE_CURVE ( 'NONE', #20, #5345, #106, .T. ) ;
#4577 = DIRECTION ( 'NONE',  ( 0.000000000000000000, 0.000000000000000000, 1.000000000000000000 ) ) ;
#4578 = UNCERTAINTY_MEASURE_WITH_UNIT (LENGTH_MEASURE( 1.000000000000000082E-05 ), #2234, 'distance_accuracy_value', 'NONE');
#4579 = VECTOR ( 'NONE', #5173, 999.9999999999998863 ) ;
#4580 = DIRECTION ( 'NONE',  ( -0.000000000000000000, 1.000000000000000000, 0.000000000000000000 ) ) ;
#4581 =( NAMED_UNIT ( * ) SI_UNIT ( $, .STERADIAN. ) SOLID_ANGLE_UNIT ( ) );
#4582 = VERTEX_POINT ( 'NONE', #1765 ) ;
#4583 = ORIENTED_EDGE ( 'NONE', *, *, #5667, .F. ) ;
#4584 = FACE_OUTER_BOUND ( 'NONE', #5248, .T. ) ;
#4585 = CARTESIAN_POINT ( 'NONE',  ( -1.922816040256440040, 1.732450861759520011, 1.524958015046800064 ) ) ;
#4586 = PLANE ( 'NONE',  #5834 ) ;
#4587 = SURFACE_SIDE_STYLE ('',( #2189 ) ) ;
#4588 = ORIENTED_EDGE ( 'NONE', *, *, #3272, .F. ) ;
#4589 = STYLED_ITEM ( 'NONE', ( #2024 ), #4019 ) ;
#4590 =( LENGTH_UNIT ( ) NAMED_UNIT ( * ) SI_UNIT ( .MILLI., .METRE. ) );
#4591 = EDGE_CURVE ( 'NONE', #2695, #161, #3718, .T. ) ;
#4592 = ORIENTED_EDGE ( 'NONE', *, *, #2751, .T. ) ;
#4593 = SURFACE_STYLE_FILL_AREA ( #2536 ) ;
#4594 = FILL_AREA_STYLE ('',( #508 ) ) ;
#4595 = ORIENTED_EDGE ( 'NONE', *, *, #861, .F. ) ;
#4596 = EDGE_LOOP ( 'NONE', ( #2136, #6230 ) ) ;
#4597 = DIRECTION ( 'NONE',  ( 0.000000000000000000, 0.000000000000000000, 1.000000000000000000 ) ) ;
#4598 = STYLED_ITEM ( 'NONE', ( #4853 ), #336 ) ;
#4599 = EDGE_CURVE ( 'NONE', #3433, #1709, #835, .T. ) ;
#4600 = ORIENTED_EDGE ( 'NONE', *, *, #2555, .T. ) ;
#4601 = CARTESIAN_POINT ( 'NONE',  ( 0.000000000000000000, 0.000000000000000000, 1.524958015046800064 ) ) ;
#4602 = AXIS2_PLACEMENT_3D ( 'NONE', #6120, #576, #1646 ) ;
#4603 = AXIS2_PLACEMENT_3D ( 'NONE', #3062, #113, #3587 ) ;
#4604 = VECTOR ( 'NONE', #6101, 1000.000000000000000 ) ;
#4605 = ADVANCED_FACE ( 'NONE', ( #6041 ), #4973, .F. ) ;
#4606 = LINE ( 'NONE', #6130, #2313 ) ;
#4607 = FILL_AREA_STYLE_COLOUR ( '', #2775 ) ;
#4608 = PLANE ( 'NONE',  #5815 ) ;
#4609 = DIRECTION ( 'NONE',  ( 1.000000000000000000, 0.000000000000000000, 0.000000000000000000 ) ) ;
#4610 = ORIENTED_EDGE ( 'NONE', *, *, #1191, .T. ) ;
#4611 = PRESENTATION_LAYER_ASSIGNMENT (  '', '', ( #1908 ) ) ;
#4612 = DIRECTION ( 'NONE',  ( 0.000000000000000000, 0.000000000000000000, -1.000000000000000000 ) ) ;
#4613 = EDGE_LOOP ( 'NONE', ( #3821, #3322, #1000, #2558 ) ) ;
#4614 =( NAMED_UNIT ( * ) SI_UNIT ( $, .STERADIAN. ) SOLID_ANGLE_UNIT ( ) );
#4615 = CARTESIAN_POINT ( 'NONE',  ( 2.214855333278670013, 1.732498726640149922, 0.9360832168907079476 ) ) ;
#4616 = VECTOR ( 'NONE', #1065, 1000.000000000000000 ) ;
#4617 = PRESENTATION_LAYER_ASSIGNMENT (  '', '', ( #3029 ) ) ;
#4618 = LINE ( 'NONE', #148, #4389 ) ;
#4619 = AXIS2_PLACEMENT_3D ( 'NONE', #2792, #3789, #4815 ) ;
#4620 = EDGE_LOOP ( 'NONE', ( #2439, #5525, #3892, #1754, #4115, #5461 ) ) ;
#4621 = PRESENTATION_STYLE_ASSIGNMENT (( #6088 ) ) ;
#4622 = ORIENTED_EDGE ( 'NONE', *, *, #1145, .F. ) ;
#4623 = EDGE_LOOP ( 'NONE', ( #2715, #4685, #2712, #2108 ) ) ;
#4624 = LINE ( 'NONE', #5479, #4449 ) ;
#4625 =( LENGTH_UNIT ( ) NAMED_UNIT ( * ) SI_UNIT ( .MILLI., .METRE. ) );
#4626 = PRESENTATION_LAYER_ASSIGNMENT (  '', '', ( #2034 ) ) ;
#4627 = VERTEX_POINT ( 'NONE', #2512 ) ;
#4628 = LINE ( 'NONE', #4096, #3025 ) ;
#4629 = DIRECTION ( 'NONE',  ( 1.000000000000000000, 0.000000000000000000, 0.000000000000000000 ) ) ;
#4630 = DIRECTION ( 'NONE',  ( 0.000000000000000000, 0.000000000000000000, -1.000000000000000000 ) ) ;
#4631 = EDGE_LOOP ( 'NONE', ( #3909, #237, #3455, #2258 ) ) ;
#4632 = VERTEX_POINT ( 'NONE', #2045 ) ;
#4633 = FILL_AREA_STYLE ('',( #2606 ) ) ;
#4634 = ORIENTED_EDGE ( 'NONE', *, *, #5904, .T. ) ;
#4635 = EDGE_CURVE ( 'NONE', #1962, #4132, #3453, .T. ) ;
#4636 = ADVANCED_FACE ( 'NONE', ( #1494 ), #2453, .F. ) ;
#4637 = CARTESIAN_POINT ( 'NONE',  ( 2.350000000000000089, -1.466061860831830099, 0.9929113569124999872 ) ) ;
#4638 = PLANE ( 'NONE',  #7 ) ;
#4639 = CARTESIAN_POINT ( 'NONE',  ( 1.742310444304459915, -1.558547818131809981, 0.9499004956727240545 ) ) ;
#4640 = CARTESIAN_POINT ( 'NONE',  ( -1.198636379818660114, 1.475072618217709852, 1.524958015046800064 ) ) ;
#4641 = EDGE_CURVE ( 'NONE', #3433, #2777, #4434, .T. ) ;
#4642 = EDGE_CURVE ( 'NONE', #2256, #3973, #996, .T. ) ;
#4643 = SURFACE_STYLE_USAGE ( .BOTH. , #3906 ) ;
#4644 = ORIENTED_EDGE ( 'NONE', *, *, #4824, .F. ) ;
#4645 = SURFACE_STYLE_FILL_AREA ( #3651 ) ;
#4646 = UNCERTAINTY_MEASURE_WITH_UNIT (LENGTH_MEASURE( 1.000000000000000082E-05 ), #3362, 'distance_accuracy_value', 'NONE');
#4647 = CARTESIAN_POINT ( 'NONE',  ( 2.330606684319190158, -1.388146906716230200, 1.670000000000000151 ) ) ;
#4648 = ORIENTED_EDGE ( 'NONE', *, *, #5747, .F. ) ;
#4649 = CARTESIAN_POINT ( 'NONE',  ( -0.2756685251360169731, -0.5073416627111608790, 1.670000000000000151 ) ) ;
#4650 =( NAMED_UNIT ( * ) SI_UNIT ( $, .STERADIAN. ) SOLID_ANGLE_UNIT ( ) );
#4651 = VERTEX_POINT ( 'NONE', #2984 ) ;
#4652 = PLANE ( 'NONE',  #1774 ) ;
#4653 = FILL_AREA_STYLE_COLOUR ( '', #3986 ) ;
#4654 = DIRECTION ( 'NONE',  ( 0.000000000000000000, 0.000000000000000000, -1.000000000000000000 ) ) ;
#4655 = ORIENTED_EDGE ( 'NONE', *, *, #4517, .F. ) ;
#4656 = CARTESIAN_POINT ( 'NONE',  ( -0.4807147255954329901, -0.5225374338180610589, 1.670000000000000151 ) ) ;
#4657 = LINE ( 'NONE', #187, #4956 ) ;
#4658 = VERTEX_POINT ( 'NONE', #522 ) ;
#4659 = VERTEX_POINT ( 'NONE', #1103 ) ;
#4660 = DIRECTION ( 'NONE',  ( -1.000000000000000000, 0.000000000000000000, -0.000000000000000000 ) ) ;
#4661 = ORIENTED_EDGE ( 'NONE', *, *, #6414, .T. ) ;
#4662 = EDGE_CURVE ( 'NONE', #571, #3938, #2676, .T. ) ;
#4663 = AXIS2_PLACEMENT_3D ( 'NONE', #1400, #1786, #5220 ) ;
#4664 = CARTESIAN_POINT ( 'NONE',  ( -0.2756685251360169731, -0.5073416627111608790, 1.670000000000000151 ) ) ;
#4665 = CARTESIAN_POINT ( 'NONE',  ( 1.244270334713652115, -1.558513010323611558, 0.5872380108679859934 ) ) ;
#4666 = PLANE ( 'NONE',  #4443 ) ;
#4667 = AXIS2_PLACEMENT_3D ( 'NONE', #6227, #5305, #2766 ) ;
#4668 = LINE ( 'NONE', #4699, #4358 ) ;
#4669 = CYLINDRICAL_SURFACE ( 'NONE', #2615, 0.1637983643183980875 ) ;
#4670 = VERTEX_POINT ( 'NONE', #1206 ) ;
#4671 = STYLED_ITEM ( 'NONE', ( #3209 ), #2348 ) ;
#4672 = DIRECTION ( 'NONE',  ( 1.000000000000000000, 0.000000000000000000, 0.000000000000000000 ) ) ;
#4673 = CARTESIAN_POINT ( 'NONE',  ( -2.350000000000000089, -1.750000000000000000, 0.000000000000000000 ) ) ;
#4674 = VERTEX_POINT ( 'NONE', #2654 ) ;
#4675 = MECHANICAL_DESIGN_GEOMETRIC_PRESENTATION_REPRESENTATION (  '', ( #3617 ), #5492 ) ;
#4676 = ADVANCED_FACE ( 'NONE', ( #2206 ), #4669, .T. ) ;
#4677 = PRESENTATION_LAYER_ASSIGNMENT (  '', '', ( #4772 ) ) ;
#4678 = ORIENTED_EDGE ( 'NONE', *, *, #5183, .F. ) ;
#4679 = DIRECTION ( 'NONE',  ( 0.000000000000000000, 1.000000000000000000, 0.000000000000000000 ) ) ;
#4680 = PLANE ( 'NONE',  #961 ) ;
#4681 = VERTEX_POINT ( 'NONE', #666 ) ;
#4682 =( LENGTH_UNIT ( ) NAMED_UNIT ( * ) SI_UNIT ( .MILLI., .METRE. ) );
#4683 = DIRECTION ( 'NONE',  ( 0.000000000000000000, 0.000000000000000000, -1.000000000000000000 ) ) ;
#4684 = DIRECTION ( 'NONE',  ( 0.000000000000000000, 0.000000000000000000, 1.000000000000000000 ) ) ;
#4685 = ORIENTED_EDGE ( 'NONE', *, *, #5462, .F. ) ;
#4686 =( GEOMETRIC_REPRESENTATION_CONTEXT ( 3 ) GLOBAL_UNCERTAINTY_ASSIGNED_CONTEXT ( ( #1896 ) ) GLOBAL_UNIT_ASSIGNED_CONTEXT ( ( #5395, #2005, #1049 ) ) REPRESENTATION_CONTEXT ( 'NONE', 'WORKASPACE' ) );
#4687 = VECTOR ( 'NONE', #290, 1000.000000000000000 ) ;
#4688 = CARTESIAN_POINT ( 'NONE',  ( 2.350000000000000089, 1.750000000000000000, 1.524958015046800064 ) ) ;
#4689 = EDGE_LOOP ( 'NONE', ( #1154, #6411, #262, #188 ) ) ;
#4690 = DIRECTION ( 'NONE',  ( -1.000000000000000000, 0.000000000000000000, 0.000000000000000000 ) ) ;
#4691 = ORIENTED_EDGE ( 'NONE', *, *, #2969, .F. ) ;
#4692 = PRESENTATION_STYLE_ASSIGNMENT (( #5301 ) ) ;
#4693 = AXIS2_PLACEMENT_3D ( 'NONE', #1036, #3497, #1576 ) ;
#4694 = CIRCLE ( 'NONE', #4273, 0.1902422881446600156 ) ;
#4695 = DIRECTION ( 'NONE',  ( -0.000000000000000000, 1.000000000000000000, -0.000000000000000000 ) ) ;
#4696 =( NAMED_UNIT ( * ) PLANE_ANGLE_UNIT ( ) SI_UNIT ( $, .RADIAN. ) );
#4697 = ORIENTED_EDGE ( 'NONE', *, *, #5041, .F. ) ;
#4698 = ORIENTED_EDGE ( 'NONE', *, *, #2288, .T. ) ;
#4699 = CARTESIAN_POINT ( 'NONE',  ( -1.742310449531560002, -1.558656565019939988, 0.9499004956727240545 ) ) ;
#4700 = DIRECTION ( 'NONE',  ( -4.806657061659142297E-05, 0.9999999988448025068, 0.000000000000000000 ) ) ;
#4701 =( GEOMETRIC_REPRESENTATION_CONTEXT ( 3 ) GLOBAL_UNCERTAINTY_ASSIGNED_CONTEXT ( ( #1845 ) ) GLOBAL_UNIT_ASSIGNED_CONTEXT ( ( #375, #1475, #3951 ) ) REPRESENTATION_CONTEXT ( 'NONE', 'WORKASPACE' ) );
#4702 = VECTOR ( 'NONE', #2042, 1000.000000000000000 ) ;
#4703 = PLANE ( 'NONE',  #436 ) ;
#4704 = PRESENTATION_STYLE_ASSIGNMENT (( #5185 ) ) ;
#4705 = VERTEX_POINT ( 'NONE', #591 ) ;
#4706 = COLOUR_RGB ( '',0.2000000000000000111, 0.2000000000000000111, 0.2000000000000000111 ) ;
#4707 = COLOUR_RGB ( '',0.2000000000000000111, 0.2000000000000000111, 0.2000000000000000111 ) ;
#4708 = MECHANICAL_DESIGN_GEOMETRIC_PRESENTATION_REPRESENTATION (  '', ( #1193 ), #2826 ) ;
#4709 = EDGE_CURVE ( 'NONE', #4041, #4651, #3551, .T. ) ;
#4710 = AXIS2_PLACEMENT_3D ( 'NONE', #1311, #3263, #3775 ) ;
#4711 = ADVANCED_FACE ( 'NONE', ( #139 ), #198, .T. ) ;
#4712 = CARTESIAN_POINT ( 'NONE',  ( 1.198636379818660114, -1.639330840868030048, 1.524958015046800064 ) ) ;
#4713 = EDGE_LOOP ( 'NONE', ( #6184, #4522, #5606, #5429 ) ) ;
#4714 = CARTESIAN_POINT ( 'NONE',  ( -2.214855333278670013, 1.732498726640149922, 0.9360832168907079476 ) ) ;
#4715 = PRESENTATION_STYLE_ASSIGNMENT (( #3717 ) ) ;
#4716 = CARTESIAN_POINT ( 'NONE',  ( -1.922816040256440040, -1.551945271034630203, 1.524958015046800064 ) ) ;
#4717 = CYLINDRICAL_SURFACE ( 'NONE', #4988, 0.1895074269560790003 ) ;
#4718 = COLOUR_RGB ( '',0.2000000000000000111, 0.2000000000000000111, 0.2000000000000000111 ) ;
#4719 = EDGE_CURVE ( 'NONE', #5592, #1857, #2388, .T. ) ;
#4720 = MECHANICAL_DESIGN_GEOMETRIC_PRESENTATION_REPRESENTATION (  '', ( #6377 ), #553 ) ;
#4721 = ADVANCED_FACE ( 'NONE', ( #2577 ), #239, .T. ) ;
#4722 = CARTESIAN_POINT ( 'NONE',  ( 1.198636379818660114, 1.475072618217709852, 1.524958015046800064 ) ) ;
#4723 = COLOUR_RGB ( '',0.6980392156862744724, 0.6980392156862744724, 0.6980392156862744724 ) ;
#4724 = VERTEX_POINT ( 'NONE', #4142 ) ;
#4725 = DIRECTION ( 'NONE',  ( 0.000000000000000000, 0.000000000000000000, -1.000000000000000000 ) ) ;
#4726 = ORIENTED_EDGE ( 'NONE', *, *, #1128, .F. ) ;
#4727 = DIRECTION ( 'NONE',  ( -1.000000000000000000, 0.000000000000000000, 0.000000000000000000 ) ) ;
#4728 = ORIENTED_EDGE ( 'NONE', *, *, #3904, .T. ) ;
#4729 = SURFACE_STYLE_USAGE ( .BOTH. , #2764 ) ;
#4730 =( LENGTH_UNIT ( ) NAMED_UNIT ( * ) SI_UNIT ( .MILLI., .METRE. ) );
#4731 = SURFACE_STYLE_FILL_AREA ( #2745 ) ;
#4732 = SURFACE_SIDE_STYLE ('',( #5213 ) ) ;
#4733 = ORIENTED_EDGE ( 'NONE', *, *, #3384, .T. ) ;
#4734 = SURFACE_SIDE_STYLE ('',( #2749 ) ) ;
#4735 = SURFACE_SIDE_STYLE ('',( #4844 ) ) ;
#4736 =( LENGTH_UNIT ( ) NAMED_UNIT ( * ) SI_UNIT ( .MILLI., .METRE. ) );
#4737 = CARTESIAN_POINT ( 'NONE',  ( -1.244408477699840088, -1.732498726640149922, 1.570000000000000062 ) ) ;
#4738 = SURFACE_STYLE_FILL_AREA ( #3316 ) ;
#4739 = LINE ( 'NONE', #4248, #2110 ) ;
#4740 = CARTESIAN_POINT ( 'NONE',  ( -1.198636379818660114, 1.750000000000000000, 0.9912762577585830792 ) ) ;
#4741 = PRESENTATION_STYLE_ASSIGNMENT (( #1825 ) ) ;
#4742 = EDGE_CURVE ( 'NONE', #5275, #2921, #4109, .T. ) ;
#4743 = SURFACE_SIDE_STYLE ('',( #4195 ) ) ;
#4744 = ORIENTED_EDGE ( 'NONE', *, *, #3416, .F. ) ;
#4745 = SURFACE_STYLE_FILL_AREA ( #2815 ) ;
#4746 = FACE_OUTER_BOUND ( 'NONE', #4623, .T. ) ;
#4747 = ORIENTED_EDGE ( 'NONE', *, *, #525, .T. ) ;
#4748 =( LENGTH_UNIT ( ) NAMED_UNIT ( * ) SI_UNIT ( .MILLI., .METRE. ) );
#4749 = EDGE_LOOP ( 'NONE', ( #3142, #3768, #130, #2959, #709, #1671, #2875, #4861, #3443, #3574, #6179, #5978 ) ) ;
#4750 = EDGE_CURVE ( 'NONE', #5714, #4946, #103, .T. ) ;
#4751 = CIRCLE ( 'NONE', #2356, 0.2018258699228369923 ) ;
#4752 = UNCERTAINTY_MEASURE_WITH_UNIT (LENGTH_MEASURE( 1.000000000000000082E-05 ), #5339, 'distance_accuracy_value', 'NONE');
#4753 = CYLINDRICAL_SURFACE ( 'NONE', #4998, 0.1902422881446600156 ) ;
#4754 = DIRECTION ( 'NONE',  ( 0.000000000000000000, 1.000000000000000000, 0.000000000000000000 ) ) ;
#4755 = EDGE_CURVE ( 'NONE', #6044, #3498, #3085, .T. ) ;
#4756 = ORIENTED_EDGE ( 'NONE', *, *, #4158, .T. ) ;
#4757 = CARTESIAN_POINT ( 'NONE',  ( -1.244408477699840088, -1.732498726640149922, 1.670000000000000151 ) ) ;
#4758 = VECTOR ( 'NONE', #1842, 1000.000000000000000 ) ;
#4759 = AXIS2_PLACEMENT_3D ( 'NONE', #3601, #4524, #4629 ) ;
#4760 = DIRECTION ( 'NONE',  ( 1.000000000000000000, 0.000000000000000000, 0.000000000000000000 ) ) ;
#4761 = CARTESIAN_POINT ( 'NONE',  ( 1.399999999999999911, -2.743959618851870008, 0.2700000000000000178 ) ) ;
#4762 = LINE ( 'NONE', #6319, #3462 ) ;
#4763 = UNCERTAINTY_MEASURE_WITH_UNIT (LENGTH_MEASURE( 1.000000000000000082E-05 ), #4730, 'distance_accuracy_value', 'NONE');
#4764 =( NAMED_UNIT ( * ) SI_UNIT ( $, .STERADIAN. ) SOLID_ANGLE_UNIT ( ) );
#4765 = ADVANCED_FACE ( 'NONE', ( #1169 ), #3124, .F. ) ;
#4766 = PRESENTATION_LAYER_ASSIGNMENT (  '', '', ( #1156 ) ) ;
#4767 = ORIENTED_EDGE ( 'NONE', *, *, #772, .F. ) ;
#4768 = DIRECTION ( 'NONE',  ( 1.000000000000000000, 0.000000000000000000, 0.000000000000000000 ) ) ;
#4769 = CARTESIAN_POINT ( 'NONE',  ( -2.214855333278670013, 1.475072618217709852, 0.9360832168907079476 ) ) ;
#4770 = LINE ( 'NONE', #6182, #6246 ) ;
#4771 = CYLINDRICAL_SURFACE ( 'NONE', #1605, 0.2018258699228371034 ) ;
#4772 = STYLED_ITEM ( 'NONE', ( #6231 ), #2943 ) ;
#4773 = CARTESIAN_POINT ( 'NONE',  ( -2.950000000000000178, 1.104505378692939743, 0.2000000000000000111 ) ) ;
#4774 = ORIENTED_EDGE ( 'NONE', *, *, #5262, .T. ) ;
#4775 = COLOUR_RGB ( '',0.2000000000000000111, 0.2000000000000000111, 0.2000000000000000111 ) ;
#4776 = ORIENTED_EDGE ( 'NONE', *, *, #2255, .F. ) ;
#4777 = PLANE ( 'NONE',  #1997 ) ;
#4778 = ADVANCED_FACE ( 'NONE', ( #1685 ), #3642, .T. ) ;
#4779 = VECTOR ( 'NONE', #4811, 1000.000000000000000 ) ;
#4780 = FILL_AREA_STYLE_COLOUR ( '', #4304 ) ;
#4781 = EDGE_CURVE ( 'NONE', #1698, #4632, #2292, .T. ) ;
#4782 =( NAMED_UNIT ( * ) SI_UNIT ( $, .STERADIAN. ) SOLID_ANGLE_UNIT ( ) );
#4783 = ORIENTED_EDGE ( 'NONE', *, *, #6270, .F. ) ;
#4784 = VERTEX_POINT ( 'NONE', #5216 ) ;
#4785 = DIRECTION ( 'NONE',  ( 0.000000000000000000, 0.000000000000000000, -1.000000000000000000 ) ) ;
#4786 = DIRECTION ( 'NONE',  ( -1.000000000000000000, 0.000000000000000000, 0.000000000000000000 ) ) ;
#4787 = VECTOR ( 'NONE', #4040, 1000.000000000000000 ) ;
#4788 = ADVANCED_FACE ( 'NONE', ( #6260 ), #3311, .F. ) ;
#4789 = STYLED_ITEM ( 'NONE', ( #2144 ), #4231 ) ;
#4790 = UNCERTAINTY_MEASURE_WITH_UNIT (LENGTH_MEASURE( 1.000000000000000082E-05 ), #1367, 'distance_accuracy_value', 'NONE');
#4791 = CARTESIAN_POINT ( 'NONE',  ( -0.4651759520920960012, -0.6968490896672400181, 1.670000000000000151 ) ) ;
#4792 = PRESENTATION_STYLE_ASSIGNMENT (( #6266 ) ) ;
#4793 =( LENGTH_UNIT ( ) NAMED_UNIT ( * ) SI_UNIT ( .MILLI., .METRE. ) );
#4794 = CARTESIAN_POINT ( 'NONE',  ( 1.742310449531560002, -1.558656565019939988, 1.524958015046800064 ) ) ;
#4795 = PRESENTATION_LAYER_ASSIGNMENT (  '', '', ( #6261 ) ) ;
#4796 = MECHANICAL_DESIGN_GEOMETRIC_PRESENTATION_REPRESENTATION (  '', ( #4598 ), #2409 ) ;
#4797 = VECTOR ( 'NONE', #4993, 1000.000000000000000 ) ;
#4798 = STYLED_ITEM ( 'NONE', ( #2451 ), #665 ) ;
#4799 = ORIENTED_EDGE ( 'NONE', *, *, #5144, .F. ) ;
#4800 = DIRECTION ( 'NONE',  ( -1.000000000000000000, -7.442719519967450478E-15, 0.000000000000000000 ) ) ;
#4801 = PRESENTATION_STYLE_ASSIGNMENT (( #900 ) ) ;
#4802 = CARTESIAN_POINT ( 'NONE',  ( -1.774318189909330101, -1.466061860831830099, 1.524958015046800064 ) ) ;
#4803 = VECTOR ( 'NONE', #5024, 1000.000000000000000 ) ;
#4804 = STYLED_ITEM ( 'NONE', ( #1413 ), #221 ) ;
#4805 = SURFACE_SIDE_STYLE ('',( #4745 ) ) ;
#4806 = ORIENTED_EDGE ( 'NONE', *, *, #2226, .F. ) ;
#4807 = CARTESIAN_POINT ( 'NONE',  ( 1.742310449531560002, -1.732474794199829971, 0.9499004956727240545 ) ) ;
#4808 = ORIENTED_EDGE ( 'NONE', *, *, #3307, .T. ) ;
#4809 = CARTESIAN_POINT ( 'NONE',  ( -1.187565630244470150, -1.750000000000000000, 1.670000000000000151 ) ) ;
#4810 = ORIENTED_EDGE ( 'NONE', *, *, #2063, .F. ) ;
#4811 = DIRECTION ( 'NONE',  ( 1.000000000000000000, 0.000000000000000000, 0.000000000000000000 ) ) ;
#4812 = MECHANICAL_DESIGN_GEOMETRIC_PRESENTATION_REPRESENTATION (  '', ( #2431 ), #5766 ) ;
#4813 = UNCERTAINTY_MEASURE_WITH_UNIT (LENGTH_MEASURE( 1.000000000000000082E-05 ), #1300, 'distance_accuracy_value', 'NONE');
#4814 = AXIS2_PLACEMENT_3D ( 'NONE', #2035, #1669, #3006 ) ;
#4815 = DIRECTION ( 'NONE',  ( 0.000000000000000000, 2.187487421391570106E-16, -1.000000000000000000 ) ) ;
#4816 = LINE ( 'NONE', #2347, #2074 ) ;
#4817 = VERTEX_POINT ( 'NONE', #4242 ) ;
#4818 = CARTESIAN_POINT ( 'NONE',  ( 0.2756685251360169731, -0.4990275020653580085, 1.670000000000000151 ) ) ;
#4819 = EDGE_CURVE ( 'NONE', #80, #5422, #3283, .T. ) ;
#4820 = DIRECTION ( 'NONE',  ( -6.977398648951600293E-15, 1.000000000000000000, 0.000000000000000000 ) ) ;
#4821 = DIRECTION ( 'NONE',  ( -1.000000000000000000, -3.669649801424929726E-15, 0.000000000000000000 ) ) ;
#4822 = DIRECTION ( 'NONE',  ( 1.000000000000000000, 0.000000000000000000, -1.034811376647109888E-16 ) ) ;
#4823 = LINE ( 'NONE', #3171, #2375 ) ;
#4824 = EDGE_CURVE ( 'NONE', #1962, #584, #1867, .T. ) ;
#4825 = ADVANCED_FACE ( 'NONE', ( #2322 ), #4308, .T. ) ;
#4826 = DIRECTION ( 'NONE',  ( 1.000000000000000000, 0.000000000000000000, 0.000000000000000000 ) ) ;
#4827 = VERTEX_POINT ( 'NONE', #359 ) ;
#4828 = DIRECTION ( 'NONE',  ( 1.000000000000000000, 0.000000000000000000, 0.000000000000000000 ) ) ;
#4829 =( NAMED_UNIT ( * ) PLANE_ANGLE_UNIT ( ) SI_UNIT ( $, .RADIAN. ) );
#4830 = EDGE_CURVE ( 'NONE', #5350, #2019, #1751, .T. ) ;
#4831 = CARTESIAN_POINT ( 'NONE',  ( 0.4651759520920960012, -0.6968490896672400181, 1.670000000000000151 ) ) ;
#4832 = SURFACE_STYLE_USAGE ( .BOTH. , #4805 ) ;
#4833 = VERTEX_POINT ( 'NONE', #5778 ) ;
#4834 = ORIENTED_EDGE ( 'NONE', *, *, #3182, .T. ) ;
#4835 = SURFACE_SIDE_STYLE ('',( #1038 ) ) ;
#4836 = ORIENTED_EDGE ( 'NONE', *, *, #2021, .F. ) ;
#4837 = FILL_AREA_STYLE ('',( #5826 ) ) ;
#4838 = CARTESIAN_POINT ( 'NONE',  ( 2.350000000000000089, -1.750000000000000000, 1.524958015046800064 ) ) ;
#4839 = CARTESIAN_POINT ( 'NONE',  ( -2.350000000000000089, 1.750000000000000000, 1.524958015046800064 ) ) ;
#4840 = EDGE_CURVE ( 'NONE', #4088, #4658, #3256, .T. ) ;
#4841 = LINE ( 'NONE', #6342, #2102 ) ;
#4842 = ORIENTED_EDGE ( 'NONE', *, *, #473, .F. ) ;
#4843 = ORIENTED_EDGE ( 'NONE', *, *, #1104, .F. ) ;
#4844 = SURFACE_STYLE_FILL_AREA ( #886 ) ;
#4845 = AXIS2_PLACEMENT_3D ( 'NONE', #596, #5552, #5052 ) ;
#4846 = DIRECTION ( 'NONE',  ( 0.000000000000000000, -1.000000000000000000, 0.000000000000000000 ) ) ;
#4847 = PLANE ( 'NONE',  #5655 ) ;
#4848 =( NAMED_UNIT ( * ) SI_UNIT ( $, .STERADIAN. ) SOLID_ANGLE_UNIT ( ) );
#4849 = VECTOR ( 'NONE', #794, 1000.000000000000000 ) ;
#4850 = VECTOR ( 'NONE', #3579, 1000.000000000000000 ) ;
#4851 = ADVANCED_FACE ( 'NONE', ( #6291 ), #1331, .F. ) ;
#4852 = CARTESIAN_POINT ( 'NONE',  ( -1.198636379818660114, 1.750000000000000000, 0.4956381288792919837 ) ) ;
#4853 = PRESENTATION_STYLE_ASSIGNMENT (( #3940 ) ) ;
#4854 = ORIENTED_EDGE ( 'NONE', *, *, #3180, .T. ) ;
#4855 = CARTESIAN_POINT ( 'NONE',  ( 1.244270334713652115, -1.558513010323611558, 0.5872380108679859934 ) ) ;
#4856 = CARTESIAN_POINT ( 'NONE',  ( 0.7025842957044551307, -1.614001858628919983, 1.524958015046800064 ) ) ;
#4857 = EDGE_CURVE ( 'NONE', #1756, #2883, #2770, .T. ) ;
#4858 = CIRCLE ( 'NONE', #2077, 0.1000000000000000472 ) ;
#4859 = DIRECTION ( 'NONE',  ( 0.000000000000000000, 0.000000000000000000, -1.000000000000000000 ) ) ;
#4860 = EDGE_CURVE ( 'NONE', #5073, #1437, #5392, .T. ) ;
#4861 = ORIENTED_EDGE ( 'NONE', *, *, #1104, .T. ) ;
#4862 = LINE ( 'NONE', #2438, #3747 ) ;
#4863 = ORIENTED_EDGE ( 'NONE', *, *, #402, .F. ) ;
#4864 = DIRECTION ( 'NONE',  ( -1.000000000000000000, 0.000000000000000000, 0.000000000000000000 ) ) ;
#4865 = STYLED_ITEM ( 'NONE', ( #1330 ), #2940 ) ;
#4866 = PLANE ( 'NONE',  #630 ) ;
#4867 = SURFACE_STYLE_FILL_AREA ( #5963 ) ;
#4868 = AXIS2_PLACEMENT_3D ( 'NONE', #1632, #3582, #1133 ) ;
#4869 = CARTESIAN_POINT ( 'NONE',  ( -2.350000000000000089, -0.5954946213070572147, 0.2000000000000000111 ) ) ;
#4870 = ORIENTED_EDGE ( 'NONE', *, *, #3673, .T. ) ;
#4871 = EDGE_LOOP ( 'NONE', ( #3125, #4558, #4075, #1364 ) ) ;
#4872 = DIRECTION ( 'NONE',  ( 0.000000000000000000, 0.000000000000000000, -1.000000000000000000 ) ) ;
#4873 = FILL_AREA_STYLE_COLOUR ( '', #2199 ) ;
#4874 = VECTOR ( 'NONE', #3434, 999.9999999999998863 ) ;
#4875 = SURFACE_STYLE_FILL_AREA ( #6350 ) ;
#4876 = CARTESIAN_POINT ( 'NONE',  ( -0.3018065944804309009, 1.350000000000000089, 0.000000000000000000 ) ) ;
#4877 = CARTESIAN_POINT ( 'NONE',  ( -1.742310449531560002, -1.466061860831830099, 1.524958015046800064 ) ) ;
#4878 = CARTESIAN_POINT ( 'NONE',  ( 1.922816040256440040, 1.551945271034630203, 1.524958015046800064 ) ) ;
#4879 = FILL_AREA_STYLE_COLOUR ( '', #5740 ) ;
#4880 = CARTESIAN_POINT ( 'NONE',  ( 0.4502168081889539875, 0.9018052454393200579, 1.670000000000000151 ) ) ;
#4881 = STYLED_ITEM ( 'NONE', ( #2779 ), #4504 ) ;
#4882 = VERTEX_POINT ( 'NONE', #1393 ) ;
#4883 = COLOUR_RGB ( '',0.2000000000000000111, 0.2000000000000000111, 0.2000000000000000111 ) ;
#4884 = ADVANCED_FACE ( 'NONE', ( #3349 ), #5336, .F. ) ;
#4885 = VECTOR ( 'NONE', #4683, 1000.000000000000000 ) ;
#4886 = SURFACE_SIDE_STYLE ('',( #2389 ) ) ;
#4887 = CARTESIAN_POINT ( 'NONE',  ( 0.7025842957044551307, -1.614001858628919983, 1.670000000000000151 ) ) ;
#4888 = PRESENTATION_LAYER_ASSIGNMENT (  '', '', ( #219 ) ) ;
#4889 = ORIENTED_EDGE ( 'NONE', *, *, #299, .F. ) ;
#4890 = CARTESIAN_POINT ( 'NONE',  ( -0.6550263814446110056, -0.5225374338180610589, 1.670000000000000151 ) ) ;
#4891 = VECTOR ( 'NONE', #5583, 1000.000000000000000 ) ;
#4892 = CARTESIAN_POINT ( 'NONE',  ( -1.244408477699840976, -1.728095383651097494, 1.608128469405683214 ) ) ;
#4893 = EDGE_CURVE ( 'NONE', #6118, #6247, #1876, .T. ) ;
#4894 = VECTOR ( 'NONE', #5266, 1000.000000000000000 ) ;
#4895 = VECTOR ( 'NONE', #5313, 1000.000000000000000 ) ;
#4896 = EDGE_CURVE ( 'NONE', #4681, #1584, #989, .T. ) ;
#4897 = VECTOR ( 'NONE', #1192, 1000.000000000000000 ) ;
#4898 = ORIENTED_EDGE ( 'NONE', *, *, #370, .F. ) ;
#4899 = AXIS2_PLACEMENT_3D ( 'NONE', #3982, #3521, #2528 ) ;
#4900 = ORIENTED_EDGE ( 'NONE', *, *, #1638, .F. ) ;
#4901 = VECTOR ( 'NONE', #3165, 1000.000000000000000 ) ;
#4902 = ADVANCED_FACE ( 'NONE', ( #552 ), #478, .T. ) ;
#4903 = EDGE_CURVE ( 'NONE', #2762, #4989, #6385, .T. ) ;
#4904 = DIRECTION ( 'NONE',  ( 0.000000000000000000, -1.000000000000000000, 0.000000000000000000 ) ) ;
#4905 = COLOUR_RGB ( '',0.2000000000000000111, 0.2000000000000000111, 0.2000000000000000111 ) ;
#4906 = DIRECTION ( 'NONE',  ( 0.000000000000000000, -1.000000000000000000, 0.000000000000000000 ) ) ;
#4907 = PRESENTATION_STYLE_ASSIGNMENT (( #4490 ) ) ;
#4908 = EDGE_LOOP ( 'NONE', ( #597, #5483, #2873, #6126, #1423, #5157, #4099, #4220, #5854, #542, #2677, #2502, #3115, #5510, #4728, #444, #6169, #2893, #2281, #4962 ) ) ;
#4909 = ORIENTED_EDGE ( 'NONE', *, *, #1061, .F. ) ;
#4910 = AXIS2_PLACEMENT_3D ( 'NONE', #1617, #3002, #2093 ) ;
#4911 =( GEOMETRIC_REPRESENTATION_CONTEXT ( 3 ) GLOBAL_UNCERTAINTY_ASSIGNED_CONTEXT ( ( #320 ) ) GLOBAL_UNIT_ASSIGNED_CONTEXT ( ( #2174, #70, #5616 ) ) REPRESENTATION_CONTEXT ( 'NONE', 'WORKASPACE' ) );
#4912 = LINE ( 'NONE', #1973, #1372 ) ;
#4913 = DIRECTION ( 'NONE',  ( -1.000000000000000000, 0.000000000000000000, 0.000000000000000000 ) ) ;
#4914 = SURFACE_STYLE_FILL_AREA ( #890 ) ;
#4915 = CARTESIAN_POINT ( 'NONE',  ( 1.774318189909330101, -1.750000000000000000, 1.524958015046800064 ) ) ;
#4916 = DIRECTION ( 'NONE',  ( 0.000000000000000000, 0.000000000000000000, -1.000000000000000000 ) ) ;
#4917 = MECHANICAL_DESIGN_GEOMETRIC_PRESENTATION_REPRESENTATION (  '', ( #349 ), #1518 ) ;
#4918 =( NAMED_UNIT ( * ) SI_UNIT ( $, .STERADIAN. ) SOLID_ANGLE_UNIT ( ) );
#4919 = ORIENTED_EDGE ( 'NONE', *, *, #3856, .T. ) ;
#4920 = VERTEX_POINT ( 'NONE', #3893 ) ;
#4921 = DIRECTION ( 'NONE',  ( 0.000000000000000000, 0.000000000000000000, -1.000000000000000000 ) ) ;
#4922 = ORIENTED_EDGE ( 'NONE', *, *, #3149, .F. ) ;
#4923 = CARTESIAN_POINT ( 'NONE',  ( 1.742310449531560002, 1.732498726640149922, 1.670000000000000151 ) ) ;
#4924 = VERTEX_POINT ( 'NONE', #5895 ) ;
#4925 = DIRECTION ( 'NONE',  ( 1.000000000000000000, 3.669649801424929726E-15, 0.000000000000000000 ) ) ;
#4926 = VERTEX_POINT ( 'NONE', #4427 ) ;
#4927 =( NAMED_UNIT ( * ) PLANE_ANGLE_UNIT ( ) SI_UNIT ( $, .RADIAN. ) );
#4928 = VERTEX_POINT ( 'NONE', #6413 ) ;
#4929 = LINE ( 'NONE', #2964, #6045 ) ;
#4930 = ORIENTED_EDGE ( 'NONE', *, *, #1588, .F. ) ;
#4931 = CARTESIAN_POINT ( 'NONE',  ( 1.922816040256440040, 1.517608363321570009, 1.670000000000000151 ) ) ;
#4932 = LINE ( 'NONE', #6442, #3533 ) ;
#4933 = EDGE_LOOP ( 'NONE', ( #5368, #2748, #960, #6094 ) ) ;
#4934 = ORIENTED_EDGE ( 'NONE', *, *, #30, .T. ) ;
#4935 = SURFACE_SIDE_STYLE ('',( #3998 ) ) ;
#4936 = EDGE_CURVE ( 'NONE', #403, #4674, #1970, .T. ) ;
#4937 = ADVANCED_FACE ( 'NONE', ( #2039 ), #6003, .T. ) ;
#4938 = LINE ( 'NONE', #4429, #326 ) ;
#4939 = LINE ( 'NONE', #3929, #2907 ) ;
#4940 = CARTESIAN_POINT ( 'NONE',  ( -1.922816040256440040, 1.551945271034630203, 1.670000000000000151 ) ) ;
#4941 = CARTESIAN_POINT ( 'NONE',  ( 1.194532035297049877, 1.732450861759520011, 1.670000000000000151 ) ) ;
#4942 = ORIENTED_EDGE ( 'NONE', *, *, #3385, .T. ) ;
#4943 = VERTEX_POINT ( 'NONE', #3045 ) ;
#4944 = DIRECTION ( 'NONE',  ( 0.000000000000000000, 0.000000000000000000, -1.000000000000000000 ) ) ;
#4945 = DIRECTION ( 'NONE',  ( 0.000000000000000000, 0.000000000000000000, -1.000000000000000000 ) ) ;
#4946 = VERTEX_POINT ( 'NONE', #2608 ) ;
#4947 = FACE_OUTER_BOUND ( 'NONE', #2922, .T. ) ;
#4948 = PRESENTATION_LAYER_ASSIGNMENT (  '', '', ( #6421 ) ) ;
#4949 = ADVANCED_FACE ( 'NONE', ( #2167 ), #586, .F. ) ;
#4950 = VECTOR ( 'NONE', #4695, 1000.000000000000000 ) ;
#4951 = CARTESIAN_POINT ( 'NONE',  ( 1.742347217686280425, -1.732474792432511679, 0.9499004956727240545 ) ) ;
#4952 = VERTEX_POINT ( 'NONE', #4103 ) ;
#4953 = CARTESIAN_POINT ( 'NONE',  ( 1.922816040256440040, 1.551945271034630203, 1.670000000000000151 ) ) ;
#4954 = LINE ( 'NONE', #1613, #5557 ) ;
#4955 = ORIENTED_EDGE ( 'NONE', *, *, #3882, .F. ) ;
#4956 = VECTOR ( 'NONE', #4165, 1000.000000000000000 ) ;
#4957 = ADVANCED_FACE ( 'NONE', ( #98 ), #6100, .T. ) ;
#4958 =( LENGTH_UNIT ( ) NAMED_UNIT ( * ) SI_UNIT ( .MILLI., .METRE. ) );
#4959 = CARTESIAN_POINT ( 'NONE',  ( 1.244400114802810098, -1.558513004085519960, 0.5872380108679859934 ) ) ;
#4960 = CARTESIAN_POINT ( 'NONE',  ( 1.742310449531560002, -1.732450861759520011, 1.524958015046800064 ) ) ;
#4961 = AXIS2_PLACEMENT_3D ( 'NONE', #387, #3660, #6354 ) ;
#4962 = ORIENTED_EDGE ( 'NONE', *, *, #4967, .T. ) ;
#4963 = ORIENTED_EDGE ( 'NONE', *, *, #1143, .T. ) ;
#4964 = FACE_OUTER_BOUND ( 'NONE', #1449, .T. ) ;
#4965 =( LENGTH_UNIT ( ) NAMED_UNIT ( * ) SI_UNIT ( .MILLI., .METRE. ) );
#4966 = EDGE_CURVE ( 'NONE', #3785, #6065, #1680, .T. ) ;
#4967 = EDGE_CURVE ( 'NONE', #2950, #5603, #2208, .T. ) ;
#4968 = LINE ( 'NONE', #917, #4381 ) ;
#4969 = FACE_OUTER_BOUND ( 'NONE', #4412, .T. ) ;
#4970 = CARTESIAN_POINT ( 'NONE',  ( 1.198636379818660114, 1.750000000000000000, 0.4956381288792919837 ) ) ;
#4971 = DIRECTION ( 'NONE',  ( 0.000000000000000000, 0.000000000000000000, -1.000000000000000000 ) ) ;
#4972 = CARTESIAN_POINT ( 'NONE',  ( 8.266092888301050437E-17, 1.350000000000000089, -0.6035212073282351097 ) ) ;
#4973 = PLANE ( 'NONE',  #3118 ) ;
#4974 = ORIENTED_EDGE ( 'NONE', *, *, #2648, .T. ) ;
#4975 = VECTOR ( 'NONE', #1266, 1000.000000000000000 ) ;
#4976 = EDGE_CURVE ( 'NONE', #3573, #5179, #5143, .T. ) ;
#4977 = EDGE_CURVE ( 'NONE', #1516, #3960, #5673, .T. ) ;
#4978 = ORIENTED_EDGE ( 'NONE', *, *, #6223, .F. ) ;
#4979 = COLOUR_RGB ( '',0.2000000000000000111, 0.2000000000000000111, 0.2000000000000000111 ) ;
#4980 = FACE_OUTER_BOUND ( 'NONE', #6174, .T. ) ;
#4981 = CARTESIAN_POINT ( 'NONE',  ( 1.067585657234540131, -1.731509940961710070, 1.524958015046800064 ) ) ;
#4982 = ORIENTED_EDGE ( 'NONE', *, *, #5188, .T. ) ;
#4983 = SURFACE_STYLE_USAGE ( .BOTH. , #1069 ) ;
#4984 = CARTESIAN_POINT ( 'NONE',  ( 1.244369904411280592, -1.558571311763099709, 0.9499004956727240545 ) ) ;
#4985 = AXIS2_PLACEMENT_3D ( 'NONE', #3686, #4580, #3234 ) ;
#4986 = CARTESIAN_POINT ( 'NONE',  ( -1.244408477699840088, -1.731509940961710070, 1.584027809471529880 ) ) ;
#4987 = VECTOR ( 'NONE', #4091, 1000.000000000000000 ) ;
#4988 = AXIS2_PLACEMENT_3D ( 'NONE', #2305, #2221, #3293 ) ;
#4989 = VERTEX_POINT ( 'NONE', #720 ) ;
#4990 = FACE_OUTER_BOUND ( 'NONE', #4749, .T. ) ;
#4991 = PLANE ( 'NONE',  #454 ) ;
#4992 = DIRECTION ( 'NONE',  ( 0.000000000000000000, 0.000000000000000000, -1.000000000000000000 ) ) ;
#4993 = DIRECTION ( 'NONE',  ( 0.000000000000000000, -1.000000000000000000, 0.000000000000000000 ) ) ;
#4994 = ORIENTED_EDGE ( 'NONE', *, *, #2867, .F. ) ;
#4995 = CYLINDRICAL_SURFACE ( 'NONE', #1507, 0.1000000000000000472 ) ;
#4996 = CIRCLE ( 'NONE', #4380, 0.3018065944804310119 ) ;
#4997 = STYLED_ITEM ( 'NONE', ( #2449 ), #3806 ) ;
#4998 = AXIS2_PLACEMENT_3D ( 'NONE', #6195, #1778, #2367 ) ;
#4999 = COLOUR_RGB ( '',0.2000000000000000111, 0.2000000000000000111, 0.2000000000000000111 ) ;
#5000 = LINE ( 'NONE', #1734, #345 ) ;
#5001 = CARTESIAN_POINT ( 'NONE',  ( -2.166808320000790378, 1.388146906716230200, 1.524958015046800064 ) ) ;
#5002 = ORIENTED_EDGE ( 'NONE', *, *, #704, .F. ) ;
#5003 = ORIENTED_EDGE ( 'NONE', *, *, #2863, .T. ) ;
#5004 =( NAMED_UNIT ( * ) PLANE_ANGLE_UNIT ( ) SI_UNIT ( $, .RADIAN. ) );
#5005 = DIRECTION ( 'NONE',  ( 0.000000000000000000, 0.000000000000000000, 1.000000000000000000 ) ) ;
#5006 = CIRCLE ( 'NONE', #2227, 0.1768228204653010394 ) ;
#5007 = CARTESIAN_POINT ( 'NONE',  ( 1.399999999999999911, -2.753959618851870239, 1.670000000000000151 ) ) ;
#5008 = DIRECTION ( 'NONE',  ( 0.000000000000000000, -1.000000000000000000, 0.000000000000000000 ) ) ;
#5009 = VECTOR ( 'NONE', #56, 1000.000000000000000 ) ;
#5010 = CARTESIAN_POINT ( 'NONE',  ( -2.214855333278670013, 1.732498726640149922, 0.08104293853427260719 ) ) ;
#5011 =( NAMED_UNIT ( * ) SI_UNIT ( $, .STERADIAN. ) SOLID_ANGLE_UNIT ( ) );
#5012 = EDGE_LOOP ( 'NONE', ( #501, #3942, #489, #2190, #4854 ) ) ;
#5013 = EDGE_CURVE ( 'NONE', #3072, #2314, #4529, .T. ) ;
#5014 = VECTOR ( 'NONE', #6016, 1000.000000000000000 ) ;
#5015 = VERTEX_POINT ( 'NONE', #264 ) ;
#5016 =( NAMED_UNIT ( * ) SI_UNIT ( $, .STERADIAN. ) SOLID_ANGLE_UNIT ( ) );
#5017 = COLOUR_RGB ( '',0.2000000000000000111, 0.2000000000000000111, 0.2000000000000000111 ) ;
#5018 = ADVANCED_FACE ( 'NONE', ( #2285 ), #4777, .T. ) ;
#5019 = CARTESIAN_POINT ( 'NONE',  ( 2.950000000000000622, -0.5954946213070572147, 0.2000000000000000111 ) ) ;
#5020 = DIRECTION ( 'NONE',  ( -0.9999999988448025068, -4.806657061659141619E-05, 0.000000000000000000 ) ) ;
#5021 = LINE ( 'NONE', #567, #6161 ) ;
#5022 = EDGE_CURVE ( 'NONE', #1674, #252, #2315, .T. ) ;
#5023 = ADVANCED_FACE ( 'NONE', ( #6308 ), #229, .T. ) ;
#5024 = DIRECTION ( 'NONE',  ( -6.123031769111888756E-17, -1.000000000000000000, 0.000000000000000000 ) ) ;
#5025 = ORIENTED_EDGE ( 'NONE', *, *, #831, .F. ) ;
#5026 = ORIENTED_EDGE ( 'NONE', *, *, #14, .F. ) ;
#5027 = CARTESIAN_POINT ( 'NONE',  ( 1.742310449531560002, -1.558656565019939988, 0.9499004956727240545 ) ) ;
#5028 = FACE_OUTER_BOUND ( 'NONE', #152, .T. ) ;
#5029 = DIRECTION ( 'NONE',  ( 0.000000000000000000, 0.000000000000000000, 1.000000000000000000 ) ) ;
#5030 = LINE ( 'NONE', #5133, #1689 ) ;
#5031 = ORIENTED_EDGE ( 'NONE', *, *, #88, .F. ) ;
#5032 = LINE ( 'NONE', #6059, #1714 ) ;
#5033 = SURFACE_STYLE_USAGE ( .BOTH. , #5428 ) ;
#5034 = VECTOR ( 'NONE', #6312, 999.9999999999998863 ) ;
#5035 = CARTESIAN_POINT ( 'NONE',  ( -2.166808320000790378, -1.388146906716230200, 1.524958015046800064 ) ) ;
#5036 = CARTESIAN_POINT ( 'NONE',  ( 1.742310449531560002, 1.732450861759520011, 1.670000000000000151 ) ) ;
#5037 = ORIENTED_EDGE ( 'NONE', *, *, #142, .T. ) ;
#5038 = ORIENTED_EDGE ( 'NONE', *, *, #4599, .F. ) ;
#5039 = CARTESIAN_POINT ( 'NONE',  ( 1.198636379818660114, -1.466061860831830099, 0.9929113569124999872 ) ) ;
#5040 = FILL_AREA_STYLE ('',( #4066 ) ) ;
#5041 = EDGE_CURVE ( 'NONE', #1272, #4724, #4164, .T. ) ;
#5042 = FILL_AREA_STYLE ('',( #3046 ) ) ;
#5043 = CARTESIAN_POINT ( 'NONE',  ( -2.950000000000000178, 0.6045053786929398543, 0.2000000000000000111 ) ) ;
#5044 = FACE_OUTER_BOUND ( 'NONE', #5093, .T. ) ;
#5045 = FACE_OUTER_BOUND ( 'NONE', #6054, .T. ) ;
#5046 = DIRECTION ( 'NONE',  ( 0.000000000000000000, -0.000000000000000000, -1.000000000000000000 ) ) ;
#5047 = DIRECTION ( 'NONE',  ( -1.000000000000000000, 0.000000000000000000, 0.000000000000000000 ) ) ;
#5048 = ORIENTED_EDGE ( 'NONE', *, *, #6081, .T. ) ;
#5049 = ORIENTED_EDGE ( 'NONE', *, *, #1428, .F. ) ;
#5050 = CARTESIAN_POINT ( 'NONE',  ( 2.214855333278670013, 1.475072618217709852, 0.9912762577585830792 ) ) ;
#5051 = CARTESIAN_POINT ( 'NONE',  ( 0.4647840932999509622, 0.7115629572946600145, 1.524958015046800064 ) ) ;
#5052 = DIRECTION ( 'NONE',  ( 1.000000000000000000, 0.000000000000000000, 0.000000000000000000 ) ) ;
#5053 = ORIENTED_EDGE ( 'NONE', *, *, #3003, .F. ) ;
#5054 = SURFACE_SIDE_STYLE ('',( #174 ) ) ;
#5055 = FACE_OUTER_BOUND ( 'NONE', #1118, .T. ) ;
#5056 = EDGE_CURVE ( 'NONE', #1188, #4232, #318, .T. ) ;
#5057 = ADVANCED_FACE ( 'NONE', ( #756 ), #3338, .T. ) ;
#5058 = DIRECTION ( 'NONE',  ( -1.000000000000000000, 0.000000000000000000, 0.000000000000000000 ) ) ;
#5059 = ORIENTED_EDGE ( 'NONE', *, *, #3894, .F. ) ;
#5060 = ORIENTED_EDGE ( 'NONE', *, *, #2216, .F. ) ;
#5061 = CARTESIAN_POINT ( 'NONE',  ( 2.292129386482720133, -1.558462643332440001, 0.9499004956727240545 ) ) ;
#5062 = VECTOR ( 'NONE', #3930, 1000.000000000000000 ) ;
#5063 = DIRECTION ( 'NONE',  ( -1.000000000000000000, 0.000000000000000000, 0.000000000000000000 ) ) ;
#5064 = VERTEX_POINT ( 'NONE', #3762 ) ;
#5065 = EDGE_CURVE ( 'NONE', #2147, #1401, #1773, .T. ) ;
#5066 = AXIS2_PLACEMENT_3D ( 'NONE', #323, #5273, #6288 ) ;
#5067 =( NAMED_UNIT ( * ) PLANE_ANGLE_UNIT ( ) SI_UNIT ( $, .RADIAN. ) );
#5068 = FILL_AREA_STYLE_COLOUR ( '', #6425 ) ;
#5069 = DIRECTION ( 'NONE',  ( 0.000000000000000000, 0.000000000000000000, 1.000000000000000000 ) ) ;
#5070 = ORIENTED_EDGE ( 'NONE', *, *, #1806, .T. ) ;
#5071 = EDGE_LOOP ( 'NONE', ( #997, #5990, #4733 ) ) ;
#5072 = FACE_OUTER_BOUND ( 'NONE', #3086, .T. ) ;
#5073 = VERTEX_POINT ( 'NONE', #3788 ) ;
#5074 = PRESENTATION_STYLE_ASSIGNMENT (( #1164 ) ) ;
#5075 = VECTOR ( 'NONE', #4925, 1000.000000000000000 ) ;
#5076 = MECHANICAL_DESIGN_GEOMETRIC_PRESENTATION_REPRESENTATION (  '', ( #2584 ), #89 ) ;
#5077 = CARTESIAN_POINT ( 'NONE',  ( 1.772510222112170020, -1.632498726640150055, 1.670000000000000151 ) ) ;
#5078 =( NAMED_UNIT ( * ) PLANE_ANGLE_UNIT ( ) SI_UNIT ( $, .RADIAN. ) );
#5079 = FILL_AREA_STYLE_COLOUR ( '', #5516 ) ;
#5080 = DIRECTION ( 'NONE',  ( -1.000000000000000000, -1.304042847708120109E-14, 0.000000000000000000 ) ) ;
#5081 =( NAMED_UNIT ( * ) PLANE_ANGLE_UNIT ( ) SI_UNIT ( $, .RADIAN. ) );
#5082 = ORIENTED_EDGE ( 'NONE', *, *, #1332, .T. ) ;
#5083 =( GEOMETRIC_REPRESENTATION_CONTEXT ( 3 ) GLOBAL_UNCERTAINTY_ASSIGNED_CONTEXT ( ( #5090 ) ) GLOBAL_UNIT_ASSIGNED_CONTEXT ( ( #884, #3222, #1840 ) ) REPRESENTATION_CONTEXT ( 'NONE', 'WORKASPACE' ) );
#5084 = FILL_AREA_STYLE ('',( #107 ) ) ;
#5085 = FACE_OUTER_BOUND ( 'NONE', #4398, .T. ) ;
#5086 = DIRECTION ( 'NONE',  ( 1.000000000000000000, 0.000000000000000000, 0.000000000000000000 ) ) ;
#5087 = ORIENTED_EDGE ( 'NONE', *, *, #5674, .F. ) ;
#5088 = VECTOR ( 'NONE', #1939, 1000.000000000000000 ) ;
#5089 = CARTESIAN_POINT ( 'NONE',  ( 2.350000000000000533, -1.095494621307057770, 0.000000000000000000 ) ) ;
#5090 = UNCERTAINTY_MEASURE_WITH_UNIT (LENGTH_MEASURE( 1.000000000000000082E-05 ), #884, 'distance_accuracy_value', 'NONE');
#5091 = MECHANICAL_DESIGN_GEOMETRIC_PRESENTATION_REPRESENTATION (  '', ( #1051 ), #411 ) ;
#5092 = FACE_OUTER_BOUND ( 'NONE', #3160, .T. ) ;
#5093 = EDGE_LOOP ( 'NONE', ( #687, #2004, #28, #6124, #732, #2129 ) ) ;
#5094 = EDGE_LOOP ( 'NONE', ( #5692, #61, #686, #6248 ) ) ;
#5095 =( NAMED_UNIT ( * ) PLANE_ANGLE_UNIT ( ) SI_UNIT ( $, .RADIAN. ) );
#5096 = DIRECTION ( 'NONE',  ( 0.000000000000000000, 0.000000000000000000, -1.000000000000000000 ) ) ;
#5097 = EDGE_CURVE ( 'NONE', #4920, #2702, #5795, .T. ) ;
#5098 = DIRECTION ( 'NONE',  ( 1.000000000000000000, 0.000000000000000000, 0.000000000000000000 ) ) ;
#5099 = PLANE ( 'NONE',  #2812 ) ;
#5100 = VECTOR ( 'NONE', #2304, 1000.000000000000000 ) ;
#5101 = ORIENTED_EDGE ( 'NONE', *, *, #629, .T. ) ;
#5102 = EDGE_CURVE ( 'NONE', #2617, #3997, #2259, .T. ) ;
#5103 = CARTESIAN_POINT ( 'NONE',  ( -2.350000000000000089, -1.095494621307057326, 0.2000000000000000111 ) ) ;
#5104 = EDGE_CURVE ( 'NONE', #4149, #2155, #4330, .T. ) ;
#5105 = VERTEX_POINT ( 'NONE', #3813 ) ;
#5106 = ORIENTED_EDGE ( 'NONE', *, *, #1145, .T. ) ;
#5107 = FACE_OUTER_BOUND ( 'NONE', #2493, .T. ) ;
#5108 = VECTOR ( 'NONE', #4921, 1000.000000000000000 ) ;
#5109 = ORIENTED_EDGE ( 'NONE', *, *, #3937, .T. ) ;
#5110 = SURFACE_SIDE_STYLE ('',( #6127 ) ) ;
#5111 = EDGE_CURVE ( 'NONE', #2087, #471, #5736, .T. ) ;
#5112 = PRESENTATION_LAYER_ASSIGNMENT (  '', '', ( #5316 ) ) ;
#5113 = COLOUR_RGB ( '',0.2000000000000000111, 0.2000000000000000111, 0.2000000000000000111 ) ;
#5114 = COLOUR_RGB ( '',0.6980392156862744724, 0.6980392156862744724, 0.6980392156862744724 ) ;
#5115 = CARTESIAN_POINT ( 'NONE',  ( -0.5844210245061349784, -1.732498726640149922, 1.524958015046800064 ) ) ;
#5116 = LINE ( 'NONE', #6167, #5191 ) ;
#5117 = DIRECTION ( 'NONE',  ( -0.9999999988448023958, -4.806657061659141619E-05, 0.000000000000000000 ) ) ;
#5118 = ORIENTED_EDGE ( 'NONE', *, *, #1050, .F. ) ;
#5119 = PRESENTATION_LAYER_ASSIGNMENT (  '', '', ( #5223 ) ) ;
#5120 = MECHANICAL_DESIGN_GEOMETRIC_PRESENTATION_REPRESENTATION (  '', ( #4804 ), #1297 ) ;
#5121 = DIRECTION ( 'NONE',  ( -0.000000000000000000, 1.000000000000000000, 0.000000000000000000 ) ) ;
#5122 = CARTESIAN_POINT ( 'NONE',  ( 1.399999999999999911, -2.753959618851870239, 1.670000000000000151 ) ) ;
#5123 = ORIENTED_EDGE ( 'NONE', *, *, #5102, .F. ) ;
#5124 =( NAMED_UNIT ( * ) PLANE_ANGLE_UNIT ( ) SI_UNIT ( $, .RADIAN. ) );
#5125 = PRESENTATION_LAYER_ASSIGNMENT (  '', '', ( #2527 ) ) ;
#5126 = VECTOR ( 'NONE', #340, 999.9999999999998863 ) ;
#5127 =( NAMED_UNIT ( * ) SI_UNIT ( $, .STERADIAN. ) SOLID_ANGLE_UNIT ( ) );
#5128 = EDGE_CURVE ( 'NONE', #38, #3493, #1295, .T. ) ;
#5129 = ORIENTED_EDGE ( 'NONE', *, *, #1231, .T. ) ;
#5130 = DIRECTION ( 'NONE',  ( 0.000000000000000000, -1.000000000000000000, 0.000000000000000000 ) ) ;
#5131 = ORIENTED_EDGE ( 'NONE', *, *, #851, .F. ) ;
#5132 = DIRECTION ( 'NONE',  ( 0.000000000000000000, 0.000000000000000000, -1.000000000000000000 ) ) ;
#5133 = CARTESIAN_POINT ( 'NONE',  ( 0.4502168081889539875, 0.9018052454393200579, 1.670000000000000151 ) ) ;
#5134 = CIRCLE ( 'NONE', #5975, 0.1902422881446600156 ) ;
#5135 = ORIENTED_EDGE ( 'NONE', *, *, #2969, .T. ) ;
#5136 = CARTESIAN_POINT ( 'NONE',  ( -1.922816040256440040, 1.732450861759520011, 1.670000000000000151 ) ) ;
#5137 = VECTOR ( 'NONE', #3034, 1000.000000000000000 ) ;
#5138 = DIRECTION ( 'NONE',  ( 1.000000000000000000, 0.000000000000000000, 0.000000000000000000 ) ) ;
#5139 = ORIENTED_EDGE ( 'NONE', *, *, #5102, .T. ) ;
#5140 = ORIENTED_EDGE ( 'NONE', *, *, #2321, .F. ) ;
#5141 = DIRECTION ( 'NONE',  ( 0.7081028174462850044, -0.7061093399216817890, 0.000000000000000000 ) ) ;
#5142 = ORIENTED_EDGE ( 'NONE', *, *, #1740, .F. ) ;
#5143 = LINE ( 'NONE', #688, #5200 ) ;
#5144 = EDGE_CURVE ( 'NONE', #719, #6024, #979, .T. ) ;
#5145 = VECTOR ( 'NONE', #2879, 1000.000000000000000 ) ;
#5146 = SURFACE_STYLE_FILL_AREA ( #3154 ) ;
#5147 = EDGE_CURVE ( 'NONE', #2124, #4817, #4929, .T. ) ;
#5148 = SURFACE_STYLE_USAGE ( .BOTH. , #3549 ) ;
#5149 = PRESENTATION_STYLE_ASSIGNMENT (( #1168 ) ) ;
#5150 = CARTESIAN_POINT ( 'NONE',  ( 0.2021725488640351287, 1.350000000000000089, -0.5988918829267962929 ) ) ;
#5151 = ORIENTED_EDGE ( 'NONE', *, *, #648, .T. ) ;
#5152 = EDGE_CURVE ( 'NONE', #3729, #3170, #5302, .T. ) ;
#5153 = VERTEX_POINT ( 'NONE', #2937 ) ;
#5154 = PRESENTATION_STYLE_ASSIGNMENT (( #3162 ) ) ;
#5155 = SURFACE_SIDE_STYLE ('',( #4147 ) ) ;
#5156 = CARTESIAN_POINT ( 'NONE',  ( -0.2756685251360169731, 0.7015834068728459272, 1.524958015046800064 ) ) ;
#5157 = ORIENTED_EDGE ( 'NONE', *, *, #242, .T. ) ;
#5158 = SURFACE_STYLE_USAGE ( .BOTH. , #111 ) ;
#5159 = SURFACE_SIDE_STYLE ('',( #176 ) ) ;
#5160 = FILL_AREA_STYLE ('',( #4154 ) ) ;
#5161 = ORIENTED_EDGE ( 'NONE', *, *, #4299, .T. ) ;
#5162 = CARTESIAN_POINT ( 'NONE',  ( 1.135441809735770136, 1.473734927972049968, 0.9360832168907079476 ) ) ;
#5163 = VERTEX_POINT ( 'NONE', #472 ) ;
#5164 = CARTESIAN_POINT ( 'NONE',  ( 1.742310444304459915, -1.558547818131809981, 0.9499004956727240545 ) ) ;
#5165 = LINE ( 'NONE', #1826, #941 ) ;
#5166 = ORIENTED_EDGE ( 'NONE', *, *, #5820, .T. ) ;
#5167 = VECTOR ( 'NONE', #2545, 1000.000000000000000 ) ;
#5168 = DIRECTION ( 'NONE',  ( 0.000000000000000000, 1.000000000000000000, 0.000000000000000000 ) ) ;
#5169 = VECTOR ( 'NONE', #2009, 1000.000000000000000 ) ;
#5170 = CARTESIAN_POINT ( 'NONE',  ( 0.000000000000000000, 1.732498726640149922, 1.524958015046800064 ) ) ;
#5171 = ORIENTED_EDGE ( 'NONE', *, *, #3856, .F. ) ;
#5172 = FACE_OUTER_BOUND ( 'NONE', #3150, .T. ) ;
#5173 = DIRECTION ( 'NONE',  ( -0.0002296219586499429594, -1.103713987149930812E-08, -0.9999999736368777592 ) ) ;
#5174 = COLOUR_RGB ( '',0.2000000000000000111, 0.2000000000000000111, 0.2000000000000000111 ) ;
#5175 =( NAMED_UNIT ( * ) PLANE_ANGLE_UNIT ( ) SI_UNIT ( $, .RADIAN. ) );
#5176 = AXIS2_PLACEMENT_3D ( 'NONE', #4387, #1443, #3398 ) ;
#5177 = SURFACE_STYLE_USAGE ( .BOTH. , #853 ) ;
#5178 = ORIENTED_EDGE ( 'NONE', *, *, #2148, .F. ) ;
#5179 = VERTEX_POINT ( 'NONE', #2847 ) ;
#5180 = SURFACE_STYLE_USAGE ( .BOTH. , #6104 ) ;
#5181 = EDGE_CURVE ( 'NONE', #2768, #1993, #6406, .T. ) ;
#5182 = SURFACE_SIDE_STYLE ('',( #4567 ) ) ;
#5183 = EDGE_CURVE ( 'NONE', #5759, #4149, #940, .T. ) ;
#5184 = DIRECTION ( 'NONE',  ( -3.124171273918740215E-16, 1.000000000000000000, 0.000000000000000000 ) ) ;
#5185 = SURFACE_STYLE_USAGE ( .BOTH. , #4079 ) ;
#5186 = VERTEX_POINT ( 'NONE', #6437 ) ;
#5187 = FILL_AREA_STYLE_COLOUR ( '', #1622 ) ;
#5188 = EDGE_CURVE ( 'NONE', #4232, #1830, #5917, .T. ) ;
#5189 = PRESENTATION_LAYER_ASSIGNMENT (  '', '', ( #4250 ) ) ;
#5190 = EDGE_CURVE ( 'NONE', #3498, #6412, #2371, .T. ) ;
#5191 = VECTOR ( 'NONE', #1684, 1000.000000000000000 ) ;
#5192 = SURFACE_SIDE_STYLE ('',( #3714 ) ) ;
#5193 = ORIENTED_EDGE ( 'NONE', *, *, #4227, .F. ) ;
#5194 = FACE_OUTER_BOUND ( 'NONE', #1984, .T. ) ;
#5195 = DIRECTION ( 'NONE',  ( 0.000000000000000000, 0.000000000000000000, 1.000000000000000000 ) ) ;
#5196 = LINE ( 'NONE', #803, #5310 ) ;
#5197 = FACE_OUTER_BOUND ( 'NONE', #4713, .T. ) ;
#5198 = VECTOR ( 'NONE', #4786, 1000.000000000000000 ) ;
#5199 =( NAMED_UNIT ( * ) SI_UNIT ( $, .STERADIAN. ) SOLID_ANGLE_UNIT ( ) );
#5200 = VECTOR ( 'NONE', #2198, 1000.000000000000000 ) ;
#5201 = DIRECTION ( 'NONE',  ( -0.9999999724816801550, -4.806656934940654570E-05, 0.0002296219589152016674 ) ) ;
#5202 = EDGE_LOOP ( 'NONE', ( #2495, #151, #5412, #5408 ) ) ;
#5203 = ORIENTED_EDGE ( 'NONE', *, *, #5303, .F. ) ;
#5204 = ORIENTED_EDGE ( 'NONE', *, *, #6136, .F. ) ;
#5205 = DIRECTION ( 'NONE',  ( 0.000000000000000000, 0.000000000000000000, -1.000000000000000000 ) ) ;
#5206 = VECTOR ( 'NONE', #194, 1000.000000000000000 ) ;
#5207 = AXIS2_PLACEMENT_3D ( 'NONE', #3238, #3203, #3269 ) ;
#5208 = STYLED_ITEM ( 'NONE', ( #2810 ), #3473 ) ;
#5209 = SURFACE_STYLE_USAGE ( .BOTH. , #5709 ) ;
#5210 =( GEOMETRIC_REPRESENTATION_CONTEXT ( 3 ) GLOBAL_UNCERTAINTY_ASSIGNED_CONTEXT ( ( #3262 ) ) GLOBAL_UNIT_ASSIGNED_CONTEXT ( ( #3128, #6082, #5016 ) ) REPRESENTATION_CONTEXT ( 'NONE', 'WORKASPACE' ) );
#5211 = B_SPLINE_CURVE_WITH_KNOTS ( 'NONE', 3,
 ( #5077, #6006, #1555, #2612, #5497, #3015 ),
 .UNSPECIFIED., .F., .F.,
 ( 4, 2, 4 ),
 ( 0.000000000000000000, 0.5000000000000000000, 1.000000000000000000 ),
 .UNSPECIFIED. ) ;
#5212 = PLANE ( 'NONE',  #3082 ) ;
#5213 = SURFACE_STYLE_FILL_AREA ( #2706 ) ;
#5214 = EDGE_LOOP ( 'NONE', ( #1633, #4783, #2911, #1320 ) ) ;
#5215 = DIRECTION ( 'NONE',  ( -1.000000000000000000, 0.000000000000000000, 0.000000000000000000 ) ) ;
#5216 = CARTESIAN_POINT ( 'NONE',  ( -1.187565630244470150, -2.286241185967940126, 1.448687028813379962 ) ) ;
#5217 = MECHANICAL_DESIGN_GEOMETRIC_PRESENTATION_REPRESENTATION (  '', ( #4491 ), #3546 ) ;
#5218 = EDGE_CURVE ( 'NONE', #80, #4943, #1278, .T. ) ;
#5219 = PRESENTATION_STYLE_ASSIGNMENT (( #1753 ) ) ;
#5220 = DIRECTION ( 'NONE',  ( 1.000000000000000000, 0.000000000000000000, 0.000000000000000000 ) ) ;
#5221 =( NAMED_UNIT ( * ) PLANE_ANGLE_UNIT ( ) SI_UNIT ( $, .RADIAN. ) );
#5222 = MECHANICAL_DESIGN_GEOMETRIC_PRESENTATION_REPRESENTATION (  '', ( #1607 ), #5829 ) ;
#5223 = STYLED_ITEM ( 'NONE', ( #4741 ), #1063 ) ;
#5224 = EDGE_CURVE ( 'NONE', #4827, #5982, #1999, .T. ) ;
#5225 = MECHANICAL_DESIGN_GEOMETRIC_PRESENTATION_REPRESENTATION (  '', ( #3756 ), #1503 ) ;
#5226 = UNCERTAINTY_MEASURE_WITH_UNIT (LENGTH_MEASURE( 1.000000000000000082E-05 ), #2543, 'distance_accuracy_value', 'NONE');
#5227 = VECTOR ( 'NONE', #492, 1000.000000000000114 ) ;
#5228 = ADVANCED_FACE ( 'NONE', ( #3854 ), #880, .T. ) ;
#5229 =( LENGTH_UNIT ( ) NAMED_UNIT ( * ) SI_UNIT ( .MILLI., .METRE. ) );
#5230 = CARTESIAN_POINT ( 'NONE',  ( -1.244325199552470007, -1.732558537085290062, 0.9499004956727240545 ) ) ;
#5231 = ORIENTED_EDGE ( 'NONE', *, *, #4420, .T. ) ;
#5232 = LINE ( 'NONE', #5321, #4302 ) ;
#5233 = FILL_AREA_STYLE_COLOUR ( '', #1500 ) ;
#5234 = EDGE_CURVE ( 'NONE', #3878, #2643, #907, .T. ) ;
#5235 = SURFACE_SIDE_STYLE ('',( #3719 ) ) ;
#5236 = CIRCLE ( 'NONE', #4402, 0.3018065944804310119 ) ;
#5237 = EDGE_CURVE ( 'NONE', #4627, #4827, #409, .T. ) ;
#5238 = VECTOR ( 'NONE', #1836, 1000.000000000000000 ) ;
#5239 = SURFACE_STYLE_USAGE ( .BOTH. , #4348 ) ;
#5240 = EDGE_LOOP ( 'NONE', ( #3276, #1625, #3891, #3010 ) ) ;
#5241 = ORIENTED_EDGE ( 'NONE', *, *, #1397, .T. ) ;
#5242 = CARTESIAN_POINT ( 'NONE',  ( 1.742302086634529790, -1.558489071645210000, 0.9499004956727240545 ) ) ;
#5243 = CIRCLE ( 'NONE', #2338, 0.1805055907248848679 ) ;
#5244 = CARTESIAN_POINT ( 'NONE',  ( -0.6550263814446110056, 0.7115629572946600145, 1.524958015046800064 ) ) ;
#5245 = CARTESIAN_POINT ( 'NONE',  ( 1.187565630244470150, -2.286241185967940126, 0.9499004956727240545 ) ) ;
#5246 = DIRECTION ( 'NONE',  ( 1.000000000000000000, 0.000000000000000000, 0.000000000000000000 ) ) ;
#5247 = VERTEX_POINT ( 'NONE', #5889 ) ;
#5248 = EDGE_LOOP ( 'NONE', ( #1122, #2246, #6110, #2955 ) ) ;
#5249 = CARTESIAN_POINT ( 'NONE',  ( 1.399999999999999911, -2.753959618851870239, 1.670000000000000151 ) ) ;
#5250 = EDGE_CURVE ( 'NONE', #4325, #5759, #2440, .T. ) ;
#5251 = UNCERTAINTY_MEASURE_WITH_UNIT (LENGTH_MEASURE( 1.000000000000000082E-05 ), #4590, 'distance_accuracy_value', 'NONE');
#5252 = DIRECTION ( 'NONE',  ( 1.000000000000000000, 0.000000000000000000, 0.000000000000000000 ) ) ;
#5253 = FILL_AREA_STYLE ('',( #863 ) ) ;
#5254 = ORIENTED_EDGE ( 'NONE', *, *, #3780, .F. ) ;
#5255 = FACE_OUTER_BOUND ( 'NONE', #799, .T. ) ;
#5256 = ORIENTED_EDGE ( 'NONE', *, *, #3628, .T. ) ;
#5257 = CARTESIAN_POINT ( 'NONE',  ( -1.749524996914536557, -1.677667598121275194, 1.660558295275731178 ) ) ;
#5258 = SURFACE_SIDE_STYLE ('',( #2274 ) ) ;
#5259 = SURFACE_SIDE_STYLE ('',( #5761 ) ) ;
#5260 = FACE_OUTER_BOUND ( 'NONE', #4032, .T. ) ;
#5261 = CARTESIAN_POINT ( 'NONE',  ( 0.4647840932999509622, 0.9018052454393200579, 1.670000000000000151 ) ) ;
#5262 = EDGE_CURVE ( 'NONE', #3785, #1207, #1040, .T. ) ;
#5263 = ADVANCED_FACE ( 'NONE', ( #2565 ), #4024, .F. ) ;
#5264 = DIRECTION ( 'NONE',  ( 0.000000000000000000, -1.000000000000000000, 0.000000000000000000 ) ) ;
#5265 = ORIENTED_EDGE ( 'NONE', *, *, #1276, .F. ) ;
#5266 = DIRECTION ( 'NONE',  ( 0.000000000000000000, 0.000000000000000000, -1.000000000000000000 ) ) ;
#5267 = ORIENTED_EDGE ( 'NONE', *, *, #5747, .T. ) ;
#5268 = CARTESIAN_POINT ( 'NONE',  ( 1.742310449531560002, -1.632498726640150055, 1.570000000000000062 ) ) ;
#5269 = ADVANCED_FACE ( 'NONE', ( #3530 ), #4553, .F. ) ;
#5270 = VECTOR ( 'NONE', #172, 999.9999999999998863 ) ;
#5271 = UNCERTAINTY_MEASURE_WITH_UNIT (LENGTH_MEASURE( 1.000000000000000082E-05 ), #1010, 'distance_accuracy_value', 'NONE');
#5272 = PRESENTATION_STYLE_ASSIGNMENT (( #4729 ) ) ;
#5273 = DIRECTION ( 'NONE',  ( 7.228014483236693597E-16, 1.000000000000000000, 0.000000000000000000 ) ) ;
#5274 = DIRECTION ( 'NONE',  ( 1.000000000000000000, -6.123031769111888756E-17, 0.000000000000000000 ) ) ;
#5275 = VERTEX_POINT ( 'NONE', #4058 ) ;
#5276 = DIRECTION ( 'NONE',  ( 4.075590574283130365E-16, 0.000000000000000000, -1.000000000000000000 ) ) ;
#5277 = VECTOR ( 'NONE', #4460, 1000.000000000000000 ) ;
#5278 = AXIS2_PLACEMENT_3D ( 'NONE', #3702, #5246, #4754 ) ;
#5279 = LINE ( 'NONE', #826, #1292 ) ;
#5280 = CARTESIAN_POINT ( 'NONE',  ( -1.135441809735770136, 1.517608363321570009, 1.524958015046800064 ) ) ;
#5281 = SURFACE_STYLE_USAGE ( .BOTH. , #6293 ) ;
#5282 = MECHANICAL_DESIGN_GEOMETRIC_PRESENTATION_REPRESENTATION (  '', ( #4671 ), #602 ) ;
#5283 = UNCERTAINTY_MEASURE_WITH_UNIT (LENGTH_MEASURE( 1.000000000000000082E-05 ), #4390, 'distance_accuracy_value', 'NONE');
#5284 = FILL_AREA_STYLE ('',( #3288 ) ) ;
#5285 = STYLED_ITEM ( 'NONE', ( #5149 ), #2785 ) ;
#5286 = ORIENTED_EDGE ( 'NONE', *, *, #5111, .F. ) ;
#5287 = CARTESIAN_POINT ( 'NONE',  ( -1.244244712487437843, -1.674551331561781042, 0.9499004956727240545 ) ) ;
#5288 = LINE ( 'NONE', #5813, #240 ) ;
#5289 = FACE_OUTER_BOUND ( 'NONE', #4689, .T. ) ;
#5290 = AXIS2_PLACEMENT_3D ( 'NONE', #2145, #102, #5046 ) ;
#5291 = LINE ( 'NONE', #838, #3853 ) ;
#5292 = ADVANCED_FACE ( 'NONE', ( #5569 ), #4995, .T. ) ;
#5293 = UNCERTAINTY_MEASURE_WITH_UNIT (LENGTH_MEASURE( 1.000000000000000082E-05 ), #4236, 'distance_accuracy_value', 'NONE');
#5294 = VERTEX_POINT ( 'NONE', #2534 ) ;
#5295 = ORIENTED_EDGE ( 'NONE', *, *, #6264, .T. ) ;
#5296 = PLANE ( 'NONE',  #3509 ) ;
#5297 = ORIENTED_EDGE ( 'NONE', *, *, #6386, .F. ) ;
#5298 = MECHANICAL_DESIGN_GEOMETRIC_PRESENTATION_REPRESENTATION (  '', ( #407 ), #1784 ) ;
#5299 = EDGE_CURVE ( 'NONE', #2771, #1679, #4523, .T. ) ;
#5300 = VERTEX_POINT ( 'NONE', #1119 ) ;
#5301 = SURFACE_STYLE_USAGE ( .BOTH. , #1258 ) ;
#5302 = CIRCLE ( 'NONE', #2601, 0.1637983643183980875 ) ;
#5303 = EDGE_CURVE ( 'NONE', #5845, #1078, #5032, .T. ) ;
#5304 = DIRECTION ( 'NONE',  ( 0.000000000000000000, 0.000000000000000000, 1.000000000000000000 ) ) ;
#5305 = DIRECTION ( 'NONE',  ( 0.000000000000000000, 0.000000000000000000, -1.000000000000000000 ) ) ;
#5306 = VERTEX_POINT ( 'NONE', #3387 ) ;
#5307 = FACE_OUTER_BOUND ( 'NONE', #1627, .T. ) ;
#5308 = EDGE_CURVE ( 'NONE', #1693, #1865, #5940, .T. ) ;
#5309 = CARTESIAN_POINT ( 'NONE',  ( -1.922816040256440040, -1.732450861759520011, 1.670000000000000151 ) ) ;
#5310 = VECTOR ( 'NONE', #744, 1000.000000000000000 ) ;
#5311 = PRESENTATION_LAYER_ASSIGNMENT (  '', '', ( #3744 ) ) ;
#5312 = EDGE_CURVE ( 'NONE', #4833, #2762, #5443, .T. ) ;
#5313 = DIRECTION ( 'NONE',  ( 0.000000000000000000, 0.000000000000000000, -1.000000000000000000 ) ) ;
#5314 = LINE ( 'NONE', #5280, #6309 ) ;
#5315 = DIRECTION ( 'NONE',  ( 0.000000000000000000, -1.000000000000000000, 0.000000000000000000 ) ) ;
#5316 = STYLED_ITEM ( 'NONE', ( #21 ), #3214 ) ;
#5317 = AXIS2_PLACEMENT_3D ( 'NONE', #5474, #5588, #3562 ) ;
#5318 = VECTOR ( 'NONE', #5953, 1000.000000000000000 ) ;
#5319 = DIRECTION ( 'NONE',  ( 0.000000000000000000, 0.000000000000000000, 1.000000000000000000 ) ) ;
#5320 = EDGE_LOOP ( 'NONE', ( #4435, #1541, #1511 ) ) ;
#5321 = CARTESIAN_POINT ( 'NONE',  ( -1.774318189909330101, -1.750000000000000000, 0.9929113569124999872 ) ) ;
#5322 = CARTESIAN_POINT ( 'NONE',  ( 1.244408477699840088, -1.731509940961710070, 1.670000000000000151 ) ) ;
#5323 = EDGE_CURVE ( 'NONE', #5494, #3709, #5979, .T. ) ;
#5324 = VECTOR ( 'NONE', #1462, 1000.000000000000000 ) ;
#5325 = ORIENTED_EDGE ( 'NONE', *, *, #165, .T. ) ;
#5326 = DIRECTION ( 'NONE',  ( 0.000000000000000000, -1.000000000000000000, 0.000000000000000000 ) ) ;
#5327 = ORIENTED_EDGE ( 'NONE', *, *, #1815, .T. ) ;
#5328 = CARTESIAN_POINT ( 'NONE',  ( 0.2756685251360169731, -0.5073416627111608790, 1.524958015046800064 ) ) ;
#5329 = UNCERTAINTY_MEASURE_WITH_UNIT (LENGTH_MEASURE( 1.000000000000000082E-05 ), #620, 'distance_accuracy_value', 'NONE');
#5330 = AXIS2_PLACEMENT_3D ( 'NONE', #4923, #4012, #1505 ) ;
#5331 = FILL_AREA_STYLE_COLOUR ( '', #3129 ) ;
#5332 = CARTESIAN_POINT ( 'NONE',  ( 0.4807147255954329901, -0.6968490896672390189, 1.670000000000000151 ) ) ;
#5333 = ORIENTED_EDGE ( 'NONE', *, *, #3230, .F. ) ;
#5334 = ORIENTED_EDGE ( 'NONE', *, *, #5013, .T. ) ;
#5335 = CARTESIAN_POINT ( 'NONE',  ( 1.922816040256440040, -1.551945271034630203, 1.670000000000000151 ) ) ;
#5336 = PLANE ( 'NONE',  #3520 ) ;
#5337 = EDGE_CURVE ( 'NONE', #3709, #5105, #4372, .T. ) ;
#5338 = EDGE_CURVE ( 'NONE', #675, #5420, #391, .T. ) ;
#5339 =( LENGTH_UNIT ( ) NAMED_UNIT ( * ) SI_UNIT ( .MILLI., .METRE. ) );
#5340 = DIRECTION ( 'NONE',  ( 1.000000000000000000, 0.000000000000000000, 0.000000000000000000 ) ) ;
#5341 = DIRECTION ( 'NONE',  ( 1.000000000000000000, 0.000000000000000000, 0.000000000000000000 ) ) ;
#5342 = ORIENTED_EDGE ( 'NONE', *, *, #4151, .F. ) ;
#5343 = DIRECTION ( 'NONE',  ( 1.000000000000000000, 0.000000000000000000, 0.000000000000000000 ) ) ;
#5344 = CARTESIAN_POINT ( 'NONE',  ( -0.4651759520920960012, -0.6968490896672400181, 1.670000000000000151 ) ) ;
#5345 = VERTEX_POINT ( 'NONE', #3419 ) ;
#5346 = CARTESIAN_POINT ( 'NONE',  ( -1.742310449531560002, -1.732450861759520011, 1.573093652385120222 ) ) ;
#5347 = DIRECTION ( 'NONE',  ( 0.000000000000000000, 1.000000000000000000, 0.000000000000000000 ) ) ;
#5348 = FILL_AREA_STYLE ('',( #806 ) ) ;
#5349 = CARTESIAN_POINT ( 'NONE',  ( 0.3018065944804309009, -1.350000000000000089, 0.05835212073282350365 ) ) ;
#5350 = VERTEX_POINT ( 'NONE', #6358 ) ;
#5351 = LINE ( 'NONE', #1928, #5075 ) ;
#5352 = DIRECTION ( 'NONE',  ( 0.000000000000000000, 0.000000000000000000, -1.000000000000000000 ) ) ;
#5353 = MANIFOLD_SOLID_BREP ( 'Boss-Extrude1[3]', #5643 ) ;
#5354 = ORIENTED_EDGE ( 'NONE', *, *, #3966, .F. ) ;
#5355 = CARTESIAN_POINT ( 'NONE',  ( 1.187565630244470150, -2.286241185967940126, 0.9499004956727240545 ) ) ;
#5356 = LINE ( 'NONE', #4839, #75 ) ;
#5357 = ORIENTED_EDGE ( 'NONE', *, *, #1901, .T. ) ;
#5358 = ORIENTED_EDGE ( 'NONE', *, *, #2790, .T. ) ;
#5359 = DIRECTION ( 'NONE',  ( -0.000000000000000000, 0.000000000000000000, 1.000000000000000000 ) ) ;
#5360 = CARTESIAN_POINT ( 'NONE',  ( -2.350000000000000089, -1.466061860831830099, 0.000000000000000000 ) ) ;
#5361 = DIRECTION ( 'NONE',  ( 0.000000000000000000, 1.000000000000000000, 0.000000000000000000 ) ) ;
#5362 = DIRECTION ( 'NONE',  ( -0.000000000000000000, 1.000000000000000000, 0.000000000000000000 ) ) ;
#5363 = DIRECTION ( 'NONE',  ( 1.000000000000000000, 0.000000000000000000, 0.000000000000000000 ) ) ;
#5364 = LINE ( 'NONE', #4431, #283 ) ;
#5365 = EDGE_CURVE ( 'NONE', #3960, #3583, #461, .T. ) ;
#5366 = VECTOR ( 'NONE', #4612, 1000.000000000000000 ) ;
#5367 = CARTESIAN_POINT ( 'NONE',  ( -0.4647840932999509622, 0.7115629572946600145, 1.670000000000000151 ) ) ;
#5368 = ORIENTED_EDGE ( 'NONE', *, *, #2830, .F. ) ;
#5369 = EDGE_CURVE ( 'NONE', #1437, #4568, #4438, .T. ) ;
#5370 = VECTOR ( 'NONE', #3371, 1000.000000000000000 ) ;
#5371 = B_SPLINE_CURVE_WITH_KNOTS ( 'NONE', 3,
 ( #2522, #2052, #3518, #73, #3458, #3390 ),
 .UNSPECIFIED., .F., .F.,
 ( 4, 2, 4 ),
 ( 0.000000000000000000, 0.5000000000000000000, 1.000000000000000000 ),
 .UNSPECIFIED. ) ;
#5372 = LINE ( 'NONE', #39, #5762 ) ;
#5373 = EDGE_CURVE ( 'NONE', #1272, #6247, #1435, .T. ) ;
#5374 = ORIENTED_EDGE ( 'NONE', *, *, #4642, .T. ) ;
#5375 = LINE ( 'NONE', #1467, #5014 ) ;
#5376 = LINE ( 'NONE', #968, #764 ) ;
#5377 = AXIS2_PLACEMENT_3D ( 'NONE', #59, #2193, #3074 ) ;
#5378 = PLANE ( 'NONE',  #3328 ) ;
#5379 = EDGE_CURVE ( 'NONE', #4658, #381, #2482, .T. ) ;
#5380 =( GEOMETRIC_REPRESENTATION_CONTEXT ( 3 ) GLOBAL_UNCERTAINTY_ASSIGNED_CONTEXT ( ( #6204 ) ) GLOBAL_UNIT_ASSIGNED_CONTEXT ( ( #3985, #5095, #1080 ) ) REPRESENTATION_CONTEXT ( 'NONE', 'WORKASPACE' ) );
#5381 = VERTEX_POINT ( 'NONE', #4467 ) ;
#5382 = CARTESIAN_POINT ( 'NONE',  ( -2.330606684319190158, -1.388146906716230200, 1.670000000000000151 ) ) ;
#5383 = EDGE_LOOP ( 'NONE', ( #4806, #2578, #163, #6394 ) ) ;
#5384 = LINE ( 'NONE', #2403, #1029 ) ;
#5385 = CARTESIAN_POINT ( 'NONE',  ( -2.166808320000790378, -1.388146906716230200, 1.670000000000000151 ) ) ;
#5386 = DIRECTION ( 'NONE',  ( 4.806657061659141619E-05, -0.9999999988448025068, 0.000000000000000000 ) ) ;
#5387 = ORIENTED_EDGE ( 'NONE', *, *, #4755, .T. ) ;
#5388 = CARTESIAN_POINT ( 'NONE',  ( 2.350000000000000533, -1.095494621307057770, 0.2000000000000000111 ) ) ;
#5389 = VECTOR ( 'NONE', #4872, 1000.000000000000000 ) ;
#5390 = AXIS2_PLACEMENT_3D ( 'NONE', #132, #585, #4690 ) ;
#5391 = CARTESIAN_POINT ( 'NONE',  ( 2.350000000000000089, 1.750000000000000000, 1.524958015046800064 ) ) ;
#5392 = CIRCLE ( 'NONE', #100, 0.1805055907248848679 ) ;
#5393 = ORIENTED_EDGE ( 'NONE', *, *, #2731, .F. ) ;
#5394 = ORIENTED_EDGE ( 'NONE', *, *, #4819, .F. ) ;
#5395 =( LENGTH_UNIT ( ) NAMED_UNIT ( * ) SI_UNIT ( .MILLI., .METRE. ) );
#5396 = AXIS2_PLACEMENT_3D ( 'NONE', #5268, #3698, #1834 ) ;
#5397 = DIRECTION ( 'NONE',  ( 0.000000000000000000, -1.000000000000000000, 0.000000000000000000 ) ) ;
#5398 = FACE_OUTER_BOUND ( 'NONE', #1887, .T. ) ;
#5399 = SURFACE_SIDE_STYLE ('',( #4914 ) ) ;
#5400 = DIRECTION ( 'NONE',  ( 1.000000000000000000, 6.977398648951600293E-15, 0.000000000000000000 ) ) ;
#5401 =( NAMED_UNIT ( * ) PLANE_ANGLE_UNIT ( ) SI_UNIT ( $, .RADIAN. ) );
#5402 = LINE ( 'NONE', #3018, #5810 ) ;
#5403 = PRESENTATION_LAYER_ASSIGNMENT (  '', '', ( #4474 ) ) ;
#5404 =( LENGTH_UNIT ( ) NAMED_UNIT ( * ) SI_UNIT ( .MILLI., .METRE. ) );
#5405 = EDGE_LOOP ( 'NONE', ( #477, #1839, #3366, #3099 ) ) ;
#5406 = EDGE_CURVE ( 'NONE', #538, #1242, #5372, .T. ) ;
#5407 =( GEOMETRIC_REPRESENTATION_CONTEXT ( 3 ) GLOBAL_UNCERTAINTY_ASSIGNED_CONTEXT ( ( #2848 ) ) GLOBAL_UNIT_ASSIGNED_CONTEXT ( ( #5404, #3020, #5011 ) ) REPRESENTATION_CONTEXT ( 'NONE', 'WORKASPACE' ) );
#5408 = ORIENTED_EDGE ( 'NONE', *, *, #4709, .F. ) ;
#5409 =( NAMED_UNIT ( * ) SI_UNIT ( $, .STERADIAN. ) SOLID_ANGLE_UNIT ( ) );
#5410 = LINE ( 'NONE', #964, #593 ) ;
#5411 = MECHANICAL_DESIGN_GEOMETRIC_PRESENTATION_REPRESENTATION (  '', ( #219 ), #2618 ) ;
#5412 = ORIENTED_EDGE ( 'NONE', *, *, #1861, .T. ) ;
#5413 = PRESENTATION_STYLE_ASSIGNMENT (( #4983 ) ) ;
#5414 = VECTOR ( 'NONE', #2426, 1000.000000000000000 ) ;
#5415 = LINE ( 'NONE', #1003, #858 ) ;
#5416 = PRESENTATION_LAYER_ASSIGNMENT (  '', '', ( #1496 ) ) ;
#5417 = VECTOR ( 'NONE', #1941, 1000.000000000000000 ) ;
#5418 = EDGE_CURVE ( 'NONE', #4670, #2155, #926, .T. ) ;
#5419 =( LENGTH_UNIT ( ) NAMED_UNIT ( * ) SI_UNIT ( .MILLI., .METRE. ) );
#5420 = VERTEX_POINT ( 'NONE', #4852 ) ;
#5421 = SURFACE_STYLE_USAGE ( .BOTH. , #5855 ) ;
#5422 = VERTEX_POINT ( 'NONE', #2892 ) ;
#5423 = CARTESIAN_POINT ( 'NONE',  ( -2.350000000000000089, -1.466061860831830099, 0.9929113569124999872 ) ) ;
#5424 = ORIENTED_EDGE ( 'NONE', *, *, #2758, .T. ) ;
#5425 = MECHANICAL_DESIGN_GEOMETRIC_PRESENTATION_REPRESENTATION (  '', ( #1908 ), #4191 ) ;
#5426 = DIRECTION ( 'NONE',  ( 0.000000000000000000, -1.000000000000000000, 0.000000000000000000 ) ) ;
#5427 = ADVANCED_FACE ( 'NONE', ( #527 ), #6395, .T. ) ;
#5428 = SURFACE_SIDE_STYLE ('',( #4487 ) ) ;
#5429 = ORIENTED_EDGE ( 'NONE', *, *, #5312, .T. ) ;
#5430 = ORIENTED_EDGE ( 'NONE', *, *, #6386, .T. ) ;
#5431 = SURFACE_STYLE_USAGE ( .BOTH. , #4456 ) ;
#5432 = VECTOR ( 'NONE', #6172, 1000.000000000000000 ) ;
#5433 = AXIS2_PLACEMENT_3D ( 'NONE', #1923, #3323, #2273 ) ;
#5434 = PRESENTATION_LAYER_ASSIGNMENT (  '', '', ( #3766 ) ) ;
#5435 = CARTESIAN_POINT ( 'NONE',  ( 2.350000000000000089, -1.750000000000000000, 0.9929113569124999872 ) ) ;
#5436 =( NAMED_UNIT ( * ) PLANE_ANGLE_UNIT ( ) SI_UNIT ( $, .RADIAN. ) );
#5437 = CARTESIAN_POINT ( 'NONE',  ( -0.4502168081889539875, 0.9018052454393200579, 1.670000000000000151 ) ) ;
#5438 = COLOUR_RGB ( '',0.2000000000000000111, 0.2000000000000000111, 0.2000000000000000111 ) ;
#5439 =( LENGTH_UNIT ( ) NAMED_UNIT ( * ) SI_UNIT ( .MILLI., .METRE. ) );
#5440 = ADVANCED_FACE ( 'NONE', ( #562 ), #2550, .T. ) ;
#5441 = AXIS2_PLACEMENT_3D ( 'NONE', #5856, #5352, #52 ) ;
#5442 = EDGE_LOOP ( 'NONE', ( #4909, #3147 ) ) ;
#5443 = LINE ( 'NONE', #1985, #2127 ) ;
#5444 = LINE ( 'NONE', #1949, #322 ) ;
#5445 = DIRECTION ( 'NONE',  ( 0.000000000000000000, 0.000000000000000000, 1.000000000000000000 ) ) ;
#5446 = ORIENTED_EDGE ( 'NONE', *, *, #981, .F. ) ;
#5447 = DIRECTION ( 'NONE',  ( 1.000000000000000000, 0.000000000000000000, 0.000000000000000000 ) ) ;
#5448 = CARTESIAN_POINT ( 'NONE',  ( -1.228031051250563221, -1.653128920304757665, 1.670000000000000151 ) ) ;
#5449 = VERTEX_POINT ( 'NONE', #1172 ) ;
#5450 = DIRECTION ( 'NONE',  ( 0.000000000000000000, 0.000000000000000000, -1.000000000000000000 ) ) ;
#5451 = CARTESIAN_POINT ( 'NONE',  ( -0.4502168081889539875, 0.9018052454393200579, 1.670000000000000151 ) ) ;
#5452 = EDGE_CURVE ( 'NONE', #685, #4952, #698, .T. ) ;
#5453 = EDGE_LOOP ( 'NONE', ( #3989, #4836, #4391, #3616 ) ) ;
#5454 = SURFACE_SIDE_STYLE ('',( #1960 ) ) ;
#5455 = ADVANCED_FACE ( 'NONE', ( #4570 ), #2149, .T. ) ;
#5456 = LINE ( 'NONE', #2939, #232 ) ;
#5457 =( NAMED_UNIT ( * ) SI_UNIT ( $, .STERADIAN. ) SOLID_ANGLE_UNIT ( ) );
#5458 = DIRECTION ( 'NONE',  ( -1.000000000000000000, 7.442719519967450478E-15, 0.000000000000000000 ) ) ;
#5459 = DIRECTION ( 'NONE',  ( 0.000000000000000000, 0.000000000000000000, 1.000000000000000000 ) ) ;
#5460 = EDGE_LOOP ( 'NONE', ( #2444, #1686, #560, #123 ) ) ;
#5461 = ORIENTED_EDGE ( 'NONE', *, *, #1354, .F. ) ;
#5462 = EDGE_CURVE ( 'NONE', #3498, #382, #5685, .T. ) ;
#5463 = DIRECTION ( 'NONE',  ( -1.000000000000000000, 0.000000000000000000, 0.000000000000000000 ) ) ;
#5464 = FACE_OUTER_BOUND ( 'NONE', #4509, .T. ) ;
#5465 = FACE_OUTER_BOUND ( 'NONE', #6423, .T. ) ;
#5466 = DIRECTION ( 'NONE',  ( 0.000000000000000000, -1.000000000000000000, 0.000000000000000000 ) ) ;
#5467 = ORIENTED_EDGE ( 'NONE', *, *, #5218, .F. ) ;
#5468 = AXIS2_PLACEMENT_3D ( 'NONE', #1002, #2957, #494 ) ;
#5469 = CARTESIAN_POINT ( 'NONE',  ( 1.742310449531560002, -1.732474794199829971, 0.5872380108679859934 ) ) ;
#5470 = CARTESIAN_POINT ( 'NONE',  ( -1.922816040256440040, -1.551945271034630203, 1.524958015046800064 ) ) ;
#5471 = ORIENTED_EDGE ( 'NONE', *, *, #6300, .T. ) ;
#5472 = CARTESIAN_POINT ( 'NONE',  ( -2.950000000000000178, -1.095494621307057770, 0.2000000000000000111 ) ) ;
#5473 = DIRECTION ( 'NONE',  ( 0.000000000000000000, 0.000000000000000000, 1.000000000000000000 ) ) ;
#5474 = CARTESIAN_POINT ( 'NONE',  ( 1.922816040256440040, 1.732450861759520011, 1.670000000000000151 ) ) ;
#5475 = COLOUR_RGB ( '',0.6980392156862744724, 0.6980392156862744724, 0.6980392156862744724 ) ;
#5476 =( GEOMETRIC_REPRESENTATION_CONTEXT ( 3 ) GLOBAL_UNCERTAINTY_ASSIGNED_CONTEXT ( ( #3197 ) ) GLOBAL_UNIT_ASSIGNED_CONTEXT ( ( #984, #2667, #1621 ) ) REPRESENTATION_CONTEXT ( 'NONE', 'WORKASPACE' ) );
#5477 = DIRECTION ( 'NONE',  ( 0.000000000000000000, 0.000000000000000000, -1.000000000000000000 ) ) ;
#5478 = ORIENTED_EDGE ( 'NONE', *, *, #1552, .F. ) ;
#5479 = CARTESIAN_POINT ( 'NONE',  ( -2.950000000000000178, 0.6045053786929398543, 0.2000000000000000111 ) ) ;
#5480 = DIRECTION ( 'NONE',  ( 1.000000000000000000, 0.000000000000000000, 0.000000000000000000 ) ) ;
#5481 = CARTESIAN_POINT ( 'NONE',  ( 1.742310449531560002, 1.732498726640149922, 1.670000000000000151 ) ) ;
#5482 = ORIENTED_EDGE ( 'NONE', *, *, #14, .T. ) ;
#5483 = ORIENTED_EDGE ( 'NONE', *, *, #5825, .T. ) ;
#5484 = DIRECTION ( 'NONE',  ( 0.000000000000000000, 0.000000000000000000, 1.000000000000000000 ) ) ;
#5485 = AXIS2_PLACEMENT_3D ( 'NONE', #937, #2436, #1858 ) ;
#5486 = ADVANCED_FACE ( 'NONE', ( #2111 ), #1724, .T. ) ;
#5487 = DIRECTION ( 'NONE',  ( 0.000000000000000000, 1.000000000000000000, 0.000000000000000000 ) ) ;
#5488 = PLANE ( 'NONE',  #4814 ) ;
#5489 = EDGE_CURVE ( 'NONE', #614, #538, #2325, .T. ) ;
#5490 = CYLINDRICAL_SURFACE ( 'NONE', #4144, 0.1743116558491779877 ) ;
#5491 = PLANE ( 'NONE',  #4514 ) ;
#5492 =( GEOMETRIC_REPRESENTATION_CONTEXT ( 3 ) GLOBAL_UNCERTAINTY_ASSIGNED_CONTEXT ( ( #5558 ) ) GLOBAL_UNIT_ASSIGNED_CONTEXT ( ( #2076, #4462, #3452 ) ) REPRESENTATION_CONTEXT ( 'NONE', 'WORKASPACE' ) );
#5493 = ORIENTED_EDGE ( 'NONE', *, *, #4199, .F. ) ;
#5494 = VERTEX_POINT ( 'NONE', #1333 ) ;
#5495 = ADVANCED_FACE ( 'NONE', ( #862 ), #2832, .T. ) ;
#5496 = AXIS2_PLACEMENT_3D ( 'NONE', #1968, #1522, #2540 ) ;
#5497 = CARTESIAN_POINT ( 'NONE',  ( 1.742310449531555117, -1.731642082860336274, 1.599224312119671421 ) ) ;
#5498 = EDGE_CURVE ( 'NONE', #3356, #5672, #3825, .T. ) ;
#5499 = CARTESIAN_POINT ( 'NONE',  ( -1.198636379818660114, -1.750000000000000000, 1.524958015046800064 ) ) ;
#5500 = PRESENTATION_STYLE_ASSIGNMENT (( #3482 ) ) ;
#5501 = CARTESIAN_POINT ( 'NONE',  ( 1.244408477699840088, -1.732498726640149922, 1.570000000000000062 ) ) ;
#5502 = SURFACE_STYLE_USAGE ( .BOTH. , #1458 ) ;
#5503 = ORIENTED_EDGE ( 'NONE', *, *, #2566, .T. ) ;
#5504 = STYLED_ITEM ( 'NONE', ( #694 ), #4721 ) ;
#5505 = ADVANCED_FACE ( 'NONE', ( #889 ), #4847, .F. ) ;
#5506 = EDGE_LOOP ( 'NONE', ( #2340, #2658, #5070, #1198 ) ) ;
#5507 = PRESENTATION_LAYER_ASSIGNMENT (  '', '', ( #1051 ) ) ;
#5508 = CARTESIAN_POINT ( 'NONE',  ( 1.742310449531560002, -1.732450861759520011, 1.670000000000000151 ) ) ;
#5509 = DIRECTION ( 'NONE',  ( 0.000000000000000000, -1.000000000000000000, 0.000000000000000000 ) ) ;
#5510 = ORIENTED_EDGE ( 'NONE', *, *, #5870, .T. ) ;
#5511 = CARTESIAN_POINT ( 'NONE',  ( 1.279333081627950008, 1.475072618217709852, 0.08104293853427260719 ) ) ;
#5512 = CARTESIAN_POINT ( 'NONE',  ( 2.350000000000000089, 1.104505378692939743, 0.2000000000000000111 ) ) ;
#5513 = STYLED_ITEM ( 'NONE', ( #2660 ), #4059 ) ;
#5514 = CARTESIAN_POINT ( 'NONE',  ( -1.198636379818660114, 1.732498726640149922, 1.524958015046800064 ) ) ;
#5515 = VECTOR ( 'NONE', #5523, 1000.000000000000000 ) ;
#5516 = COLOUR_RGB ( '',0.2000000000000000111, 0.2000000000000000111, 0.2000000000000000111 ) ;
#5517 = PRESENTATION_LAYER_ASSIGNMENT (  '', '', ( #4598 ) ) ;
#5518 = SURFACE_STYLE_FILL_AREA ( #3030 ) ;
#5519 = EDGE_LOOP ( 'NONE', ( #6106, #4128, #4269, #2533 ) ) ;
#5520 = ORIENTED_EDGE ( 'NONE', *, *, #1853, .F. ) ;
#5521 = DIRECTION ( 'NONE',  ( 1.000000000000000000, 0.000000000000000000, 0.000000000000000000 ) ) ;
#5522 = DIRECTION ( 'NONE',  ( 0.000000000000000000, 0.000000000000000000, -1.000000000000000000 ) ) ;
#5523 = DIRECTION ( 'NONE',  ( 0.000000000000000000, 0.000000000000000000, -1.000000000000000000 ) ) ;
#5524 = CARTESIAN_POINT ( 'NONE',  ( 1.244408477699840088, -1.732498726640149922, 1.670000000000000151 ) ) ;
#5525 = ORIENTED_EDGE ( 'NONE', *, *, #6079, .T. ) ;
#5526 = CARTESIAN_POINT ( 'NONE',  ( 1.244408477699840088, -1.632498726640150055, 1.570000000000000062 ) ) ;
#5527 = VECTOR ( 'NONE', #225, 1000.000000000000000 ) ;
#5528 = MECHANICAL_DESIGN_GEOMETRIC_PRESENTATION_REPRESENTATION (  '', ( #1802 ), #1190 ) ;
#5529 = ADVANCED_FACE ( 'NONE', ( #4969 ), #5970, .F. ) ;
#5530 = DIRECTION ( 'NONE',  ( 0.000000000000000000, 0.000000000000000000, -1.000000000000000000 ) ) ;
#5531 = STYLED_ITEM ( 'NONE', ( #3216 ), #3993 ) ;
#5532 = CARTESIAN_POINT ( 'NONE',  ( -1.399999999999999911, -2.286241185967940126, 1.670000000000000151 ) ) ;
#5533 = CIRCLE ( 'NONE', #5960, 0.1743116558491779877 ) ;
#5534 = VERTEX_POINT ( 'NONE', #3480 ) ;
#5535 = ORIENTED_EDGE ( 'NONE', *, *, #6034, .F. ) ;
#5536 = PLANE ( 'NONE',  #307 ) ;
#5537 =( NAMED_UNIT ( * ) PLANE_ANGLE_UNIT ( ) SI_UNIT ( $, .RADIAN. ) );
#5538 = VECTOR ( 'NONE', #3324, 1000.000000000000000 ) ;
#5539 = AXIS2_PLACEMENT_3D ( 'NONE', #1362, #5718, #5804 ) ;
#5540 = LINE ( 'NONE', #1097, #5642 ) ;
#5541 = CARTESIAN_POINT ( 'NONE',  ( -2.330606684319190158, 1.388146906716230200, 1.670000000000000151 ) ) ;
#5542 = SURFACE_STYLE_USAGE ( .BOTH. , #5933 ) ;
#5543 = DIRECTION ( 'NONE',  ( -8.151181148566260731E-16, 0.000000000000000000, -1.000000000000000000 ) ) ;
#5544 = ORIENTED_EDGE ( 'NONE', *, *, #47, .T. ) ;
#5545 = AXIS2_PLACEMENT_3D ( 'NONE', #6326, #2393, #4768 ) ;
#5546 = ADVANCED_FACE ( 'NONE', ( #5464 ), #3378, .T. ) ;
#5547 = COLOUR_RGB ( '',0.2000000000000000111, 0.2000000000000000111, 0.2000000000000000111 ) ;
#5548 = VERTEX_POINT ( 'NONE', #4876 ) ;
#5549 = SURFACE_STYLE_FILL_AREA ( #2656 ) ;
#5550 = DIRECTION ( 'NONE',  ( 0.000000000000000000, 0.000000000000000000, 1.000000000000000000 ) ) ;
#5551 =( GEOMETRIC_REPRESENTATION_CONTEXT ( 3 ) GLOBAL_UNCERTAINTY_ASSIGNED_CONTEXT ( ( #4324 ) ) GLOBAL_UNIT_ASSIGNED_CONTEXT ( ( #2179, #5586, #4614 ) ) REPRESENTATION_CONTEXT ( 'NONE', 'WORKASPACE' ) );
#5552 = DIRECTION ( 'NONE',  ( 0.000000000000000000, 0.000000000000000000, 1.000000000000000000 ) ) ;
#5553 = VERTEX_POINT ( 'NONE', #2420 ) ;
#5554 = PLANE ( 'NONE',  #3980 ) ;
#5555 = ADVANCED_FACE ( 'NONE', ( #5930 ), #4404, .F. ) ;
#5556 = FACE_OUTER_BOUND ( 'NONE', #2137, .T. ) ;
#5557 = VECTOR ( 'NONE', #4090, 1000.000000000000000 ) ;
#5558 = UNCERTAINTY_MEASURE_WITH_UNIT (LENGTH_MEASURE( 1.000000000000000082E-05 ), #2076, 'distance_accuracy_value', 'NONE');
#5559 = PLANE ( 'NONE',  #2520 ) ;
#5560 = CARTESIAN_POINT ( 'NONE',  ( 1.198636379818660114, 0.000000000000000000, 0.000000000000000000 ) ) ;
#5561 = FILL_AREA_STYLE_COLOUR ( '', #4707 ) ;
#5562 = ORIENTED_EDGE ( 'NONE', *, *, #6004, .T. ) ;
#5563 = ORIENTED_EDGE ( 'NONE', *, *, #2555, .F. ) ;
#5564 = CARTESIAN_POINT ( 'NONE',  ( 0.000000000000000000, 0.000000000000000000, 1.524958015046800064 ) ) ;
#5565 = CARTESIAN_POINT ( 'NONE',  ( -1.410375802410645862, -1.558640610059769838, 0.9499004956727240545 ) ) ;
#5566 = DIRECTION ( 'NONE',  ( 0.000000000000000000, 0.000000000000000000, -1.000000000000000000 ) ) ;
#5567 = CARTESIAN_POINT ( 'NONE',  ( 0.4651759520920960012, -0.5073416627111608790, 1.670000000000000151 ) ) ;
#5568 = EDGE_LOOP ( 'NONE', ( #5959, #3336, #493, #4600 ) ) ;
#5569 = FACE_OUTER_BOUND ( 'NONE', #5618, .T. ) ;
#5570 = CARTESIAN_POINT ( 'NONE',  ( 0.7025842957044551307, -1.614001858628919983, 1.670000000000000151 ) ) ;
#5571 = ORIENTED_EDGE ( 'NONE', *, *, #5632, .F. ) ;
#5572 = ORIENTED_EDGE ( 'NONE', *, *, #2829, .F. ) ;
#5573 = DIRECTION ( 'NONE',  ( 1.000000000000000000, 0.000000000000000000, 0.000000000000000000 ) ) ;
#5574 = ORIENTED_EDGE ( 'NONE', *, *, #697, .F. ) ;
#5575 = DIRECTION ( 'NONE',  ( 1.000000000000000000, 0.000000000000000000, 0.000000000000000000 ) ) ;
#5576 = SURFACE_STYLE_USAGE ( .BOTH. , #4070 ) ;
#5577 = SURFACE_SIDE_STYLE ('',( #5611 ) ) ;
#5578 = DIRECTION ( 'NONE',  ( 1.000000000000000000, 0.000000000000000000, 0.000000000000000000 ) ) ;
#5579 = DIRECTION ( 'NONE',  ( 0.000000000000000000, 0.000000000000000000, -1.000000000000000000 ) ) ;
#5580 = ORIENTED_EDGE ( 'NONE', *, *, #4662, .T. ) ;
#5581 = ADVANCED_FACE ( 'NONE', ( #5398 ), #952, .F. ) ;
#5582 = SURFACE_SIDE_STYLE ('',( #3127 ) ) ;
#5583 = DIRECTION ( 'NONE',  ( -1.000000000000000000, 0.000000000000000000, 0.000000000000000000 ) ) ;
#5584 = LINE ( 'NONE', #1174, #1856 ) ;
#5585 = VERTEX_POINT ( 'NONE', #785 ) ;
#5586 =( NAMED_UNIT ( * ) PLANE_ANGLE_UNIT ( ) SI_UNIT ( $, .RADIAN. ) );
#5587 = EDGE_CURVE ( 'NONE', #1113, #5759, #1229, .T. ) ;
#5588 = DIRECTION ( 'NONE',  ( 0.000000000000000000, 0.000000000000000000, 1.000000000000000000 ) ) ;
#5589 = VECTOR ( 'NONE', #5809, 1000.000000000000000 ) ;
#5590 = EDGE_CURVE ( 'NONE', #5585, #459, #3278, .T. ) ;
#5591 = ORIENTED_EDGE ( 'NONE', *, *, #5825, .F. ) ;
#5592 = VERTEX_POINT ( 'NONE', #2317 ) ;
#5593 = DIRECTION ( 'NONE',  ( 0.000000000000000000, 0.000000000000000000, -1.000000000000000000 ) ) ;
#5594 = LINE ( 'NONE', #1513, #3158 ) ;
#5595 = VECTOR ( 'NONE', #2176, 1000.000000000000000 ) ;
#5596 = FACE_OUTER_BOUND ( 'NONE', #5442, .T. ) ;
#5597 = PLANE ( 'NONE',  #3649 ) ;
#5598 = ORIENTED_EDGE ( 'NONE', *, *, #4903, .F. ) ;
#5599 = AXIS2_PLACEMENT_3D ( 'NONE', #5601, #2162, #547 ) ;
#5600 = CARTESIAN_POINT ( 'NONE',  ( 7.491525033727990091E-05, -1.558572814530669870, 0.000000000000000000 ) ) ;
#5601 = CARTESIAN_POINT ( 'NONE',  ( -2.166808320000790378, -1.388146906716230200, 1.670000000000000151 ) ) ;
#5602 = CARTESIAN_POINT ( 'NONE',  ( 1.187565630244470150, -2.286241185967940126, 0.9499004956727240545 ) ) ;
#5603 = VERTEX_POINT ( 'NONE', #5244 ) ;
#5604 = EDGE_LOOP ( 'NONE', ( #3845, #5003, #2552, #2243 ) ) ;
#5605 = FILL_AREA_STYLE_COLOUR ( '', #616 ) ;
#5606 = ORIENTED_EDGE ( 'NONE', *, *, #2224, .T. ) ;
#5607 = DIRECTION ( 'NONE',  ( 1.000000000000000000, 0.000000000000000000, 0.000000000000000000 ) ) ;
#5608 = CIRCLE ( 'NONE', #5377, 0.07499999999999998335 ) ;
#5609 = DIRECTION ( 'NONE',  ( 0.000000000000000000, 0.000000000000000000, 1.000000000000000000 ) ) ;
#5610 = CARTESIAN_POINT ( 'NONE',  ( 1.198636379818660114, 1.475072618217709852, 1.524958015046800064 ) ) ;
#5611 = SURFACE_STYLE_FILL_AREA ( #3580 ) ;
#5612 =( LENGTH_UNIT ( ) NAMED_UNIT ( * ) SI_UNIT ( .MILLI., .METRE. ) );
#5613 = DIRECTION ( 'NONE',  ( 0.000000000000000000, 1.000000000000000000, 0.000000000000000000 ) ) ;
#5614 = ORIENTED_EDGE ( 'NONE', *, *, #4370, .T. ) ;
#5615 = MECHANICAL_DESIGN_GEOMETRIC_PRESENTATION_REPRESENTATION (  '', ( #1159 ), #3725 ) ;
#5616 =( NAMED_UNIT ( * ) SI_UNIT ( $, .STERADIAN. ) SOLID_ANGLE_UNIT ( ) );
#5617 = DIRECTION ( 'NONE',  ( 0.000000000000000000, 0.000000000000000000, 1.000000000000000000 ) ) ;
#5618 = EDGE_LOOP ( 'NONE', ( #6325, #4622, #2187, #4011, #4268, #4697 ) ) ;
#5619 = CARTESIAN_POINT ( 'NONE',  ( 2.350000000000000089, 1.750000000000000000, 1.670000000000000151 ) ) ;
#5620 = PRESENTATION_LAYER_ASSIGNMENT (  '', '', ( #1992 ) ) ;
#5621 = UNCERTAINTY_MEASURE_WITH_UNIT (LENGTH_MEASURE( 1.000000000000000082E-05 ), #6364, 'distance_accuracy_value', 'NONE');
#5622 = MECHANICAL_DESIGN_GEOMETRIC_PRESENTATION_REPRESENTATION (  '', ( #3318 ), #3000 ) ;
#5623 = EDGE_LOOP ( 'NONE', ( #5357, #5002, #4064, #2489 ) ) ;
#5624 = DIRECTION ( 'NONE',  ( 0.000000000000000000, 0.000000000000000000, -1.000000000000000000 ) ) ;
#5625 = ORIENTED_EDGE ( 'NONE', *, *, #3153, .F. ) ;
#5626 = CARTESIAN_POINT ( 'NONE',  ( 0.4651759520920960012, -0.5073416627111608790, 1.670000000000000151 ) ) ;
#5627 = FILL_AREA_STYLE ('',( #4653 ) ) ;
#5628 = DIRECTION ( 'NONE',  ( 1.000000000000000000, 0.000000000000000000, -1.694949013756229675E-16 ) ) ;
#5629 = ORIENTED_EDGE ( 'NONE', *, *, #2758, .F. ) ;
#5630 = PRODUCT_DEFINITION_SHAPE ( 'NONE', 'NONE',  #1135 ) ;
#5631 = COLOUR_RGB ( '',0.2000000000000000111, 0.2000000000000000111, 0.2000000000000000111 ) ;
#5632 = EDGE_CURVE ( 'NONE', #1092, #451, #6279, .T. ) ;
#5633 = CARTESIAN_POINT ( 'NONE',  ( -1.244250284302140130, -1.558632624975810010, 0.5872380108679859934 ) ) ;
#5634 = EDGE_LOOP ( 'NONE', ( #3454, #269, #6436, #5793, #5118, #4842, #3211, #1578, #914, #3564, #266, #180, #3777, #1085, #2503, #2972, #404, #1504, #3031, #5638, #929, #37, #4384, #5178, #5106, #5467, #2838, #3275, #5877, #3984, #2941, #4286, #2414, #3076, #5374, #3591 ) ) ;
#5635 = ORIENTED_EDGE ( 'NONE', *, *, #3190, .T. ) ;
#5636 = FILL_AREA_STYLE ('',( #5605 ) ) ;
#5637 = AXIS2_PLACEMENT_3D ( 'NONE', #1926, #5676, #4350 ) ;
#5638 = ORIENTED_EDGE ( 'NONE', *, *, #5234, .F. ) ;
#5639 = ADVANCED_FACE ( 'NONE', ( #267 ), #815, .T. ) ;
#5640 = VECTOR ( 'NONE', #2128, 1000.000000000000000 ) ;
#5641 = VECTOR ( 'NONE', #6433, 1000.000000000000000 ) ;
#5642 = VECTOR ( 'NONE', #3047, 1000.000000000000000 ) ;
#5643 = CLOSED_SHELL ( 'NONE', ( #4721, #2759, #1016, #3214, #4636, #5427 ) ) ;
#5644 = CARTESIAN_POINT ( 'NONE',  ( 1.244278697610681439, -1.732498732878231307, 0.5872380108679859934 ) ) ;
#5645 = CARTESIAN_POINT ( 'NONE',  ( 1.742310449531560002, -1.732498726640149922, 1.524958015046800064 ) ) ;
#5646 = DIRECTION ( 'NONE',  ( -1.000000000000000000, 0.000000000000000000, 0.000000000000000000 ) ) ;
#5647 =( LENGTH_UNIT ( ) NAMED_UNIT ( * ) SI_UNIT ( .MILLI., .METRE. ) );
#5648 = DIRECTION ( 'NONE',  ( 0.000000000000000000, 1.000000000000000000, 0.000000000000000000 ) ) ;
#5649 = DIRECTION ( 'NONE',  ( 0.000000000000000000, 0.000000000000000000, 1.000000000000000000 ) ) ;
#5650 = VERTEX_POINT ( 'NONE', #2201 ) ;
#5651 = SURFACE_SIDE_STYLE ('',( #5549 ) ) ;
#5652 = CARTESIAN_POINT ( 'NONE',  ( 1.244353609985937359, -1.558513006320854988, 0.9499004956727240545 ) ) ;
#5653 = EDGE_LOOP ( 'NONE', ( #3104, #503, #347, #5770, #6274, #5965, #2210 ) ) ;
#5654 = SURFACE_SIDE_STYLE ('',( #4645 ) ) ;
#5655 = AXIS2_PLACEMENT_3D ( 'NONE', #1942, #1974, #5340 ) ;
#5656 = VECTOR ( 'NONE', #3291, 999.9999999999998863 ) ;
#5657 = DIRECTION ( 'NONE',  ( 1.000000000000000000, 3.124171273918740215E-16, 0.000000000000000000 ) ) ;
#5658 = ORIENTED_EDGE ( 'NONE', *, *, #3354, .F. ) ;
#5659 = FILL_AREA_STYLE ('',( #116 ) ) ;
#5660 = EDGE_LOOP ( 'NONE', ( #1521, #5342, #2079, #2671, #1871, #3365, #2457, #4203, #1108, #4978, #4994, #1150, #6077, #4386, #3669, #2405, #1170, #1359, #3914, #3213 ) ) ;
#5661 = CARTESIAN_POINT ( 'NONE',  ( 1.410375792617426738, -1.558505026203879096, 0.9499004956727240545 ) ) ;
#5662 =( NAMED_UNIT ( * ) PLANE_ANGLE_UNIT ( ) SI_UNIT ( $, .RADIAN. ) );
#5663 = MECHANICAL_DESIGN_GEOMETRIC_PRESENTATION_REPRESENTATION (  '', ( #1726 ), #5551 ) ;
#5664 = ORIENTED_EDGE ( 'NONE', *, *, #3931, .F. ) ;
#5665 = DIRECTION ( 'NONE',  ( -0.000000000000000000, 0.000000000000000000, 1.000000000000000000 ) ) ;
#5666 = STYLED_ITEM ( 'NONE', ( #6241 ), #3161 ) ;
#5667 = EDGE_CURVE ( 'NONE', #16, #1188, #6224, .T. ) ;
#5668 = DIRECTION ( 'NONE',  ( 1.000000000000000000, 0.000000000000000000, 0.000000000000000000 ) ) ;
#5669 = ORIENTED_EDGE ( 'NONE', *, *, #1050, .T. ) ;
#5670 = CARTESIAN_POINT ( 'NONE',  ( 1.742310449531560002, -1.732474794199829971, 0.9499004956727240545 ) ) ;
#5671 = ADVANCED_FACE ( 'NONE', ( #6163 ), #1715, .F. ) ;
#5672 = VERTEX_POINT ( 'NONE', #4359 ) ;
#5673 = LINE ( 'NONE', #1228, #4579 ) ;
#5674 = EDGE_CURVE ( 'NONE', #3032, #5735, #412, .T. ) ;
#5675 = FILL_AREA_STYLE ('',( #3674 ) ) ;
#5676 = DIRECTION ( 'NONE',  ( 0.000000000000000000, 0.000000000000000000, 1.000000000000000000 ) ) ;
#5677 = LINE ( 'NONE', #4105, #2275 ) ;
#5678 = CARTESIAN_POINT ( 'NONE',  ( 2.950000000000000622, 1.104505378692939743, 0.000000000000000000 ) ) ;
#5679 = DIRECTION ( 'NONE',  ( 1.195825007173580066E-15, 5.747920721879479968E-20, 1.000000000000000000 ) ) ;
#5680 = FILL_AREA_STYLE ('',( #1235 ) ) ;
#5681 = ADVANCED_FACE ( 'NONE', ( #942 ), #3818, .T. ) ;
#5682 = DIRECTION ( 'NONE',  ( 0.9999999988448025068, 4.806657061659142297E-05, -0.000000000000000000 ) ) ;
#5683 = ORIENTED_EDGE ( 'NONE', *, *, #2015, .F. ) ;
#5684 = ORIENTED_EDGE ( 'NONE', *, *, #4840, .F. ) ;
#5685 = LINE ( 'NONE', #5050, #5432 ) ;
#5686 = FACE_OUTER_BOUND ( 'NONE', #2665, .T. ) ;
#5687 = DIRECTION ( 'NONE',  ( -1.000000000000000000, 0.000000000000000000, -0.000000000000000000 ) ) ;
#5688 = ORIENTED_EDGE ( 'NONE', *, *, #734, .F. ) ;
#5689 = DIRECTION ( 'NONE',  ( 0.000000000000000000, -1.000000000000000000, 0.000000000000000000 ) ) ;
#5690 = UNCERTAINTY_MEASURE_WITH_UNIT (LENGTH_MEASURE( 1.000000000000000082E-05 ), #2462, 'distance_accuracy_value', 'NONE');
#5691 = DIRECTION ( 'NONE',  ( 1.000000000000000000, 0.000000000000000000, 0.000000000000000000 ) ) ;
#5692 = ORIENTED_EDGE ( 'NONE', *, *, #2252, .F. ) ;
#5693 = PLANE ( 'NONE',  #1706 ) ;
#5694 = CARTESIAN_POINT ( 'NONE',  ( -0.4807147255954329901, -0.6968490896672400181, 1.524958015046800064 ) ) ;
#5695 =( NAMED_UNIT ( * ) SI_UNIT ( $, .STERADIAN. ) SOLID_ANGLE_UNIT ( ) );
#5696 = VERTEX_POINT ( 'NONE', #4395 ) ;
#5697 = VECTOR ( 'NONE', #2581, 1000.000000000000000 ) ;
#5698 = CARTESIAN_POINT ( 'NONE',  ( -2.950000000000000178, 0.6045053786929398543, 0.2000000000000000111 ) ) ;
#5699 = PRODUCT_DEFINITION_CONTEXT ( 'detailed design', #583, 'design' ) ;
#5700 = CIRCLE ( 'NONE', #2868, 0.1805055907248848679 ) ;
#5701 = CARTESIAN_POINT ( 'NONE',  ( 1.198636379818660114, 1.475072618217709852, 0.9912762577585830792 ) ) ;
#5702 = ORIENTED_EDGE ( 'NONE', *, *, #1374, .T. ) ;
#5703 = DIRECTION ( 'NONE',  ( 1.000000000000000000, 0.000000000000000000, 0.000000000000000000 ) ) ;
#5704 = ORIENTED_EDGE ( 'NONE', *, *, #329, .T. ) ;
#5705 = CARTESIAN_POINT ( 'NONE',  ( 2.950000000000000622, 1.104505378692939743, 0.2000000000000000111 ) ) ;
#5706 = EDGE_CURVE ( 'NONE', #3297, #3991, #3343, .T. ) ;
#5707 = VECTOR ( 'NONE', #4396, 1000.000000000000000 ) ;
#5708 = ADVANCED_FACE ( 'NONE', ( #5919 ), #1963, .T. ) ;
#5709 = SURFACE_SIDE_STYLE ('',( #1777 ) ) ;
#5710 = PLANE ( 'NONE',  #5950 ) ;
#5711 = CARTESIAN_POINT ( 'NONE',  ( -2.350000000000000089, -0.5954946213070572147, 0.2000000000000000111 ) ) ;
#5712 = VECTOR ( 'NONE', #5521, 1000.000000000000000 ) ;
#5713 = EDGE_LOOP ( 'NONE', ( #4776, #3695, #117, #3360 ) ) ;
#5714 = VERTEX_POINT ( 'NONE', #4838 ) ;
#5715 = EDGE_CURVE ( 'NONE', #20, #5163, #379, .T. ) ;
#5716 = VECTOR ( 'NONE', #181, 1000.000000000000000 ) ;
#5717 = EDGE_CURVE ( 'NONE', #4817, #5153, #6339, .T. ) ;
#5718 = DIRECTION ( 'NONE',  ( 0.000000000000000000, 0.000000000000000000, 1.000000000000000000 ) ) ;
#5719 = CARTESIAN_POINT ( 'NONE',  ( 2.166808320000790378, 1.551945271034630203, 1.670000000000000151 ) ) ;
#5720 = ORIENTED_EDGE ( 'NONE', *, *, #1782, .F. ) ;
#5721 = MECHANICAL_DESIGN_GEOMETRIC_PRESENTATION_REPRESENTATION (  '', ( #6329 ), #1465 ) ;
#5722 = EDGE_CURVE ( 'NONE', #1466, #2124, #2968, .T. ) ;
#5723 = VECTOR ( 'NONE', #5543, 1000.000000000000000 ) ;
#5724 = CARTESIAN_POINT ( 'NONE',  ( -8.266092888301050437E-17, -1.350000000000000089, 0.05835212073282350365 ) ) ;
#5725 = CARTESIAN_POINT ( 'NONE',  ( 1.198636379818660114, -1.750000000000000000, 0.9929113569124999872 ) ) ;
#5726 = ORIENTED_EDGE ( 'NONE', *, *, #2679, .T. ) ;
#5727 = PLANE ( 'NONE',  #2641 ) ;
#5728 = CARTESIAN_POINT ( 'NONE',  ( -1.194532035297049877, 1.732450861759520011, 1.670000000000000151 ) ) ;
#5729 = FILL_AREA_STYLE_COLOUR ( '', #1886 ) ;
#5730 = VECTOR ( 'NONE', #353, 1000.000000000000000 ) ;
#5731 = DIRECTION ( 'NONE',  ( 1.000000000000000000, 0.000000000000000000, 0.000000000000000000 ) ) ;
#5732 = COLOUR_RGB ( '',0.2000000000000000111, 0.2000000000000000111, 0.2000000000000000111 ) ;
#5733 = CARTESIAN_POINT ( 'NONE',  ( 2.350000000000000089, 1.750000000000000000, 0.9912762577585830792 ) ) ;
#5734 = ORIENTED_EDGE ( 'NONE', *, *, #428, .T. ) ;
#5735 = VERTEX_POINT ( 'NONE', #3921 ) ;
#5736 = LINE ( 'NONE', #5328, #2710 ) ;
#5737 = EDGE_CURVE ( 'NONE', #879, #614, #1479, .T. ) ;
#5738 = PRESENTATION_LAYER_ASSIGNMENT (  '', '', ( #5513 ) ) ;
#5739 = UNCERTAINTY_MEASURE_WITH_UNIT (LENGTH_MEASURE( 1.000000000000000082E-05 ), #5439, 'distance_accuracy_value', 'NONE');
#5740 = COLOUR_RGB ( '',0.2000000000000000111, 0.2000000000000000111, 0.2000000000000000111 ) ;
#5741 = CARTESIAN_POINT ( 'NONE',  ( -0.6550263814446110056, -0.5225374338180610589, 1.524958015046800064 ) ) ;
#5742 = AXIS2_PLACEMENT_3D ( 'NONE', #1986, #3907, #2953 ) ;
#5743 = FILL_AREA_STYLE_COLOUR ( '', #1665 ) ;
#5744 = CARTESIAN_POINT ( 'NONE',  ( -0.4807147255954329901, -0.6968490896672400181, 1.670000000000000151 ) ) ;
#5745 = ORIENTED_EDGE ( 'NONE', *, *, #1384, .T. ) ;
#5746 = CARTESIAN_POINT ( 'NONE',  ( 2.350000000000000089, 0.6045053786929398543, 0.2000000000000000111 ) ) ;
#5747 = EDGE_CURVE ( 'NONE', #2019, #3372, #2000, .T. ) ;
#5748 = MECHANICAL_DESIGN_GEOMETRIC_PRESENTATION_REPRESENTATION (  '', ( #6236 ), #2721 ) ;
#5749 = COLOUR_RGB ( '',0.2000000000000000111, 0.2000000000000000111, 0.2000000000000000111 ) ;
#5750 = AXIS2_PLACEMENT_3D ( 'NONE', #4367, #1399, #2421 ) ;
#5751 = PRESENTATION_STYLE_ASSIGNMENT (( #361 ) ) ;
#5752 = DIRECTION ( 'NONE',  ( -1.000000000000000000, 0.000000000000000000, 0.000000000000000000 ) ) ;
#5753 = ADVANCED_FACE ( 'NONE', ( #2499 ), #1545, .T. ) ;
#5754 = PRESENTATION_LAYER_ASSIGNMENT (  '', '', ( #1193 ) ) ;
#5755 = EDGE_CURVE ( 'NONE', #3870, #754, #4156, .T. ) ;
#5756 = UNCERTAINTY_MEASURE_WITH_UNIT (LENGTH_MEASURE( 1.000000000000000082E-05 ), #3098, 'distance_accuracy_value', 'NONE');
#5757 = STYLED_ITEM ( 'NONE', ( #5219 ), #561 ) ;
#5758 = CARTESIAN_POINT ( 'NONE',  ( 1.244408477699840088, -1.732498726640149922, 1.524958015046800064 ) ) ;
#5759 = VERTEX_POINT ( 'NONE', #4714 ) ;
#5760 = CARTESIAN_POINT ( 'NONE',  ( -1.741549869207428269, -1.719276382239882439, 1.622791476353134810 ) ) ;
#5761 = SURFACE_STYLE_FILL_AREA ( #5627 ) ;
#5762 = VECTOR ( 'NONE', #1027, 1000.000000000000000 ) ;
#5763 = CYLINDRICAL_SURFACE ( 'NONE', #6051, 0.1745482830529370144 ) ;
#5764 = FILL_AREA_STYLE_COLOUR ( '', #3009 ) ;
#5765 = AXIS2_PLACEMENT_3D ( 'NONE', #465, #2020, #2458 ) ;
#5766 =( GEOMETRIC_REPRESENTATION_CONTEXT ( 3 ) GLOBAL_UNCERTAINTY_ASSIGNED_CONTEXT ( ( #2308 ) ) GLOBAL_UNIT_ASSIGNED_CONTEXT ( ( #918, #5436, #1398 ) ) REPRESENTATION_CONTEXT ( 'NONE', 'WORKASPACE' ) );
#5767 = CARTESIAN_POINT ( 'NONE',  ( 2.350000000000000089, -1.750000000000000000, 1.670000000000000151 ) ) ;
#5768 = DIRECTION ( 'NONE',  ( -1.000000000000000000, 0.000000000000000000, 0.000000000000000000 ) ) ;
#5769 = PRESENTATION_LAYER_ASSIGNMENT (  '', '', ( #349 ) ) ;
#5770 = ORIENTED_EDGE ( 'NONE', *, *, #57, .T. ) ;
#5771 = ORIENTED_EDGE ( 'NONE', *, *, #3145, .F. ) ;
#5772 =( NAMED_UNIT ( * ) PLANE_ANGLE_UNIT ( ) SI_UNIT ( $, .RADIAN. ) );
#5773 = AXIS2_PLACEMENT_3D ( 'NONE', #4520, #1152, #5480 ) ;
#5774 = DIRECTION ( 'NONE',  ( 0.000000000000000000, 0.000000000000000000, -1.000000000000000000 ) ) ;
#5775 = DIRECTION ( 'NONE',  ( 1.000000000000000000, 0.000000000000000000, 0.000000000000000000 ) ) ;
#5776 = ORIENTED_EDGE ( 'NONE', *, *, #1191, .F. ) ;
#5777 = FILL_AREA_STYLE ('',( #855 ) ) ;
#5778 = CARTESIAN_POINT ( 'NONE',  ( -0.8454977628303629311, -1.554687120496410113, 1.670000000000000151 ) ) ;
#5779 = PLANE ( 'NONE',  #533 ) ;
#5780 = DIRECTION ( 'NONE',  ( 6.123031769111888756E-17, 1.000000000000000000, 0.000000000000000000 ) ) ;
#5781 = CARTESIAN_POINT ( 'NONE',  ( 0.4647840932999509622, 0.7115629572946600145, 1.670000000000000151 ) ) ;
#5782 = FACE_OUTER_BOUND ( 'NONE', #740, .T. ) ;
#5783 = ADVANCED_FACE ( 'NONE', ( #5194 ), #5488, .T. ) ;
#5784 = ORIENTED_EDGE ( 'NONE', *, *, #5755, .T. ) ;
#5785 = LINE ( 'NONE', #2865, #5656 ) ;
#5786 = CARTESIAN_POINT ( 'NONE',  ( 1.135441809735770136, 1.732498726640149922, 0.9360832168907079476 ) ) ;
#5787 = DIRECTION ( 'NONE',  ( 1.000000000000000000, 0.000000000000000000, 0.000000000000000000 ) ) ;
#5788 = EDGE_CURVE ( 'NONE', #1772, #1196, #5000, .T. ) ;
#5789 = LINE ( 'NONE', #6368, #3341 ) ;
#5790 = ADVANCED_FACE ( 'NONE', ( #1246 ), #5727, .T. ) ;
#5791 = EDGE_LOOP ( 'NONE', ( #3886, #3309, #6335, #4526 ) ) ;
#5792 = DIRECTION ( 'NONE',  ( 0.000000000000000000, 1.000000000000000000, 0.000000000000000000 ) ) ;
#5793 = ORIENTED_EDGE ( 'NONE', *, *, #2407, .F. ) ;
#5794 = EDGE_LOOP ( 'NONE', ( #4648, #3632, #3650, #1424 ) ) ;
#5795 = LINE ( 'NONE', #845, #4779 ) ;
#5796 = UNCERTAINTY_MEASURE_WITH_UNIT (LENGTH_MEASURE( 1.000000000000000082E-05 ), #3491, 'distance_accuracy_value', 'NONE');
#5797 = DIRECTION ( 'NONE',  ( 1.195825007173580066E-15, 5.747920721879479968E-20, 1.000000000000000000 ) ) ;
#5798 = LINE ( 'NONE', #3820, #1695 ) ;
#5799 = VERTEX_POINT ( 'NONE', #4649 ) ;
#5800 = ORIENTED_EDGE ( 'NONE', *, *, #3687, .T. ) ;
#5801 = CARTESIAN_POINT ( 'NONE',  ( -1.279333081627950008, 1.473734927972049968, 0.5142042554948410560 ) ) ;
#5802 = ORIENTED_EDGE ( 'NONE', *, *, #3384, .F. ) ;
#5803 = VECTOR ( 'NONE', #3765, 1000.000000000000000 ) ;
#5804 = DIRECTION ( 'NONE',  ( -1.000000000000000000, 0.000000000000000000, 0.000000000000000000 ) ) ;
#5805 =( LENGTH_UNIT ( ) NAMED_UNIT ( * ) SI_UNIT ( .MILLI., .METRE. ) );
#5806 = LINE ( 'NONE', #4219, #2930 ) ;
#5807 = CARTESIAN_POINT ( 'NONE',  ( 1.244369904411280592, -1.558571311763099709, 0.9499004956727240545 ) ) ;
#5808 = EDGE_CURVE ( 'NONE', #1064, #1092, #4221, .T. ) ;
#5809 = DIRECTION ( 'NONE',  ( 0.000000000000000000, -1.000000000000000000, 0.000000000000000000 ) ) ;
#5810 = VECTOR ( 'NONE', #3413, 1000.000000000000000 ) ;
#5811 = ORIENTED_EDGE ( 'NONE', *, *, #3665, .T. ) ;
#5812 = DIRECTION ( 'NONE',  ( 0.000000000000000000, 0.000000000000000000, -1.000000000000000000 ) ) ;
#5813 = CARTESIAN_POINT ( 'NONE',  ( 0.6550263814446110056, 0.7115629572946600145, 1.524958015046800064 ) ) ;
#5814 = PLANE ( 'NONE',  #1898 ) ;
#5815 = AXIS2_PLACEMENT_3D ( 'NONE', #2266, #4241, #4785 ) ;
#5816 = DIRECTION ( 'NONE',  ( -1.000000000000000000, 0.000000000000000000, 0.000000000000000000 ) ) ;
#5817 = UNCERTAINTY_MEASURE_WITH_UNIT (LENGTH_MEASURE( 1.000000000000000082E-05 ), #1649, 'distance_accuracy_value', 'NONE');
#5818 = EDGE_LOOP ( 'NONE', ( #4006, #3812, #6443, #2282, #2236 ) ) ;
#5819 = FACE_OUTER_BOUND ( 'NONE', #923, .T. ) ;
#5820 = EDGE_CURVE ( 'NONE', #2037, #1574, #4122, .T. ) ;
#5821 = LINE ( 'NONE', #287, #3231 ) ;
#5822 = VECTOR ( 'NONE', #3999, 1000.000000000000000 ) ;
#5823 = EDGE_LOOP ( 'NONE', ( #4898, #6125, #4756, #5334 ) ) ;
#5824 = FILL_AREA_STYLE ('',( #4298 ) ) ;
#5825 = EDGE_CURVE ( 'NONE', #883, #5015, #6278, .T. ) ;
#5826 = FILL_AREA_STYLE_COLOUR ( '', #6356 ) ;
#5827 = LINE ( 'NONE', #816, #4950 ) ;
#5828 = EDGE_CURVE ( 'NONE', #4424, #1390, #1699, .T. ) ;
#5829 =( GEOMETRIC_REPRESENTATION_CONTEXT ( 3 ) GLOBAL_UNCERTAINTY_ASSIGNED_CONTEXT ( ( #378 ) ) GLOBAL_UNIT_ASSIGNED_CONTEXT ( ( #4432, #5401, #2948 ) ) REPRESENTATION_CONTEXT ( 'NONE', 'WORKASPACE' ) );
#5830 = CARTESIAN_POINT ( 'NONE',  ( -1.198636379818660114, 1.475072618217709852, 1.524958015046800064 ) ) ;
#5831 = EDGE_LOOP ( 'NONE', ( #4552, #3558, #6218, #140 ) ) ;
#5832 =( NAMED_UNIT ( * ) PLANE_ANGLE_UNIT ( ) SI_UNIT ( $, .RADIAN. ) );
#5833 = SURFACE_STYLE_USAGE ( .BOTH. , #4735 ) ;
#5834 = AXIS2_PLACEMENT_3D ( 'NONE', #121, #4126, #4992 ) ;
#5835 = AXIS2_PLACEMENT_3D ( 'NONE', #1837, #5274, #1808 ) ;
#5836 = FACE_OUTER_BOUND ( 'NONE', #1733, .T. ) ;
#5837 = CARTESIAN_POINT ( 'NONE',  ( 1.742310449531560002, -1.558656565019939988, 1.524958015046800064 ) ) ;
#5838 = FILL_AREA_STYLE ('',( #1273 ) ) ;
#5839 = SURFACE_STYLE_USAGE ( .BOTH. , #2355 ) ;
#5840 = AXIS2_PLACEMENT_3D ( 'NONE', #2995, #4577, #4513 ) ;
#5841 = MECHANICAL_DESIGN_GEOMETRIC_PRESENTATION_REPRESENTATION (  '', ( #4798 ), #958 ) ;
#5842 =( GEOMETRIC_REPRESENTATION_CONTEXT ( 3 ) GLOBAL_UNCERTAINTY_ASSIGNED_CONTEXT ( ( #3303 ) ) GLOBAL_UNIT_ASSIGNED_CONTEXT ( ( #6287, #3250, #6311 ) ) REPRESENTATION_CONTEXT ( 'NONE', 'WORKASPACE' ) );
#5843 = DIRECTION ( 'NONE',  ( 0.000000000000000000, 0.000000000000000000, 1.000000000000000000 ) ) ;
#5844 = PLANE ( 'NONE',  #701 ) ;
#5845 = VERTEX_POINT ( 'NONE', #3658 ) ;
#5846 = CARTESIAN_POINT ( 'NONE',  ( -0.4502168081889539875, 0.9018052454393200579, 1.524958015046800064 ) ) ;
#5847 = LINE ( 'NONE', #4856, #6366 ) ;
#5848 = CARTESIAN_POINT ( 'NONE',  ( 1.198636379818660114, 1.475072618217709852, 0.9912762577585830792 ) ) ;
#5849 = VECTOR ( 'NONE', #5910, 1000.000000000000000 ) ;
#5850 = COLOUR_RGB ( '',0.2000000000000000111, 0.2000000000000000111, 0.2000000000000000111 ) ;
#5851 = FACE_OUTER_BOUND ( 'NONE', #2377, .T. ) ;
#5852 = ORIENTED_EDGE ( 'NONE', *, *, #3620, .F. ) ;
#5853 = CYLINDRICAL_SURFACE ( 'NONE', #231, 0.3018065944804310119 ) ;
#5854 = ORIENTED_EDGE ( 'NONE', *, *, #2586, .T. ) ;
#5855 = SURFACE_SIDE_STYLE ('',( #3431 ) ) ;
#5856 = CARTESIAN_POINT ( 'NONE',  ( 2.166808320000790378, -1.388146906716230200, 1.524958015046800064 ) ) ;
#5857 = CARTESIAN_POINT ( 'NONE',  ( 1.135441809735770136, 1.473734927972049968, 0.9360832168907079476 ) ) ;
#5858 = VECTOR ( 'NONE', #3237, 1000.000000000000000 ) ;
#5859 = ORIENTED_EDGE ( 'NONE', *, *, #4464, .T. ) ;
#5860 = CARTESIAN_POINT ( 'NONE',  ( 1.244400114802810098, -1.558513004085519960, 0.5872380108679859934 ) ) ;
#5861 = AXIS2_PLACEMENT_3D ( 'NONE', #1525, #4366, #1910 ) ;
#5862 = ADVANCED_FACE ( 'NONE', ( #4320 ), #1369, .F. ) ;
#5863 = AXIS2_PLACEMENT_3D ( 'NONE', #1336, #2834, #4822 ) ;
#5864 = CARTESIAN_POINT ( 'NONE',  ( 1.198636379818660114, -1.639330840868030048, 1.524958015046800064 ) ) ;
#5865 = ADVANCED_FACE ( 'NONE', ( #800 ), #3803, .F. ) ;
#5866 = ORIENTED_EDGE ( 'NONE', *, *, #3941, .T. ) ;
#5867 = ORIENTED_EDGE ( 'NONE', *, *, #3463, .T. ) ;
#5868 = CARTESIAN_POINT ( 'NONE',  ( 1.742310449531560002, -1.732498726640149922, 1.524958015046800064 ) ) ;
#5869 = PRESENTATION_STYLE_ASSIGNMENT (( #2913 ) ) ;
#5870 = EDGE_CURVE ( 'NONE', #1254, #1563, #3350, .T. ) ;
#5871 = DIRECTION ( 'NONE',  ( 0.000000000000000000, 0.000000000000000000, -1.000000000000000000 ) ) ;
#5872 = SURFACE_STYLE_FILL_AREA ( #2041 ) ;
#5873 = CARTESIAN_POINT ( 'NONE',  ( -1.279333081627950008, 1.732498726640149922, 0.5142042554948410560 ) ) ;
#5874 = EDGE_CURVE ( 'NONE', #4928, #1574, #2808, .T. ) ;
#5875 = DIRECTION ( 'NONE',  ( 1.000000000000000000, 0.000000000000000000, 0.000000000000000000 ) ) ;
#5876 = CARTESIAN_POINT ( 'NONE',  ( 2.350000000000000089, 1.475072618217709852, 0.9912762577585830792 ) ) ;
#5877 = ORIENTED_EDGE ( 'NONE', *, *, #813, .F. ) ;
#5878 = FILL_AREA_STYLE_COLOUR ( '', #4194 ) ;
#5879 = CARTESIAN_POINT ( 'NONE',  ( 1.135441809735770136, 1.475072618217709852, 1.524958015046800064 ) ) ;
#5880 = FILL_AREA_STYLE_COLOUR ( '', #3490 ) ;
#5881 = ORIENTED_EDGE ( 'NONE', *, *, #5218, .T. ) ;
#5882 = DIRECTION ( 'NONE',  ( -1.000000000000000000, 0.000000000000000000, 0.000000000000000000 ) ) ;
#5883 = CARTESIAN_POINT ( 'NONE',  ( 2.950000000000000622, -1.095494621307057326, 0.2000000000000000111 ) ) ;
#5884 = SURFACE_SIDE_STYLE ('',( #2872 ) ) ;
#5885 = ORIENTED_EDGE ( 'NONE', *, *, #1428, .T. ) ;
#5886 = PLANE ( 'NONE',  #5485 ) ;
#5887 = CARTESIAN_POINT ( 'NONE',  ( -1.576343111334248981, -1.732634310495749341, 0.9499004956727240545 ) ) ;
#5888 = EDGE_LOOP ( 'NONE', ( #1947, #4536, #2046, #6220 ) ) ;
#5889 = CARTESIAN_POINT ( 'NONE',  ( -1.742310449531560002, 1.732450861759520011, 1.524958015046800064 ) ) ;
#5890 = DIRECTION ( 'NONE',  ( -0.000000000000000000, 1.000000000000000000, 0.000000000000000000 ) ) ;
#5891 = FILL_AREA_STYLE_COLOUR ( '', #1248 ) ;
#5892 = ORIENTED_EDGE ( 'NONE', *, *, #3054, .F. ) ;
#5893 = ORIENTED_EDGE ( 'NONE', *, *, #2980, .T. ) ;
#5894 = SURFACE_SIDE_STYLE ('',( #3407 ) ) ;
#5895 = CARTESIAN_POINT ( 'NONE',  ( -2.166808320000790378, -1.551945271034630203, 1.524958015046800064 ) ) ;
#5896 = CARTESIAN_POINT ( 'NONE',  ( 0.5844210245061349784, -1.732498726640149922, 1.670000000000000151 ) ) ;
#5897 =( NAMED_UNIT ( * ) PLANE_ANGLE_UNIT ( ) SI_UNIT ( $, .RADIAN. ) );
#5898 = DIRECTION ( 'NONE',  ( -1.000000000000000000, 0.000000000000000000, 0.000000000000000000 ) ) ;
#5899 = AXIS2_PLACEMENT_3D ( 'NONE', #768, #864, #2297 ) ;
#5900 = DIRECTION ( 'NONE',  ( 0.000000000000000000, -1.000000000000000000, 0.000000000000000000 ) ) ;
#5901 = CARTESIAN_POINT ( 'NONE',  ( 1.198636379818660114, 1.475072618217709852, 0.4956381288792919837 ) ) ;
#5902 = SURFACE_STYLE_FILL_AREA ( #2011 ) ;
#5903 = ORIENTED_EDGE ( 'NONE', *, *, #4742, .F. ) ;
#5904 = EDGE_CURVE ( 'NONE', #5306, #6208, #5232, .T. ) ;
#5905 = VERTEX_POINT ( 'NONE', #396 ) ;
#5906 = CARTESIAN_POINT ( 'NONE',  ( -1.399999999999999911, -2.753959618851870239, 1.670000000000000151 ) ) ;
#5907 = CARTESIAN_POINT ( 'NONE',  ( -0.6550263814446110056, 0.7115629572946600145, 1.670000000000000151 ) ) ;
#5908 = ORIENTED_EDGE ( 'NONE', *, *, #629, .F. ) ;
#5909 = SURFACE_STYLE_FILL_AREA ( #3422 ) ;
#5910 = DIRECTION ( 'NONE',  ( -0.000000000000000000, 1.000000000000000000, -0.000000000000000000 ) ) ;
#5911 = EDGE_CURVE ( 'NONE', #3917, #4057, #1127, .T. ) ;
#5912 = DIRECTION ( 'NONE',  ( 0.000000000000000000, -2.187487421391570106E-16, 1.000000000000000000 ) ) ;
#5913 = VECTOR ( 'NONE', #2329, 1000.000000000000000 ) ;
#5914 = ORIENTED_EDGE ( 'NONE', *, *, #894, .T. ) ;
#5915 = LINE ( 'NONE', #3333, #6432 ) ;
#5916 = VERTEX_POINT ( 'NONE', #4344 ) ;
#5917 = LINE ( 'NONE', #1477, #1587 ) ;
#5918 = PRESENTATION_LAYER_ASSIGNMENT (  '', '', ( #4259 ) ) ;
#5919 = FACE_OUTER_BOUND ( 'NONE', #4933, .T. ) ;
#5920 = PRESENTATION_LAYER_ASSIGNMENT (  '', '', ( #3824 ) ) ;
#5921 = FACE_OUTER_BOUND ( 'NONE', #1325, .T. ) ;
#5922 = EDGE_CURVE ( 'NONE', #4670, #1962, #3879, .T. ) ;
#5923 = CARTESIAN_POINT ( 'NONE',  ( -2.166808320000790378, -1.551945271034630203, 1.670000000000000151 ) ) ;
#5924 = ORIENTED_EDGE ( 'NONE', *, *, #6226, .F. ) ;
#5925 = VERTEX_POINT ( 'NONE', #2360 ) ;
#5926 = CARTESIAN_POINT ( 'NONE',  ( -1.067585657234540131, -1.554687120496410113, 1.670000000000000151 ) ) ;
#5927 = B_SPLINE_CURVE_WITH_KNOTS ( 'NONE', 3,
 ( #5346, #899, #5760, #5257, #3752, #6298 ),
 .UNSPECIFIED., .F., .F.,
 ( 4, 2, 4 ),
 ( 0.000000000000000000, 0.5000000000000000000, 1.000000000000000000 ),
 .UNSPECIFIED. ) ;
#5928 = VECTOR ( 'NONE', #4864, 1000.000000000000000 ) ;
#5929 = LINE ( 'NONE', #1488, #3531 ) ;
#5930 = FACE_OUTER_BOUND ( 'NONE', #3847, .T. ) ;
#5931 = LINE ( 'NONE', #2382, #4382 ) ;
#5932 = CARTESIAN_POINT ( 'NONE',  ( 1.742310449531560002, -1.732474794199829971, 1.524958015046800064 ) ) ;
#5933 = SURFACE_SIDE_STYLE ('',( #2424 ) ) ;
#5934 = VECTOR ( 'NONE', #6392, 1000.000000000000000 ) ;
#5935 = CARTESIAN_POINT ( 'NONE',  ( -1.742310449531560002, -1.732450861759520011, 1.670000000000000151 ) ) ;
#5936 = ORIENTED_EDGE ( 'NONE', *, *, #5667, .T. ) ;
#5937 = AXIS2_PLACEMENT_3D ( 'NONE', #1167, #4140, #2204 ) ;
#5938 = EDGE_CURVE ( 'NONE', #2057, #4041, #1723, .T. ) ;
#5939 = ORIENTED_EDGE ( 'NONE', *, *, #1508, .T. ) ;
#5940 = LINE ( 'NONE', #491, #5324 ) ;
#5941 = DIRECTION ( 'NONE',  ( -1.000000000000000000, 0.000000000000000000, 0.000000000000000000 ) ) ;
#5942 = VECTOR ( 'NONE', #2845, 1000.000000000000000 ) ;
#5943 = VERTEX_POINT ( 'NONE', #2778 ) ;
#5944 = CARTESIAN_POINT ( 'NONE',  ( 8.266092888301050437E-17, 1.350000000000000089, 0.000000000000000000 ) ) ;
#5945 = FACE_OUTER_BOUND ( 'NONE', #854, .T. ) ;
#5946 =( GEOMETRIC_REPRESENTATION_CONTEXT ( 3 ) GLOBAL_UNCERTAINTY_ASSIGNED_CONTEXT ( ( #4118 ) ) GLOBAL_UNIT_ASSIGNED_CONTEXT ( ( #4625, #3663, #280 ) ) REPRESENTATION_CONTEXT ( 'NONE', 'WORKASPACE' ) );
#5947 = COLOUR_RGB ( '',0.2000000000000000111, 0.2000000000000000111, 0.2000000000000000111 ) ;
#5948 = EDGE_CURVE ( 'NONE', #1756, #5714, #1341, .T. ) ;
#5949 = PRESENTATION_LAYER_ASSIGNMENT (  '', '', ( #4997 ) ) ;
#5950 = AXIS2_PLACEMENT_3D ( 'NONE', #5245, #3883, #6331 ) ;
#5951 = AXIS2_PLACEMENT_3D ( 'NONE', #2132, #2697, #5665 ) ;
#5952 = EDGE_CURVE ( 'NONE', #614, #5672, #871, .T. ) ;
#5953 = DIRECTION ( 'NONE',  ( 0.000000000000000000, 0.000000000000000000, -1.000000000000000000 ) ) ;
#5954 = ORIENTED_EDGE ( 'NONE', *, *, #2711, .T. ) ;
#5955 = LINE ( 'NONE', #1377, #6321 ) ;
#5956 = DIRECTION ( 'NONE',  ( 0.000000000000000000, 0.000000000000000000, -1.000000000000000000 ) ) ;
#5957 = CARTESIAN_POINT ( 'NONE',  ( -1.187565630244470150, -1.750000000000000000, 1.448687028813379962 ) ) ;
#5958 = PRESENTATION_LAYER_ASSIGNMENT (  '', '', ( #2017 ) ) ;
#5959 = ORIENTED_EDGE ( 'NONE', *, *, #242, .F. ) ;
#5960 = AXIS2_PLACEMENT_3D ( 'NONE', #4656, #1768, #4226 ) ;
#5961 = DIRECTION ( 'NONE',  ( 0.000000000000000000, -1.000000000000000000, 0.000000000000000000 ) ) ;
#5962 = VECTOR ( 'NONE', #998, 1000.000000000000000 ) ;
#5963 = FILL_AREA_STYLE ('',( #5331 ) ) ;
#5964 = DIRECTION ( 'NONE',  ( -1.000000000000000000, 0.000000000000000000, 0.000000000000000000 ) ) ;
#5965 = ORIENTED_EDGE ( 'NONE', *, *, #5788, .F. ) ;
#5966 = ORIENTED_EDGE ( 'NONE', *, *, #1667, .T. ) ;
#5967 = PRESENTATION_STYLE_ASSIGNMENT (( #5431 ) ) ;
#5968 = AXIS2_PLACEMENT_3D ( 'NONE', #1868, #4820, #792 ) ;
#5969 = PRESENTATION_LAYER_ASSIGNMENT (  '', '', ( #2928 ) ) ;
#5970 = PLANE ( 'NONE',  #5861 ) ;
#5971 = LINE ( 'NONE', #456, #3957 ) ;
#5972 = DIRECTION ( 'NONE',  ( 0.000000000000000000, 0.000000000000000000, 1.000000000000000000 ) ) ;
#5973 = DIRECTION ( 'NONE',  ( 0.000000000000000000, 1.000000000000000000, 0.000000000000000000 ) ) ;
#5974 = DIRECTION ( 'NONE',  ( -1.000000000000000000, 0.000000000000000000, -0.000000000000000000 ) ) ;
#5975 = AXIS2_PLACEMENT_3D ( 'NONE', #5781, #5069, #26 ) ;
#5976 = DIRECTION ( 'NONE',  ( 0.000000000000000000, 0.000000000000000000, -1.000000000000000000 ) ) ;
#5977 = ORIENTED_EDGE ( 'NONE', *, *, #3904, .F. ) ;
#5978 = ORIENTED_EDGE ( 'NONE', *, *, #4903, .T. ) ;
#5979 = LINE ( 'NONE', #1564, #2323 ) ;
#5980 = CARTESIAN_POINT ( 'NONE',  ( -1.774318189909330101, -1.629831873627560102, 1.524958015046800064 ) ) ;
#5981 = DIRECTION ( 'NONE',  ( 1.000000000000000000, 0.000000000000000000, 0.000000000000000000 ) ) ;
#5982 = VERTEX_POINT ( 'NONE', #368 ) ;
#5983 = PLANE ( 'NONE',  #3855 ) ;
#5984 = CARTESIAN_POINT ( 'NONE',  ( 2.330606684319190158, -1.388146906716230200, 1.670000000000000151 ) ) ;
#5985 = EDGE_CURVE ( 'NONE', #714, #2950, #3835, .T. ) ;
#5986 = EDGE_CURVE ( 'NONE', #4295, #5420, #1409, .T. ) ;
#5987 = EDGE_LOOP ( 'NONE', ( #4595, #707, #5745, #2655 ) ) ;
#5988 = PRESENTATION_STYLE_ASSIGNMENT (( #4017 ) ) ;
#5989 = SURFACE_STYLE_USAGE ( .BOTH. , #3140 ) ;
#5990 = ORIENTED_EDGE ( 'NONE', *, *, #446, .T. ) ;
#5991 = DIRECTION ( 'NONE',  ( 0.000000000000000000, 0.000000000000000000, -1.000000000000000000 ) ) ;
#5992 = ORIENTED_EDGE ( 'NONE', *, *, #2675, .T. ) ;
#5993 = DIRECTION ( 'NONE',  ( 0.000000000000000000, 1.000000000000000000, 0.000000000000000000 ) ) ;
#5994 = EDGE_CURVE ( 'NONE', #2695, #5073, #5927, .T. ) ;
#5995 = EDGE_CURVE ( 'NONE', #5925, #1207, #5785, .T. ) ;
#5996 = LINE ( 'NONE', #6439, #2823 ) ;
#5997 = PRESENTATION_STYLE_ASSIGNMENT (( #2185 ) ) ;
#5998 = LINE ( 'NONE', #2500, #5707 ) ;
#5999 = LINE ( 'NONE', #3404, #2713 ) ;
#6000 = ORIENTED_EDGE ( 'NONE', *, *, #4145, .F. ) ;
#6001 = ORIENTED_EDGE ( 'NONE', *, *, #3815, .T. ) ;
#6002 = DIRECTION ( 'NONE',  ( -1.000000000000000000, -0.000000000000000000, -0.000000000000000000 ) ) ;
#6003 = PLANE ( 'NONE',  #3224 ) ;
#6004 = EDGE_CURVE ( 'NONE', #719, #3960, #1792, .T. ) ;
#6005 = DIRECTION ( 'NONE',  ( -1.000000000000000000, -7.442719519967450478E-15, 0.000000000000000000 ) ) ;
#6006 = CARTESIAN_POINT ( 'NONE',  ( 1.757764325309730147, -1.654673281295879983, 1.670000000000000151 ) ) ;
#6007 = CARTESIAN_POINT ( 'NONE',  ( -1.922816040256440040, -1.732450861759520011, 1.524958015046800064 ) ) ;
#6008 = DIRECTION ( 'NONE',  ( 0.000000000000000000, 0.000000000000000000, -1.000000000000000000 ) ) ;
#6009 = PLANE ( 'NONE',  #2696 ) ;
#6010 = ORIENTED_EDGE ( 'NONE', *, *, #4517, .T. ) ;
#6011 = EDGE_LOOP ( 'NONE', ( #1711, #1936, #2822, #2735 ) ) ;
#6012 = VECTOR ( 'NONE', #3314, 1000.000000000000000 ) ;
#6013 = SURFACE_STYLE_USAGE ( .BOTH. , #4886 ) ;
#6014 = PLANE ( 'NONE',  #4065 ) ;
#6015 = EDGE_LOOP ( 'NONE', ( #5939, #5580, #637, #3112 ) ) ;
#6016 = DIRECTION ( 'NONE',  ( 0.000000000000000000, 0.000000000000000000, -1.000000000000000000 ) ) ;
#6017 = LINE ( 'NONE', #5512, #5849 ) ;
#6018 = EDGE_CURVE ( 'NONE', #1446, #4325, #774, .T. ) ;
#6019 = LINE ( 'NONE', #631, #1497 ) ;
#6020 = CIRCLE ( 'NONE', #2870, 0.3018065944804310119 ) ;
#6021 = AXIS2_PLACEMENT_3D ( 'NONE', #1158, #2640, #5138 ) ;
#6022 = CARTESIAN_POINT ( 'NONE',  ( -1.194532035297049877, 1.732498726640149922, 1.524958015046800064 ) ) ;
#6023 = ORIENTED_EDGE ( 'NONE', *, *, #1099, .F. ) ;
#6024 = VERTEX_POINT ( 'NONE', #6239 ) ;
#6025 = DIRECTION ( 'NONE',  ( 7.442719519967450478E-15, -1.000000000000000000, 0.000000000000000000 ) ) ;
#6026 = LINE ( 'NONE', #85, #5640 ) ;
#6027 = ORIENTED_EDGE ( 'NONE', *, *, #2867, .T. ) ;
#6028 = CARTESIAN_POINT ( 'NONE',  ( -1.742310449531560002, -1.732474794199829971, 0.9499004956727240545 ) ) ;
#6029 = CARTESIAN_POINT ( 'NONE',  ( 1.198636379818660114, -1.612800135353730235, 1.524958015046800064 ) ) ;
#6030 = EDGE_CURVE ( 'NONE', #3200, #4784, #2334, .T. ) ;
#6031 = DIRECTION ( 'NONE',  ( 0.000000000000000000, 0.000000000000000000, -1.000000000000000000 ) ) ;
#6032 = MECHANICAL_DESIGN_GEOMETRIC_PRESENTATION_REPRESENTATION (  '', ( #4772 ), #4153 ) ;
#6033 = ORIENTED_EDGE ( 'NONE', *, *, #1940, .F. ) ;
#6034 = EDGE_CURVE ( 'NONE', #5449, #4135, #43, .T. ) ;
#6035 = SURFACE_STYLE_USAGE ( .BOTH. , #1126 ) ;
#6036 = COLOUR_RGB ( '',0.2000000000000000111, 0.2000000000000000111, 0.2000000000000000111 ) ;
#6037 = EDGE_CURVE ( 'NONE', #2794, #883, #930, .T. ) ;
#6038 = DIRECTION ( 'NONE',  ( 0.000000000000000000, 0.000000000000000000, -1.000000000000000000 ) ) ;
#6039 = CARTESIAN_POINT ( 'NONE',  ( -1.135441809735770136, 1.475072618217709852, 0.9360832168907079476 ) ) ;
#6040 = LINE ( 'NONE', #4039, #1382 ) ;
#6041 = FACE_OUTER_BOUND ( 'NONE', #2272, .T. ) ;
#6042 = EDGE_LOOP ( 'NONE', ( #4889, #1212, #2222, #1499, #6452, #2844, #160, #5802 ) ) ;
#6043 = APPLICATION_CONTEXT ( 'automotive_design' ) ;
#6044 = VERTEX_POINT ( 'NONE', #5511 ) ;
#6045 = VECTOR ( 'NONE', #2496, 1000.000000000000000 ) ;
#6046 = DIRECTION ( 'NONE',  ( -1.000000000000000000, 0.000000000000000000, -0.000000000000000000 ) ) ;
#6047 = LINE ( 'NONE', #672, #2425 ) ;
#6048 = DIRECTION ( 'NONE',  ( 0.000000000000000000, 0.000000000000000000, 1.000000000000000000 ) ) ;
#6049 = ORIENTED_EDGE ( 'NONE', *, *, #3230, .T. ) ;
#6050 = CARTESIAN_POINT ( 'NONE',  ( 0.4807147255954329901, -0.6968490896672390189, 1.670000000000000151 ) ) ;
#6051 = AXIS2_PLACEMENT_3D ( 'NONE', #3172, #2220, #1316 ) ;
#6052 = COLOUR_RGB ( '',0.6980392156862744724, 0.6980392156862744724, 0.6980392156862744724 ) ;
#6053 = LINE ( 'NONE', #4951, #2120 ) ;
#6054 = EDGE_LOOP ( 'NONE', ( #2988, #2646, #1, #3594 ) ) ;
#6055 = ORIENTED_EDGE ( 'NONE', *, *, #2448, .F. ) ;
#6056 = CARTESIAN_POINT ( 'NONE',  ( 0.7025842957044551307, -1.614001858628919983, 1.670000000000000151 ) ) ;
#6057 = CARTESIAN_POINT ( 'NONE',  ( 1.279333081627950008, 1.473734927972049968, 0.5142042554948410560 ) ) ;
#6058 = EDGE_LOOP ( 'NONE', ( #4540, #5087, #6382, #79 ) ) ;
#6059 = CARTESIAN_POINT ( 'NONE',  ( -1.244250284302140130, -1.558632624975810010, 0.5872380108679859934 ) ) ;
#6060 = VECTOR ( 'NONE', #2506, 1000.000000000000000 ) ;
#6061 = DIRECTION ( 'NONE',  ( 0.000000000000000000, 0.000000000000000000, -1.000000000000000000 ) ) ;
#6062 = COLOUR_RGB ( '',0.2000000000000000111, 0.2000000000000000111, 0.2000000000000000111 ) ;
#6063 = DIRECTION ( 'NONE',  ( 0.000000000000000000, -1.000000000000000000, 0.000000000000000000 ) ) ;
#6064 = ORIENTED_EDGE ( 'NONE', *, *, #3153, .T. ) ;
#6065 = VERTEX_POINT ( 'NONE', #2553 ) ;
#6066 = DIRECTION ( 'NONE',  ( 0.000000000000000000, 0.000000000000000000, 1.000000000000000000 ) ) ;
#6067 = EDGE_LOOP ( 'NONE', ( #3643, #1967, #3809, #133, #145, #5908, #2333, #2163, #781, #5683, #5885, #670, #3605, #5082, #2604, #1046, #4453, #821, #5867, #2463, #3720, #910, #5387, #1442 ) ) ;
#6068 = DIRECTION ( 'NONE',  ( 0.000000000000000000, 0.000000000000000000, 1.000000000000000000 ) ) ;
#6069 = ADVANCED_FACE ( 'NONE', ( #1952 ), #4045, .T. ) ;
#6070 = COLOUR_RGB ( '',0.2000000000000000111, 0.2000000000000000111, 0.2000000000000000111 ) ;
#6071 = EDGE_CURVE ( 'NONE', #5179, #966, #434, .T. ) ;
#6072 = LINE ( 'NONE', #4637, #3850 ) ;
#6073 =( NAMED_UNIT ( * ) PLANE_ANGLE_UNIT ( ) SI_UNIT ( $, .RADIAN. ) );
#6074 = DIRECTION ( 'NONE',  ( -3.124171273918740215E-16, 1.000000000000000000, 0.000000000000000000 ) ) ;
#6075 = LINE ( 'NONE', #3122, #3228 ) ;
#6076 =( NAMED_UNIT ( * ) SI_UNIT ( $, .STERADIAN. ) SOLID_ANGLE_UNIT ( ) );
#6077 = ORIENTED_EDGE ( 'NONE', *, *, #1806, .F. ) ;
#6078 = PRESENTATION_LAYER_ASSIGNMENT (  '', '', ( #2427 ) ) ;
#6079 = EDGE_CURVE ( 'NONE', #2402, #4882, #5371, .T. ) ;
#6080 = B_SPLINE_CURVE_WITH_KNOTS ( 'NONE', 3,
 ( #3881, #5448, #2363, #3838, #4892, #1991 ),
 .UNSPECIFIED., .F., .F.,
 ( 4, 2, 4 ),
 ( 0.000000000000000000, 0.5000000000000000000, 1.000000000000000000 ),
 .UNSPECIFIED. ) ;
#6081 = EDGE_CURVE ( 'NONE', #439, #2760, #4470, .T. ) ;
#6082 =( NAMED_UNIT ( * ) PLANE_ANGLE_UNIT ( ) SI_UNIT ( $, .RADIAN. ) );
#6083 =( LENGTH_UNIT ( ) NAMED_UNIT ( * ) SI_UNIT ( .MILLI., .METRE. ) );
#6084 = ORIENTED_EDGE ( 'NONE', *, *, #1052, .F. ) ;
#6085 = PLANE ( 'NONE',  #5317 ) ;
#6086 = DIRECTION ( 'NONE',  ( 1.000000000000000000, 0.000000000000000000, 0.000000000000000000 ) ) ;
#6087 = ORIENTED_EDGE ( 'NONE', *, *, #2829, .T. ) ;
#6088 = SURFACE_STYLE_USAGE ( .BOTH. , #2632 ) ;
#6089 = ORIENTED_EDGE ( 'NONE', *, *, #5224, .T. ) ;
#6090 = ORIENTED_EDGE ( 'NONE', *, *, #2362, .T. ) ;
#6091 = FILL_AREA_STYLE ('',( #4052 ) ) ;
#6092 = DIRECTION ( 'NONE',  ( 4.806657061659141619E-05, -0.9999999988448023958, 0.000000000000000000 ) ) ;
#6093 = CARTESIAN_POINT ( 'NONE',  ( 1.742310449531560002, -1.558656565019939988, 0.9499004956727240545 ) ) ;
#6094 = ORIENTED_EDGE ( 'NONE', *, *, #6250, .T. ) ;
#6095 = DIRECTION ( 'NONE',  ( 1.000000000000000000, 0.000000000000000000, 0.000000000000000000 ) ) ;
#6096 = SURFACE_STYLE_USAGE ( .BOTH. , #2135 ) ;
#6097 = ORIENTED_EDGE ( 'NONE', *, *, #5986, .T. ) ;
#6098 = ORIENTED_EDGE ( 'NONE', *, *, #572, .F. ) ;
#6099 = ORIENTED_EDGE ( 'NONE', *, *, #3588, .T. ) ;
#6100 = PLANE ( 'NONE',  #736 ) ;
#6101 = DIRECTION ( 'NONE',  ( 0.000000000000000000, 0.000000000000000000, 1.000000000000000000 ) ) ;
#6102 = DIRECTION ( 'NONE',  ( 0.000000000000000000, 0.000000000000000000, -1.000000000000000000 ) ) ;
#6103 = DIRECTION ( 'NONE',  ( 0.000000000000000000, 0.000000000000000000, -1.000000000000000000 ) ) ;
#6104 = SURFACE_SIDE_STYLE ('',( #1205 ) ) ;
#6105 = VERTEX_POINT ( 'NONE', #4413 ) ;
#6106 = ORIENTED_EDGE ( 'NONE', *, *, #3411, .F. ) ;
#6107 = CARTESIAN_POINT ( 'NONE',  ( 0.000000000000000000, -1.466061860831830099, 0.000000000000000000 ) ) ;
#6108 = FILL_AREA_STYLE_COLOUR ( '', #5475 ) ;
#6109 = EDGE_CURVE ( 'NONE', #2031, #5449, #1534, .T. ) ;
#6110 = ORIENTED_EDGE ( 'NONE', *, *, #1194, .T. ) ;
#6111 = DIRECTION ( 'NONE',  ( 0.000000000000000000, 0.000000000000000000, -1.000000000000000000 ) ) ;
#6112 = DIRECTION ( 'NONE',  ( 0.000000000000000000, 1.000000000000000000, 0.000000000000000000 ) ) ;
#6113 = EDGE_CURVE ( 'NONE', #1993, #3709, #5375, .T. ) ;
#6114 = FILL_AREA_STYLE ('',( #6206 ) ) ;
#6115 = ADVANCED_FACE ( 'NONE', ( #2429 ), #3910, .F. ) ;
#6116 = ORIENTED_EDGE ( 'NONE', *, *, #5250, .F. ) ;
#6117 = DIRECTION ( 'NONE',  ( 0.000000000000000000, 0.000000000000000000, 1.000000000000000000 ) ) ;
#6118 = VERTEX_POINT ( 'NONE', #6430 ) ;
#6119 = FILL_AREA_STYLE_COLOUR ( '', #314 ) ;
#6120 = CARTESIAN_POINT ( 'NONE',  ( -0.4651759520920960012, -0.5073416627111608790, 1.524958015046800064 ) ) ;
#6121 = ORIENTED_EDGE ( 'NONE', *, *, #4512, .T. ) ;
#6122 = DIRECTION ( 'NONE',  ( 1.000000000000000000, 0.000000000000000000, 0.000000000000000000 ) ) ;
#6123 = SURFACE_STYLE_USAGE ( .BOTH. , #611 ) ;
#6124 = ORIENTED_EDGE ( 'NONE', *, *, #2336, .F. ) ;
#6125 = ORIENTED_EDGE ( 'NONE', *, *, #5097, .F. ) ;
#6126 = ORIENTED_EDGE ( 'NONE', *, *, #3344, .T. ) ;
#6127 = SURFACE_STYLE_FILL_AREA ( #5040 ) ;
#6128 = AXIS2_PLACEMENT_3D ( 'NONE', #3949, #974, #4352 ) ;
#6129 = DIRECTION ( 'NONE',  ( -0.000000000000000000, -0.000000000000000000, -1.000000000000000000 ) ) ;
#6130 = CARTESIAN_POINT ( 'NONE',  ( 2.350000000000000533, -0.5954946213070567707, 0.000000000000000000 ) ) ;
#6131 = CARTESIAN_POINT ( 'NONE',  ( 2.330606684319190158, -1.388146906716230200, 1.524958015046800064 ) ) ;
#6132 = FACE_OUTER_BOUND ( 'NONE', #2738, .T. ) ;
#6133 = DIRECTION ( 'NONE',  ( -4.806657061659141619E-05, 0.9999999988448023958, 0.000000000000000000 ) ) ;
#6134 = VERTEX_POINT ( 'NONE', #1990 ) ;
#6135 = VERTEX_POINT ( 'NONE', #3943 ) ;
#6136 = EDGE_CURVE ( 'NONE', #5548, #4169, #5236, .T. ) ;
#6137 = SURFACE_STYLE_USAGE ( .BOTH. , #5582 ) ;
#6138 = FACE_OUTER_BOUND ( 'NONE', #1549, .T. ) ;
#6139 = ORIENTED_EDGE ( 'NONE', *, *, #5489, .T. ) ;
#6140 = AXIS2_PLACEMENT_3D ( 'NONE', #1811, #2267, #4363 ) ;
#6141 = VECTOR ( 'NONE', #3889, 1000.000000000000000 ) ;
#6142 = ADVANCED_FACE ( 'NONE', ( #4947 ), #3977, .T. ) ;
#6143 = DIRECTION ( 'NONE',  ( 0.000000000000000000, 0.000000000000000000, 1.000000000000000000 ) ) ;
#6144 = PRESENTATION_LAYER_ASSIGNMENT (  '', '', ( #1607 ) ) ;
#6145 = ORIENTED_EDGE ( 'NONE', *, *, #3746, .F. ) ;
#6146 = DIRECTION ( 'NONE',  ( 0.000000000000000000, 1.000000000000000000, 0.000000000000000000 ) ) ;
#6147 = DIRECTION ( 'NONE',  ( -0.9999999988448025068, -4.806657061659141619E-05, 0.000000000000000000 ) ) ;
#6148 = ORIENTED_EDGE ( 'NONE', *, *, #2987, .T. ) ;
#6149 = DIRECTION ( 'NONE',  ( 0.000000000000000000, 0.000000000000000000, -1.000000000000000000 ) ) ;
#6150 =( LENGTH_UNIT ( ) NAMED_UNIT ( * ) SI_UNIT ( .MILLI., .METRE. ) );
#6151 = VERTEX_POINT ( 'NONE', #703 ) ;
#6152 = ADVANCED_FACE ( 'NONE', ( #2716 ), #5554, .F. ) ;
#6153 = AXIS2_PLACEMENT_3D ( 'NONE', #836, #4684, #3270 ) ;
#6154 =( NAMED_UNIT ( * ) SI_UNIT ( $, .STERADIAN. ) SOLID_ANGLE_UNIT ( ) );
#6155 = AXIS2_PLACEMENT_3D ( 'NONE', #2312, #2342, #4296 ) ;
#6156 = STYLED_ITEM ( 'NONE', ( #2757 ), #3508 ) ;
#6157 = ORIENTED_EDGE ( 'NONE', *, *, #5706, .T. ) ;
#6158 =( GEOMETRIC_REPRESENTATION_CONTEXT ( 3 ) GLOBAL_UNCERTAINTY_ASSIGNED_CONTEXT ( ( #4763 ) ) GLOBAL_UNIT_ASSIGNED_CONTEXT ( ( #4730, #5175, #3396 ) ) REPRESENTATION_CONTEXT ( 'NONE', 'WORKASPACE' ) );
#6159 = ORIENTED_EDGE ( 'NONE', *, *, #3937, .F. ) ;
#6160 = DIRECTION ( 'NONE',  ( 0.000000000000000000, 0.000000000000000000, 1.000000000000000000 ) ) ;
#6161 = VECTOR ( 'NONE', #74, 1000.000000000000000 ) ;
#6162 = PRESENTATION_LAYER_ASSIGNMENT (  '', '', ( #859 ) ) ;
#6163 = FACE_OUTER_BOUND ( 'NONE', #2590, .T. ) ;
#6164 =( NAMED_UNIT ( * ) SI_UNIT ( $, .STERADIAN. ) SOLID_ANGLE_UNIT ( ) );
#6165 = CARTESIAN_POINT ( 'NONE',  ( -1.742310449531560002, -1.558656565019939988, 1.524958015046800064 ) ) ;
#6166 =( NAMED_UNIT ( * ) SI_UNIT ( $, .STERADIAN. ) SOLID_ANGLE_UNIT ( ) );
#6167 = CARTESIAN_POINT ( 'NONE',  ( 1.279333081627950008, 1.732498726640149922, 0.5142042554948410560 ) ) ;
#6168 = DIRECTION ( 'NONE',  ( 0.000000000000000000, 0.000000000000000000, 1.000000000000000000 ) ) ;
#6169 = ORIENTED_EDGE ( 'NONE', *, *, #2720, .T. ) ;
#6170 = VECTOR ( 'NONE', #310, 1000.000000000000000 ) ;
#6171 = PRESENTATION_LAYER_ASSIGNMENT (  '', '', ( #766 ) ) ;
#6172 = DIRECTION ( 'NONE',  ( 0.000000000000000000, -2.187487421391570106E-16, 1.000000000000000000 ) ) ;
#6173 =( NAMED_UNIT ( * ) SI_UNIT ( $, .STERADIAN. ) SOLID_ANGLE_UNIT ( ) );
#6174 = EDGE_LOOP ( 'NONE', ( #1181, #3624, #5992, #1989 ) ) ;
#6175 = SURFACE_STYLE_FILL_AREA ( #1694 ) ;
#6176 = STYLED_ITEM ( 'NONE', ( #3056 ), #5455 ) ;
#6177 = VECTOR ( 'NONE', #2080, 1000.000000000000000 ) ;
#6178 = CARTESIAN_POINT ( 'NONE',  ( 0.000000000000000000, 1.732498726640149922, 1.670000000000000151 ) ) ;
#6179 = ORIENTED_EDGE ( 'NONE', *, *, #1305, .T. ) ;
#6180 = DIRECTION ( 'NONE',  ( 4.806657061659141619E-05, -0.9999999988448025068, 0.000000000000000000 ) ) ;
#6181 = ADVANCED_FACE ( 'NONE', ( #1243 ), #1109, .F. ) ;
#6182 = CARTESIAN_POINT ( 'NONE',  ( -1.194532035297049877, 1.517608363321570009, 1.892038733626690172 ) ) ;
#6183 = LINE ( 'NONE', #3782, #950 ) ;
#6184 = ORIENTED_EDGE ( 'NONE', *, *, #1305, .F. ) ;
#6185 = ADVANCED_FACE ( 'NONE', ( #273 ), #795, .F. ) ;
#6186 = SURFACE_STYLE_FILL_AREA ( #3693 ) ;
#6187 = ADVANCED_FACE ( 'NONE', ( #2269, #1757 ), #3797, .F. ) ;
#6188 = EDGE_LOOP ( 'NONE', ( #2633, #1195, #1748, #3043 ) ) ;
#6189 = CARTESIAN_POINT ( 'NONE',  ( -1.244250284302140130, -1.558632624975810010, 0.9499004956727240545 ) ) ;
#6190 = ORIENTED_EDGE ( 'NONE', *, *, #5587, .F. ) ;
#6191 = CARTESIAN_POINT ( 'NONE',  ( 2.350000000000000089, 1.104505378692939743, 0.2000000000000000111 ) ) ;
#6192 = EDGE_CURVE ( 'NONE', #3657, #6065, #5806, .T. ) ;
#6193 = COLOUR_RGB ( '',0.2000000000000000111, 0.2000000000000000111, 0.2000000000000000111 ) ;
#6194 = EDGE_LOOP ( 'NONE', ( #832, #1902, #4319, #2538 ) ) ;
#6195 = CARTESIAN_POINT ( 'NONE',  ( -0.4647840932999509622, 0.7115629572946600145, 1.670000000000000151 ) ) ;
#6196 = DIRECTION ( 'NONE',  ( 0.000000000000000000, -2.187487421391570106E-16, 1.000000000000000000 ) ) ;
#6197 = EDGE_CURVE ( 'NONE', #3997, #2883, #4762, .T. ) ;
#6198 = CARTESIAN_POINT ( 'NONE',  ( -1.198636379818660114, 1.475072618217709852, 0.4956381288792919837 ) ) ;
#6199 = ORIENTED_EDGE ( 'NONE', *, *, #5369, .T. ) ;
#6200 =( NAMED_UNIT ( * ) SI_UNIT ( $, .STERADIAN. ) SOLID_ANGLE_UNIT ( ) );
#6201 = CARTESIAN_POINT ( 'NONE',  ( -1.774318189909330101, -1.466061860831830099, 1.524958015046800064 ) ) ;
#6202 =( NAMED_UNIT ( * ) PLANE_ANGLE_UNIT ( ) SI_UNIT ( $, .RADIAN. ) );
#6203 = EDGE_LOOP ( 'NONE', ( #653, #4155, #1616, #3504 ) ) ;
#6204 = UNCERTAINTY_MEASURE_WITH_UNIT (LENGTH_MEASURE( 1.000000000000000082E-05 ), #3985, 'distance_accuracy_value', 'NONE');
#6205 = CARTESIAN_POINT ( 'NONE',  ( 0.6550263814446110056, 0.7115629572946600145, 1.670000000000000151 ) ) ;
#6206 = FILL_AREA_STYLE_COLOUR ( '', #4706 ) ;
#6207 = ADVANCED_FACE ( 'NONE', ( #1365 ), #2298, .T. ) ;
#6208 = VERTEX_POINT ( 'NONE', #3772 ) ;
#6209 = DIRECTION ( 'NONE',  ( 1.000000000000000000, 0.000000000000000000, 0.000000000000000000 ) ) ;
#6210 = FILL_AREA_STYLE ('',( #4222 ) ) ;
#6211 = CARTESIAN_POINT ( 'NONE',  ( 1.067585657234540131, -1.731509940961710070, 1.524958015046800064 ) ) ;
#6212 = CARTESIAN_POINT ( 'NONE',  ( -0.8454977628303629311, -1.756512990419249798, 1.670000000000000151 ) ) ;
#6213 = VECTOR ( 'NONE', #6048, 1000.000000000000000 ) ;
#6214 = CARTESIAN_POINT ( 'NONE',  ( -2.350000000000000089, -1.750000000000000000, 1.670000000000000151 ) ) ;
#6215 = UNCERTAINTY_MEASURE_WITH_UNIT (LENGTH_MEASURE( 1.000000000000000082E-05 ), #4682, 'distance_accuracy_value', 'NONE');
#6216 = STYLED_ITEM ( 'NONE', ( #1717 ), #1854 ) ;
#6217 = FACE_OUTER_BOUND ( 'NONE', #530, .T. ) ;
#6218 = ORIENTED_EDGE ( 'NONE', *, *, #3261, .F. ) ;
#6219 = PRESENTATION_STYLE_ASSIGNMENT (( #4204 ) ) ;
#6220 = ORIENTED_EDGE ( 'NONE', *, *, #4819, .T. ) ;
#6221 = CARTESIAN_POINT ( 'NONE',  ( -2.214855333278670013, 1.732498726640149922, 0.08104293853427260719 ) ) ;
#6222 = VECTOR ( 'NONE', #3890, 1000.000000000000000 ) ;
#6223 = EDGE_CURVE ( 'NONE', #1650, #3433, #5134, .T. ) ;
#6224 = LINE ( 'NONE', #4173, #143 ) ;
#6225 = SURFACE_STYLE_FILL_AREA ( #1230 ) ;
#6226 = EDGE_CURVE ( 'NONE', #1772, #2435, #4098, .T. ) ;
#6227 = CARTESIAN_POINT ( 'NONE',  ( 8.266092888301050437E-17, 1.350000000000000089, -0.6035212073282351097 ) ) ;
#6228 = AXIS2_PLACEMENT_3D ( 'NONE', #6333, #5450, #1888 ) ;
#6229 = EDGE_LOOP ( 'NONE', ( #5598, #898, #5800, #5135 ) ) ;
#6230 = ORIENTED_EDGE ( 'NONE', *, *, #5938, .T. ) ;
#6231 = PRESENTATION_STYLE_ASSIGNMENT (( #270 ) ) ;
#6232 = AXIS2_PLACEMENT_3D ( 'NONE', #2089, #4548, #51 ) ;
#6233 = DIRECTION ( 'NONE',  ( 0.000000000000000000, 0.000000000000000000, 1.000000000000000000 ) ) ;
#6234 = FILL_AREA_STYLE_COLOUR ( '', #250 ) ;
#6235 = AXIS2_PLACEMENT_3D ( 'NONE', #4426, #5359, #6445 ) ;
#6236 = STYLED_ITEM ( 'NONE', ( #3245 ), #3117 ) ;
#6237 = CARTESIAN_POINT ( 'NONE',  ( -0.2756685251360169731, 0.7015834068728459272, 1.670000000000000151 ) ) ;
#6238 = ORIENTED_EDGE ( 'NONE', *, *, #2593, .F. ) ;
#6239 = CARTESIAN_POINT ( 'NONE',  ( 2.291999606393563038, -1.558462649570529157, 0.5872380108679859934 ) ) ;
#6240 = FILL_AREA_STYLE ('',( #341 ) ) ;
#6241 = PRESENTATION_STYLE_ASSIGNMENT (( #3139 ) ) ;
#6242 = DIRECTION ( 'NONE',  ( 0.000000000000000000, 0.000000000000000000, -1.000000000000000000 ) ) ;
#6243 = SURFACE_SIDE_STYLE ('',( #4196 ) ) ;
#6244 = AXIS2_PLACEMENT_3D ( 'NONE', #1712, #2672, #4560 ) ;
#6245 = CARTESIAN_POINT ( 'NONE',  ( 1.244408477699840088, -1.558656565019939988, 1.524958015046800064 ) ) ;
#6246 = VECTOR ( 'NONE', #4654, 1000.000000000000000 ) ;
#6247 = VERTEX_POINT ( 'NONE', #4960 ) ;
#6248 = ORIENTED_EDGE ( 'NONE', *, *, #5379, .F. ) ;
#6249 = AXIS2_PLACEMENT_3D ( 'NONE', #481, #6129, #690 ) ;
#6250 = EDGE_CURVE ( 'NONE', #1466, #5153, #2501, .T. ) ;
#6251 = AXIS2_PLACEMENT_3D ( 'NONE', #4179, #5682, #4700 ) ;
#6252 = UNCERTAINTY_MEASURE_WITH_UNIT (LENGTH_MEASURE( 1.000000000000000082E-05 ), #192, 'distance_accuracy_value', 'NONE');
#6253 = STYLED_ITEM ( 'NONE', ( #2793 ), #4266 ) ;
#6254 =( LENGTH_UNIT ( ) NAMED_UNIT ( * ) SI_UNIT ( .MILLI., .METRE. ) );
#6255 = SURFACE_STYLE_USAGE ( .BOTH. , #4211 ) ;
#6256 = FACE_OUTER_BOUND ( 'NONE', #2123, .T. ) ;
#6257 = ORIENTED_EDGE ( 'NONE', *, *, #769, .F. ) ;
#6258 = SURFACE_SIDE_STYLE ('',( #3769 ) ) ;
#6259 = ADVANCED_FACE ( 'NONE', ( #4131 ), #5491, .F. ) ;
#6260 = FACE_OUTER_BOUND ( 'NONE', #2184, .T. ) ;
#6261 = STYLED_ITEM ( 'NONE', ( #6219 ), #3195 ) ;
#6262 = VECTOR ( 'NONE', #2840, 1000.000000000000000 ) ;
#6263 = VECTOR ( 'NONE', #1441, 1000.000000000000000 ) ;
#6264 = EDGE_CURVE ( 'NONE', #5672, #1242, #559, .T. ) ;
#6265 = DIRECTION ( 'NONE',  ( -6.977398648951700478E-15, 1.000000000000000000, 0.000000000000000000 ) ) ;
#6266 = SURFACE_STYLE_USAGE ( .BOTH. , #1271 ) ;
#6267 = CARTESIAN_POINT ( 'NONE',  ( 0.000000000000000000, 0.000000000000000000, 0.000000000000000000 ) ) ;
#6268 = SURFACE_STYLE_FILL_AREA ( #213 ) ;
#6269 = VECTOR ( 'NONE', #6180, 999.9999999999998863 ) ;
#6270 = EDGE_CURVE ( 'NONE', #5592, #6105, #4525, .T. ) ;
#6271 = UNCERTAINTY_MEASURE_WITH_UNIT (LENGTH_MEASURE( 1.000000000000000082E-05 ), #1162, 'distance_accuracy_value', 'NONE');
#6272 = AXIS2_PLACEMENT_3D ( 'NONE', #642, #6092, #3468 ) ;
#6273 = DIRECTION ( 'NONE',  ( 0.000000000000000000, 0.000000000000000000, -1.000000000000000000 ) ) ;
#6274 = ORIENTED_EDGE ( 'NONE', *, *, #3302, .F. ) ;
#6275 = DIRECTION ( 'NONE',  ( -1.004436343290279943E-16, 0.000000000000000000, -1.000000000000000000 ) ) ;
#6276 = AXIS2_PLACEMENT_3D ( 'NONE', #330, #3741, #4215 ) ;
#6277 = SURFACE_STYLE_USAGE ( .BOTH. , #4743 ) ;
#6278 = CIRCLE ( 'NONE', #1091, 0.1743116558491779877 ) ;
#6279 = CIRCLE ( 'NONE', #669, 0.07499999999999998335 ) ;
#6280 = CARTESIAN_POINT ( 'NONE',  ( 0.000000000000000000, 1.732498726640149922, 1.594999999999999973 ) ) ;
#6281 = UNCERTAINTY_MEASURE_WITH_UNIT (LENGTH_MEASURE( 1.000000000000000082E-05 ), #2211, 'distance_accuracy_value', 'NONE');
#6282 = DIRECTION ( 'NONE',  ( 1.000000000000000000, 0.000000000000000000, 0.000000000000000000 ) ) ;
#6283 = EDGE_LOOP ( 'NONE', ( #2673, #3194, #367, #1481 ) ) ;
#6284 = LINE ( 'NONE', #6189, #6355 ) ;
#6285 = ORIENTED_EDGE ( 'NONE', *, *, #2727, .F. ) ;
#6286 =( GEOMETRIC_REPRESENTATION_CONTEXT ( 3 ) GLOBAL_UNCERTAINTY_ASSIGNED_CONTEXT ( ( #6215 ) ) GLOBAL_UNIT_ASSIGNED_CONTEXT ( ( #4682, #1247, #802 ) ) REPRESENTATION_CONTEXT ( 'NONE', 'WORKASPACE' ) );
#6287 =( LENGTH_UNIT ( ) NAMED_UNIT ( * ) SI_UNIT ( .MILLI., .METRE. ) );
#6288 = DIRECTION ( 'NONE',  ( -1.000000000000000000, 7.228014483236693597E-16, 0.000000000000000000 ) ) ;
#6289 = PRESENTATION_STYLE_ASSIGNMENT (( #356 ) ) ;
#6290 = EDGE_LOOP ( 'NONE', ( #5265, #3244, #5784, #1533 ) ) ;
#6291 = FACE_OUTER_BOUND ( 'NONE', #6194, .T. ) ;
#6292 = CARTESIAN_POINT ( 'NONE',  ( 0.000000000000000000, 1.732498726640149922, 1.524958015046800064 ) ) ;
#6293 = SURFACE_SIDE_STYLE ('',( #4738 ) ) ;
#6294 = CARTESIAN_POINT ( 'NONE',  ( -1.198636379818660114, 1.475072618217709852, 0.9912762577585830792 ) ) ;
#6295 = EDGE_CURVE ( 'NONE', #2631, #1238, #4557, .T. ) ;
#6296 = ADVANCED_FACE ( 'NONE', ( #1623 ), #1889, .T. ) ;
#6297 = ORIENTED_EDGE ( 'NONE', *, *, #1052, .T. ) ;
#6298 = CARTESIAN_POINT ( 'NONE',  ( -1.772510222112170020, -1.632498726640150055, 1.670000000000000151 ) ) ;
#6299 =( NAMED_UNIT ( * ) SI_UNIT ( $, .STERADIAN. ) SOLID_ANGLE_UNIT ( ) );
#6300 = EDGE_CURVE ( 'NONE', #1823, #3500, #3257, .T. ) ;
#6301 = EDGE_CURVE ( 'NONE', #1761, #5015, #2028, .T. ) ;
#6302 = LINE ( 'NONE', #2724, #4901 ) ;
#6303 = ORIENTED_EDGE ( 'NONE', *, *, #5338, .T. ) ;
#6304 = ORIENTED_EDGE ( 'NONE', *, *, #4555, .F. ) ;
#6305 = FILL_AREA_STYLE_COLOUR ( '', #294 ) ;
#6306 = DIRECTION ( 'NONE',  ( 0.000000000000000000, 0.000000000000000000, -1.000000000000000000 ) ) ;
#6307 = VERTEX_POINT ( 'NONE', #3950 ) ;
#6308 = FACE_OUTER_BOUND ( 'NONE', #1255, .T. ) ;
#6309 = VECTOR ( 'NONE', #4821, 1000.000000000000000 ) ;
#6310 = UNCERTAINTY_MEASURE_WITH_UNIT (LENGTH_MEASURE( 1.000000000000000082E-05 ), #3733, 'distance_accuracy_value', 'NONE');
#6311 =( NAMED_UNIT ( * ) SI_UNIT ( $, .STERADIAN. ) SOLID_ANGLE_UNIT ( ) );
#6312 = DIRECTION ( 'NONE',  ( 4.806657061659142297E-05, -0.9999999988448025068, 0.000000000000000000 ) ) ;
#6313 = CARTESIAN_POINT ( 'NONE',  ( 1.194532035297049877, 1.517608363321570009, 1.524958015046800064 ) ) ;
#6314 = VERTEX_POINT ( 'NONE', #1081 ) ;
#6315 = DIRECTION ( 'NONE',  ( -1.000000000000000000, 0.000000000000000000, 0.000000000000000000 ) ) ;
#6316 =( NAMED_UNIT ( * ) PLANE_ANGLE_UNIT ( ) SI_UNIT ( $, .RADIAN. ) );
#6317 = VECTOR ( 'NONE', #5752, 1000.000000000000000 ) ;
#6318 = CARTESIAN_POINT ( 'NONE',  ( -2.950000000000000178, 1.104505378692939743, 0.000000000000000000 ) ) ;
#6319 = CARTESIAN_POINT ( 'NONE',  ( 1.774318189909330101, -1.639330840868030048, 0.9929113569124999872 ) ) ;
#6320 = LINE ( 'NONE', #3317, #5913 ) ;
#6321 = VECTOR ( 'NONE', #499, 1000.000000000000000 ) ;
#6322 = FILL_AREA_STYLE ('',( #896 ) ) ;
#6323 = CARTESIAN_POINT ( 'NONE',  ( -0.8454977628303629311, -1.756512990419249798, 1.524958015046800064 ) ) ;
#6324 = VECTOR ( 'NONE', #2546, 1000.000000000000000 ) ;
#6325 = ORIENTED_EDGE ( 'NONE', *, *, #731, .F. ) ;
#6326 = CARTESIAN_POINT ( 'NONE',  ( 0.4502168081889539875, 0.7272569623863829325, 1.524958015046800064 ) ) ;
#6327 = SURFACE_SIDE_STYLE ('',( #4321 ) ) ;
#6328 = LINE ( 'NONE', #5322, #3652 ) ;
#6329 = STYLED_ITEM ( 'NONE', ( #3011 ), #2965 ) ;
#6330 = EDGE_CURVE ( 'NONE', #3032, #1891, #1995, .T. ) ;
#6331 = DIRECTION ( 'NONE',  ( 0.000000000000000000, -1.000000000000000000, -1.957775783960479877E-16 ) ) ;
#6332 = EDGE_LOOP ( 'NONE', ( #5060, #1473, #5571, #6444 ) ) ;
#6333 = CARTESIAN_POINT ( 'NONE',  ( 0.4807147255954329901, -0.5225374338180610589, 1.670000000000000151 ) ) ;
#6334 = COLOUR_RGB ( '',0.2000000000000000111, 0.2000000000000000111, 0.2000000000000000111 ) ;
#6335 = ORIENTED_EDGE ( 'NONE', *, *, #610, .F. ) ;
#6336 = DIRECTION ( 'NONE',  ( 0.000000000000000000, 0.000000000000000000, -1.000000000000000000 ) ) ;
#6337 = EDGE_CURVE ( 'NONE', #1340, #3707, #2059, .T. ) ;
#6338 = EDGE_CURVE ( 'NONE', #3991, #1574, #3987, .T. ) ;
#6339 = LINE ( 'NONE', #2467, #3359 ) ;
#6340 = PRESENTATION_STYLE_ASSIGNMENT (( #4267 ) ) ;
#6341 = VECTOR ( 'NONE', #6008, 1000.000000000000000 ) ;
#6342 = CARTESIAN_POINT ( 'NONE',  ( -0.2021725488640351287, -1.350000000000000089, -0.5988918829267962929 ) ) ;
#6343 = ORIENTED_EDGE ( 'NONE', *, *, #1592, .T. ) ;
#6344 = ORIENTED_EDGE ( 'NONE', *, *, #1275, .T. ) ;
#6345 = FILL_AREA_STYLE_COLOUR ( '', #6438 ) ;
#6346 = SURFACE_SIDE_STYLE ('',( #2541 ) ) ;
#6347 = VECTOR ( 'NONE', #985, 1000.000000000000000 ) ;
#6348 =( GEOMETRIC_REPRESENTATION_CONTEXT ( 3 ) GLOBAL_UNCERTAINTY_ASSIGNED_CONTEXT ( ( #1383 ) ) GLOBAL_UNIT_ASSIGNED_CONTEXT ( ( #1492, #1558, #6353 ) ) REPRESENTATION_CONTEXT ( 'NONE', 'WORKASPACE' ) );
#6349 = VECTOR ( 'NONE', #5617, 1000.000000000000000 ) ;
#6350 = FILL_AREA_STYLE ('',( #4458 ) ) ;
#6351 = DIRECTION ( 'NONE',  ( 3.687603897170139611E-32, 6.022513088650859663E-16, 1.000000000000000000 ) ) ;
#6352 = FACE_OUTER_BOUND ( 'NONE', #4465, .T. ) ;
#6353 =( NAMED_UNIT ( * ) SI_UNIT ( $, .STERADIAN. ) SOLID_ANGLE_UNIT ( ) );
#6354 = DIRECTION ( 'NONE',  ( 0.000000000000000000, 0.000000000000000000, 1.000000000000000000 ) ) ;
#6355 = VECTOR ( 'NONE', #6306, 1000.000000000000000 ) ;
#6356 = COLOUR_RGB ( '',0.2000000000000000111, 0.2000000000000000111, 0.2000000000000000111 ) ;
#6357 = AXIS2_PLACEMENT_3D ( 'NONE', #1112, #15, #3428 ) ;
#6358 = CARTESIAN_POINT ( 'NONE',  ( 2.350000000000000089, 0.6045053786929398543, 0.2000000000000000111 ) ) ;
#6359 = DIRECTION ( 'NONE',  ( -1.000000000000000000, 0.000000000000000000, -0.000000000000000000 ) ) ;
#6360 = DIRECTION ( 'NONE',  ( -1.000000000000000000, 0.000000000000000000, 0.000000000000000000 ) ) ;
#6361 = AXIS2_PLACEMENT_3D ( 'NONE', #5600, #2161, #1157 ) ;
#6362 = EDGE_LOOP ( 'NONE', ( #789, #3634, #1014, #1416 ) ) ;
#6363 = CARTESIAN_POINT ( 'NONE',  ( -1.244325199552470007, -1.732558537085290062, 0.9499004956727240545 ) ) ;
#6364 =( LENGTH_UNIT ( ) NAMED_UNIT ( * ) SI_UNIT ( .MILLI., .METRE. ) );
#6365 = DIRECTION ( 'NONE',  ( 0.000000000000000000, 0.000000000000000000, -1.000000000000000000 ) ) ;
#6366 = VECTOR ( 'NONE', #397, 1000.000000000000000 ) ;
#6367 = PRESENTATION_LAYER_ASSIGNMENT (  '', '', ( #2130 ) ) ;
#6368 = CARTESIAN_POINT ( 'NONE',  ( -0.2756685251360169731, -0.4990275020653580085, 1.524958015046800064 ) ) ;
#6369 = ADVANCED_FACE ( 'NONE', ( #5028 ), #1008, .F. ) ;
#6370 = VERTEX_POINT ( 'NONE', #605 ) ;
#6371 =( LENGTH_UNIT ( ) NAMED_UNIT ( * ) SI_UNIT ( .MILLI., .METRE. ) );
#6372 = LINE ( 'NONE', #3399, #3327 ) ;
#6373 = EDGE_CURVE ( 'NONE', #3870, #1161, #2561, .T. ) ;
#6374 = VECTOR ( 'NONE', #4541, 1000.000000000000000 ) ;
#6375 = ORIENTED_EDGE ( 'NONE', *, *, #5250, .T. ) ;
#6376 = DIRECTION ( 'NONE',  ( 1.000000000000000000, 0.000000000000000000, 0.000000000000000000 ) ) ;
#6377 = STYLED_ITEM ( 'NONE', ( #5154 ), #5486 ) ;
#6378 = VECTOR ( 'NONE', #129, 1000.000000000000000 ) ;
#6379 = ADVANCED_FACE ( 'NONE', ( #1575 ), #4053, .F. ) ;
#6380 = LINE ( 'NONE', #1519, #185 ) ;
#6381 = ORIENTED_EDGE ( 'NONE', *, *, #3941, .F. ) ;
#6382 = ORIENTED_EDGE ( 'NONE', *, *, #6330, .T. ) ;
#6383 = FILL_AREA_STYLE_COLOUR ( '', #306 ) ;
#6384 = ADVANCED_FACE ( 'NONE', ( #4549 ), #120, .F. ) ;
#6385 = LINE ( 'NONE', #3963, #5088 ) ;
#6386 = EDGE_CURVE ( 'NONE', #5247, #6370, #5594, .T. ) ;
#6387 = CARTESIAN_POINT ( 'NONE',  ( 1.922816040256440040, -1.551945271034630203, 1.524958015046800064 ) ) ;
#6388 = DIRECTION ( 'NONE',  ( 0.000000000000000000, 0.000000000000000000, -1.000000000000000000 ) ) ;
#6389 = CARTESIAN_POINT ( 'NONE',  ( 2.350000000000000089, -1.466061860831830099, 0.000000000000000000 ) ) ;
#6390 = CARTESIAN_POINT ( 'NONE',  ( -1.135441809735770136, 1.517608363321570009, 1.892038733626690172 ) ) ;
#6391 = DIRECTION ( 'NONE',  ( 1.000000000000000000, 0.000000000000000000, 0.000000000000000000 ) ) ;
#6392 = DIRECTION ( 'NONE',  ( 0.000000000000000000, 0.000000000000000000, -1.000000000000000000 ) ) ;
#6393 = ORIENTED_EDGE ( 'NONE', *, *, #3264, .F. ) ;
#6394 = ORIENTED_EDGE ( 'NONE', *, *, #446, .F. ) ;
#6395 = PLANE ( 'NONE',  #137 ) ;
#6396 = LINE ( 'NONE', #431, #5414 ) ;
#6397 = LINE ( 'NONE', #4508, #3181 ) ;
#6398 = VERTEX_POINT ( 'NONE', #82 ) ;
#6399 = DIRECTION ( 'NONE',  ( -6.123031769111888756E-17, -1.000000000000000000, 0.000000000000000000 ) ) ;
#6400 =( NAMED_UNIT ( * ) SI_UNIT ( $, .STERADIAN. ) SOLID_ANGLE_UNIT ( ) );
#6401 = ADVANCED_FACE ( 'NONE', ( #1035 ), #4991, .T. ) ;
#6402 = ORIENTED_EDGE ( 'NONE', *, *, #4641, .T. ) ;
#6403 = CYLINDRICAL_SURFACE ( 'NONE', #6228, 0.1743116558491779877 ) ;
#6404 = DIRECTION ( 'NONE',  ( 1.000000000000000000, 0.000000000000000000, 0.000000000000000000 ) ) ;
#6405 = EDGE_LOOP ( 'NONE', ( #1611, #783, #3503, #2437, #2029, #1531, #1105, #3603 ) ) ;
#6406 = LINE ( 'NONE', #5388, #1881 ) ;
#6407 = FACE_OUTER_BOUND ( 'NONE', #1289, .T. ) ;
#6408 = DIRECTION ( 'NONE',  ( -6.123031769111888756E-17, -1.000000000000000000, 0.000000000000000000 ) ) ;
#6409 =( LENGTH_UNIT ( ) NAMED_UNIT ( * ) SI_UNIT ( .MILLI., .METRE. ) );
#6410 = CARTESIAN_POINT ( 'NONE',  ( -1.135441809735770136, 1.732498726640149922, 0.9360832168907079476 ) ) ;
#6411 = ORIENTED_EDGE ( 'NONE', *, *, #4512, .F. ) ;
#6412 = VERTEX_POINT ( 'NONE', #2090 ) ;
#6413 = CARTESIAN_POINT ( 'NONE',  ( -1.198636379818660114, 1.750000000000000000, 0.9912762577585830792 ) ) ;
#6414 = EDGE_CURVE ( 'NONE', #252, #5247, #5243, .T. ) ;
#6415 =( GEOMETRIC_REPRESENTATION_CONTEXT ( 3 ) GLOBAL_UNCERTAINTY_ASSIGNED_CONTEXT ( ( #2753 ) ) GLOBAL_UNIT_ASSIGNED_CONTEXT ( ( #393, #2391, #2776 ) ) REPRESENTATION_CONTEXT ( 'NONE', 'WORKASPACE' ) );
#6416 = EDGE_CURVE ( 'NONE', #2370, #5247, #2126, .T. ) ;
#6417 = CARTESIAN_POINT ( 'NONE',  ( 1.244408477699840088, -1.632498726640150055, 1.570000000000000062 ) ) ;
#6418 = SURFACE_STYLE_FILL_AREA ( #2855 ) ;
#6419 = CARTESIAN_POINT ( 'NONE',  ( 1.198636379818660114, 1.750000000000000000, 0.9912762577585830792 ) ) ;
#6420 = LINE ( 'NONE', #993, #2364 ) ;
#6421 = STYLED_ITEM ( 'NONE', ( #4704 ), #1456 ) ;
#6422 = CARTESIAN_POINT ( 'NONE',  ( 0.4502168081889539875, 0.9018052454393200579, 1.670000000000000151 ) ) ;
#6423 = EDGE_LOOP ( 'NONE', ( #4726, #4546, #1922, #2455 ) ) ;
#6424 = EDGE_CURVE ( 'NONE', #3266, #4681, #4954, .T. ) ;
#6425 = COLOUR_RGB ( '',0.2000000000000000111, 0.2000000000000000111, 0.2000000000000000111 ) ;
#6426 = EDGE_LOOP ( 'NONE', ( #5166, #4193, #6033, #4133 ) ) ;
#6427 = CARTESIAN_POINT ( 'NONE',  ( -1.279333081627950008, 1.473734927972049968, 0.08104293853427260719 ) ) ;
#6428 = FILL_AREA_STYLE_COLOUR ( '', #2006 ) ;
#6429 = EDGE_LOOP ( 'NONE', ( #4042, #3759, #3290, #6257 ) ) ;
#6430 = CARTESIAN_POINT ( 'NONE',  ( 1.774318189909330101, -1.629831873627560102, 1.524958015046800064 ) ) ;
#6431 = DIRECTION ( 'NONE',  ( 0.000000000000000000, 0.000000000000000000, 1.000000000000000000 ) ) ;
#6432 = VECTOR ( 'NONE', #2491, 999.9999999999998863 ) ;
#6433 = DIRECTION ( 'NONE',  ( 0.000000000000000000, 1.000000000000000000, 0.000000000000000000 ) ) ;
#6434 = AXIS2_PLACEMENT_3D ( 'NONE', #5564, #604, #1672 ) ;
#6435 = ORIENTED_EDGE ( 'NONE', *, *, #3235, .T. ) ;
#6436 = ORIENTED_EDGE ( 'NONE', *, *, #4342, .F. ) ;
#6437 = CARTESIAN_POINT ( 'NONE',  ( 0.3018065944804309009, -1.350000000000000089, 0.000000000000000000 ) ) ;
#6438 = COLOUR_RGB ( '',0.2000000000000000111, 0.2000000000000000111, 0.2000000000000000111 ) ;
#6439 = CARTESIAN_POINT ( 'NONE',  ( 1.194532035297049877, 1.732498726640149922, 1.892038733626690172 ) ) ;
#6440 = DIRECTION ( 'NONE',  ( 3.124171273918740215E-16, 1.000000000000000000, 0.000000000000000000 ) ) ;
#6441 = PLANE ( 'NONE',  #3395 ) ;
#6442 = CARTESIAN_POINT ( 'NONE',  ( 1.067585657234540131, -1.554687120496410113, 1.670000000000000151 ) ) ;
#6443 = ORIENTED_EDGE ( 'NONE', *, *, #2603, .F. ) ;
#6444 = ORIENTED_EDGE ( 'NONE', *, *, #258, .F. ) ;
#6445 = DIRECTION ( 'NONE',  ( 1.000000000000000000, 0.000000000000000000, 0.000000000000000000 ) ) ;
#6446 = VECTOR ( 'NONE', #3730, 1000.000000000000000 ) ;
#6447 = SURFACE_SIDE_STYLE ('',( #5872 ) ) ;
#6448 = SURFACE_STYLE_USAGE ( .BOTH. , #5399 ) ;
#6449 = LINE ( 'NONE', #1527, #3394 ) ;
#6450 = LINE ( 'NONE', #5901, #6324 ) ;
#6451 = VECTOR ( 'NONE', #2728, 1000.000000000000000 ) ;
#6452 = ORIENTED_EDGE ( 'NONE', *, *, #2796, .F. ) ;
#6453 = EDGE_CURVE ( 'NONE', #1207, #3917, #2016, .T. ) ;
ENDSEC;
END-ISO-10303-21;
